[2026-08-25T10:47:23.279+0000] {manager.py:469} INFO - Processing files using up to 2 processes at a time 
[2026-08-25T10:47:23.280+0000] {manager.py:470} INFO - Process each file at most once every 30 seconds
[2026-08-25T10:47:23.281+0000] {manager.py:471} INFO - Checking for new files in /opt/airflow/dags every 30 seconds
[2026-08-25T10:47:23.283+0000] {manager.py:738} INFO - Searching for files in /opt/airflow/dags
[2026-08-25T10:47:23.286+0000] {manager.py:741} INFO - There are 1 files in /opt/airflow/dags
[2026-08-25T10:47:23.416+0000] {manager.py:879} INFO - 
================================================================================
DAG File Processing Stats

File Path                                   PID  Runtime      # DAGs    # Errors  Last Runtime    Last Run
----------------------------------------  -----  ---------  --------  ----------  --------------  ----------
/opt/airflow/dags/setup_pagila_sakila.py    205  0.05s             0           0
================================================================================
[2026-08-25T10:47:53.544+0000] {manager.py:738} INFO - Searching for files in /opt/airflow/dags
[2026-08-25T10:47:53.546+0000] {manager.py:741} INFO - There are 1 files in /opt/airflow/dags
[2026-08-25T10:47:53.566+0000] {manager.py:879} INFO - 
================================================================================
DAG File Processing Stats

File Path                                   PID  Runtime      # DAGs    # Errors  Last Runtime    Last Run
----------------------------------------  -----  ---------  --------  ----------  --------------  -------------------
/opt/airflow/dags/setup_pagila_sakila.py    210  0.01s             1           0  0.15s           2026-08-25T10:47:23
================================================================================
[2026-08-25T10:48:23.738+0000] {manager.py:738} INFO - Searching for files in /opt/airflow/dags
[2026-08-25T10:48:23.740+0000] {manager.py:741} INFO - There are 1 files in /opt/airflow/dags
[2026-08-25T10:48:23.748+0000] {manager.py:879} INFO - 
================================================================================
DAG File Processing Stats

File Path                                 PID    Runtime      # DAGs    # Errors  Last Runtime    Last Run
----------------------------------------  -----  ---------  --------  ----------  --------------  -------------------
/opt/airflow/dags/setup_pagila_sakila.py                           1           0  0.23s           2026-08-25T10:47:53
================================================================================
[2026-08-25T10:48:54.023+0000] {manager.py:738} INFO - Searching for files in /opt/airflow/dags
[2026-08-25T10:48:54.028+0000] {manager.py:741} INFO - There are 1 files in /opt/airflow/dags
[2026-08-25T10:48:54.059+0000] {manager.py:879} INFO - 
================================================================================
DAG File Processing Stats

File Path                                   PID  Runtime      # DAGs    # Errors  Last Runtime    Last Run
----------------------------------------  -----  ---------  --------  ----------  --------------  -------------------
/opt/airflow/dags/setup_pagila_sakila.py    220  0.01s             1           0  0.12s           2026-08-25T10:48:24
================================================================================
[2026-08-25T10:49:24.248+0000] {manager.py:738} INFO - Searching for files in /opt/airflow/dags
[2026-08-25T10:49:24.251+0000] {manager.py:741} INFO - There are 1 files in /opt/airflow/dags
[2026-08-25T10:49:24.259+0000] {manager.py:879} INFO - 
================================================================================
DAG File Processing Stats

File Path                                 PID    Runtime      # DAGs    # Errors  Last Runtime    Last Run
----------------------------------------  -----  ---------  --------  ----------  --------------  -------------------
/opt/airflow/dags/setup_pagila_sakila.py                           1           0  0.45s           2026-08-25T10:48:54
================================================================================
[2026-08-25T10:49:54.735+0000] {manager.py:738} INFO - Searching for files in /opt/airflow/dags
[2026-08-25T10:49:54.738+0000] {manager.py:741} INFO - There are 1 files in /opt/airflow/dags
[2026-08-25T10:49:54.746+0000] {manager.py:879} INFO - 
================================================================================
DAG File Processing Stats

File Path                                 PID    Runtime      # DAGs    # Errors  Last Runtime    Last Run
----------------------------------------  -----  ---------  --------  ----------  --------------  -------------------
/opt/airflow/dags/setup_pagila_sakila.py                           1           0  0.22s           2026-08-25T10:49:24
================================================================================
[2026-08-25T10:50:25.096+0000] {manager.py:738} INFO - Searching for files in /opt/airflow/dags
[2026-08-25T10:50:25.099+0000] {manager.py:741} INFO - There are 1 files in /opt/airflow/dags
[2026-08-25T10:50:25.117+0000] {manager.py:879} INFO - 
================================================================================
DAG File Processing Stats

File Path                                   PID  Runtime      # DAGs    # Errors  Last Runtime    Last Run
----------------------------------------  -----  ---------  --------  ----------  --------------  -------------------
/opt/airflow/dags/setup_pagila_sakila.py    235  0.00s             1           0  0.13s           2026-08-25T10:49:55
================================================================================
[2026-08-25T10:50:55.328+0000] {manager.py:738} INFO - Searching for files in /opt/airflow/dags
[2026-08-25T10:50:55.330+0000] {manager.py:741} INFO - There are 1 files in /opt/airflow/dags
[2026-08-25T10:50:55.346+0000] {manager.py:879} INFO - 
================================================================================
DAG File Processing Stats

File Path                                   PID  Runtime      # DAGs    # Errors  Last Runtime    Last Run
----------------------------------------  -----  ---------  --------  ----------  --------------  -------------------
/opt/airflow/dags/setup_pagila_sakila.py    240  0.00s             1           0  0.12s           2026-08-25T10:50:25
================================================================================
[2026-08-25T10:51:25.495+0000] {manager.py:738} INFO - Searching for files in /opt/airflow/dags
[2026-08-25T10:51:25.496+0000] {manager.py:741} INFO - There are 1 files in /opt/airflow/dags
[2026-08-25T10:51:25.509+0000] {manager.py:879} INFO - 
================================================================================
DAG File Processing Stats

File Path                                   PID  Runtime      # DAGs    # Errors  Last Runtime    Last Run
----------------------------------------  -----  ---------  --------  ----------  --------------  -------------------
/opt/airflow/dags/setup_pagila_sakila.py    245  0.00s             1           0  0.12s           2026-08-25T10:50:55
================================================================================
[2026-08-25T10:51:55.706+0000] {manager.py:738} INFO - Searching for files in /opt/airflow/dags
[2026-08-25T10:51:55.708+0000] {manager.py:741} INFO - There are 1 files in /opt/airflow/dags
[2026-08-25T10:51:55.721+0000] {manager.py:879} INFO - 
================================================================================
DAG File Processing Stats

File Path                                   PID  Runtime      # DAGs    # Errors  Last Runtime    Last Run
----------------------------------------  -----  ---------  --------  ----------  --------------  -------------------
/opt/airflow/dags/setup_pagila_sakila.py    250  0.00s             1           0  0.11s           2026-08-25T10:51:25
================================================================================
[2026-08-25T10:52:25.870+0000] {manager.py:738} INFO - Searching for files in /opt/airflow/dags
[2026-08-25T10:52:25.874+0000] {manager.py:741} INFO - There are 1 files in /opt/airflow/dags
[2026-08-25T10:52:25.907+0000] {manager.py:879} INFO - 
================================================================================
DAG File Processing Stats

File Path                                   PID  Runtime      # DAGs    # Errors  Last Runtime    Last Run
----------------------------------------  -----  ---------  --------  ----------  --------------  -------------------
/opt/airflow/dags/setup_pagila_sakila.py    255  0.01s             1           0  0.10s           2026-08-25T10:51:55
================================================================================
[2026-08-25T10:52:56.062+0000] {manager.py:738} INFO - Searching for files in /opt/airflow/dags
[2026-08-25T10:52:56.064+0000] {manager.py:741} INFO - There are 1 files in /opt/airflow/dags
[2026-08-25T10:52:56.082+0000] {manager.py:879} INFO - 
================================================================================
DAG File Processing Stats

File Path                                   PID  Runtime      # DAGs    # Errors  Last Runtime    Last Run
----------------------------------------  -----  ---------  --------  ----------  --------------  -------------------
/opt/airflow/dags/setup_pagila_sakila.py    260  0.00s             1           0  0.16s           2026-08-25T10:52:26
================================================================================
[2026-08-25T10:53:26.273+0000] {manager.py:738} INFO - Searching for files in /opt/airflow/dags
[2026-08-25T10:53:26.275+0000] {manager.py:741} INFO - There are 1 files in /opt/airflow/dags
[2026-08-25T10:53:26.290+0000] {manager.py:879} INFO - 
================================================================================
DAG File Processing Stats

File Path                                   PID  Runtime      # DAGs    # Errors  Last Runtime    Last Run
----------------------------------------  -----  ---------  --------  ----------  --------------  -------------------
/opt/airflow/dags/setup_pagila_sakila.py    265  0.00s             1           0  0.17s           2026-08-25T10:52:56
================================================================================
[2026-08-25T10:53:56.464+0000] {manager.py:738} INFO - Searching for files in /opt/airflow/dags
[2026-08-25T10:53:56.465+0000] {manager.py:741} INFO - There are 1 files in /opt/airflow/dags
[2026-08-25T10:53:56.479+0000] {manager.py:879} INFO - 
================================================================================
DAG File Processing Stats

File Path                                   PID  Runtime      # DAGs    # Errors  Last Runtime    Last Run
----------------------------------------  -----  ---------  --------  ----------  --------------  -------------------
/opt/airflow/dags/setup_pagila_sakila.py    270  0.00s             1           0  0.12s           2026-08-25T10:53:26
================================================================================
[2026-08-25T10:54:26.626+0000] {manager.py:738} INFO - Searching for files in /opt/airflow/dags
[2026-08-25T10:54:26.627+0000] {manager.py:741} INFO - There are 1 files in /opt/airflow/dags
[2026-08-25T10:54:26.641+0000] {manager.py:879} INFO - 
================================================================================
DAG File Processing Stats

File Path                                   PID  Runtime      # DAGs    # Errors  Last Runtime    Last Run
----------------------------------------  -----  ---------  --------  ----------  --------------  -------------------
/opt/airflow/dags/setup_pagila_sakila.py    275  0.00s             1           0  0.11s           2026-08-25T10:53:56
================================================================================
[2026-08-25T10:54:56.832+0000] {manager.py:738} INFO - Searching for files in /opt/airflow/dags
[2026-08-25T10:54:56.838+0000] {manager.py:741} INFO - There are 1 files in /opt/airflow/dags
[2026-08-25T10:54:56.866+0000] {manager.py:879} INFO - 
================================================================================
DAG File Processing Stats

File Path                                   PID  Runtime      # DAGs    # Errors  Last Runtime    Last Run
----------------------------------------  -----  ---------  --------  ----------  --------------  -------------------
/opt/airflow/dags/setup_pagila_sakila.py    280  0.01s             1           0  0.10s           2026-08-25T10:54:26
================================================================================
[2026-08-25T10:55:26.999+0000] {manager.py:738} INFO - Searching for files in /opt/airflow/dags
[2026-08-25T10:55:27.000+0000] {manager.py:741} INFO - There are 1 files in /opt/airflow/dags
[2026-08-25T10:55:27.017+0000] {manager.py:879} INFO - 
================================================================================
DAG File Processing Stats

File Path                                   PID  Runtime      # DAGs    # Errors  Last Runtime    Last Run
----------------------------------------  -----  ---------  --------  ----------  --------------  -------------------
/opt/airflow/dags/setup_pagila_sakila.py    285  0.00s             1           0  0.11s           2026-08-25T10:54:56
================================================================================
[2026-08-25T10:55:57.214+0000] {manager.py:738} INFO - Searching for files in /opt/airflow/dags
[2026-08-25T10:55:57.221+0000] {manager.py:741} INFO - There are 1 files in /opt/airflow/dags
[2026-08-25T10:55:57.236+0000] {manager.py:879} INFO - 
================================================================================
DAG File Processing Stats

File Path                                   PID  Runtime      # DAGs    # Errors  Last Runtime    Last Run
----------------------------------------  -----  ---------  --------  ----------  --------------  -------------------
/opt/airflow/dags/setup_pagila_sakila.py    290  0.00s             1           0  0.12s           2026-08-25T10:55:27
================================================================================
[2026-08-25T10:56:27.397+0000] {manager.py:738} INFO - Searching for files in /opt/airflow/dags
[2026-08-25T10:56:27.398+0000] {manager.py:741} INFO - There are 1 files in /opt/airflow/dags
[2026-08-25T10:56:27.411+0000] {manager.py:879} INFO - 
================================================================================
DAG File Processing Stats

File Path                                   PID  Runtime      # DAGs    # Errors  Last Runtime    Last Run
----------------------------------------  -----  ---------  --------  ----------  --------------  -------------------
/opt/airflow/dags/setup_pagila_sakila.py    295  0.00s             1           0  0.11s           2026-08-25T10:55:57
================================================================================
[2026-08-25T10:56:57.608+0000] {manager.py:738} INFO - Searching for files in /opt/airflow/dags
[2026-08-25T10:56:57.614+0000] {manager.py:741} INFO - There are 1 files in /opt/airflow/dags
[2026-08-25T10:56:57.635+0000] {manager.py:879} INFO - 
================================================================================
DAG File Processing Stats

File Path                                   PID  Runtime      # DAGs    # Errors  Last Runtime    Last Run
----------------------------------------  -----  ---------  --------  ----------  --------------  -------------------
/opt/airflow/dags/setup_pagila_sakila.py    300  0.00s             1           0  0.12s           2026-08-25T10:56:27
================================================================================
[2026-08-25T10:57:27.786+0000] {manager.py:738} INFO - Searching for files in /opt/airflow/dags
[2026-08-25T10:57:27.788+0000] {manager.py:741} INFO - There are 1 files in /opt/airflow/dags
[2026-08-25T10:57:27.807+0000] {manager.py:879} INFO - 
================================================================================
DAG File Processing Stats

File Path                                   PID  Runtime      # DAGs    # Errors  Last Runtime    Last Run
----------------------------------------  -----  ---------  --------  ----------  --------------  -------------------
/opt/airflow/dags/setup_pagila_sakila.py    305  0.01s             1           0  0.11s           2026-08-25T10:56:57
================================================================================
[2026-08-25T10:57:57.978+0000] {manager.py:738} INFO - Searching for files in /opt/airflow/dags
[2026-08-25T10:57:57.980+0000] {manager.py:741} INFO - There are 1 files in /opt/airflow/dags
[2026-08-25T10:57:57.998+0000] {manager.py:879} INFO - 
================================================================================
DAG File Processing Stats

File Path                                   PID  Runtime      # DAGs    # Errors  Last Runtime    Last Run
----------------------------------------  -----  ---------  --------  ----------  --------------  -------------------
/opt/airflow/dags/setup_pagila_sakila.py    310  0.00s             1           0  0.13s           2026-08-25T10:57:27
================================================================================
[2026-08-25T10:58:28.172+0000] {manager.py:738} INFO - Searching for files in /opt/airflow/dags
[2026-08-25T10:58:28.176+0000] {manager.py:741} INFO - There are 1 files in /opt/airflow/dags
[2026-08-25T10:58:28.193+0000] {manager.py:879} INFO - 
================================================================================
DAG File Processing Stats

File Path                                   PID  Runtime      # DAGs    # Errors  Last Runtime    Last Run
----------------------------------------  -----  ---------  --------  ----------  --------------  -------------------
/opt/airflow/dags/setup_pagila_sakila.py    315  0.00s             1           0  0.15s           2026-08-25T10:57:58
================================================================================
[2026-08-25T10:58:58.418+0000] {manager.py:738} INFO - Searching for files in /opt/airflow/dags
[2026-08-25T10:58:58.430+0000] {manager.py:741} INFO - There are 1 files in /opt/airflow/dags
[2026-08-25T10:58:58.447+0000] {manager.py:879} INFO - 
================================================================================
DAG File Processing Stats

File Path                                 PID    Runtime      # DAGs    # Errors  Last Runtime    Last Run
----------------------------------------  -----  ---------  --------  ----------  --------------  -------------------
/opt/airflow/dags/setup_pagila_sakila.py                           1           0  0.30s           2026-08-25T10:58:28
================================================================================
[2026-08-25T10:59:28.719+0000] {manager.py:738} INFO - Searching for files in /opt/airflow/dags
[2026-08-25T10:59:28.725+0000] {manager.py:741} INFO - There are 1 files in /opt/airflow/dags
[2026-08-25T10:59:28.736+0000] {manager.py:879} INFO - 
================================================================================
DAG File Processing Stats

File Path                                 PID    Runtime      # DAGs    # Errors  Last Runtime    Last Run
----------------------------------------  -----  ---------  --------  ----------  --------------  -------------------
/opt/airflow/dags/setup_pagila_sakila.py                           1           0  0.15s           2026-08-25T10:58:58
================================================================================
[2026-08-25T10:59:58.985+0000] {manager.py:738} INFO - Searching for files in /opt/airflow/dags
[2026-08-25T10:59:58.988+0000] {manager.py:741} INFO - There are 1 files in /opt/airflow/dags
[2026-08-25T10:59:58.998+0000] {manager.py:879} INFO - 
================================================================================
DAG File Processing Stats

File Path                                 PID    Runtime      # DAGs    # Errors  Last Runtime    Last Run
----------------------------------------  -----  ---------  --------  ----------  --------------  -------------------
/opt/airflow/dags/setup_pagila_sakila.py                           1           0  0.24s           2026-08-25T10:59:29
================================================================================
[2026-08-25T11:00:29.385+0000] {manager.py:738} INFO - Searching for files in /opt/airflow/dags
[2026-08-25T11:00:29.386+0000] {manager.py:741} INFO - There are 1 files in /opt/airflow/dags
[2026-08-25T11:00:29.400+0000] {manager.py:879} INFO - 
================================================================================
DAG File Processing Stats

File Path                                   PID  Runtime      # DAGs    # Errors  Last Runtime    Last Run
----------------------------------------  -----  ---------  --------  ----------  --------------  -------------------
/opt/airflow/dags/setup_pagila_sakila.py    335  0.00s             1           0  0.13s           2026-08-25T10:59:59
================================================================================
[2026-08-25T11:00:59.662+0000] {manager.py:738} INFO - Searching for files in /opt/airflow/dags
[2026-08-25T11:00:59.664+0000] {manager.py:741} INFO - There are 1 files in /opt/airflow/dags
[2026-08-25T11:00:59.678+0000] {manager.py:879} INFO - 
================================================================================
DAG File Processing Stats

File Path                                   PID  Runtime      # DAGs    # Errors  Last Runtime    Last Run
----------------------------------------  -----  ---------  --------  ----------  --------------  -------------------
/opt/airflow/dags/setup_pagila_sakila.py    340  0.00s             1           0  0.11s           2026-08-25T11:00:29
================================================================================
[2026-08-25T11:01:29.874+0000] {manager.py:738} INFO - Searching for files in /opt/airflow/dags
[2026-08-25T11:01:29.879+0000] {manager.py:741} INFO - There are 1 files in /opt/airflow/dags
[2026-08-25T11:01:29.913+0000] {manager.py:879} INFO - 
================================================================================
DAG File Processing Stats

File Path                                   PID  Runtime      # DAGs    # Errors  Last Runtime    Last Run
----------------------------------------  -----  ---------  --------  ----------  --------------  -------------------
/opt/airflow/dags/setup_pagila_sakila.py    345  0.01s             1           0  0.10s           2026-08-25T11:00:59
================================================================================
[2026-08-25T11:02:00.081+0000] {manager.py:738} INFO - Searching for files in /opt/airflow/dags
[2026-08-25T11:02:00.082+0000] {manager.py:741} INFO - There are 1 files in /opt/airflow/dags
[2026-08-25T11:02:00.095+0000] {manager.py:879} INFO - 
================================================================================
DAG File Processing Stats

File Path                                   PID  Runtime      # DAGs    # Errors  Last Runtime    Last Run
----------------------------------------  -----  ---------  --------  ----------  --------------  -------------------
/opt/airflow/dags/setup_pagila_sakila.py    350  0.00s             1           0  0.12s           2026-08-25T11:01:30
================================================================================
[2026-08-25T11:02:30.336+0000] {manager.py:738} INFO - Searching for files in /opt/airflow/dags
[2026-08-25T11:02:30.340+0000] {manager.py:741} INFO - There are 1 files in /opt/airflow/dags
[2026-08-25T11:02:30.367+0000] {manager.py:879} INFO - 
================================================================================
DAG File Processing Stats

File Path                                   PID  Runtime      # DAGs    # Errors  Last Runtime    Last Run
----------------------------------------  -----  ---------  --------  ----------  --------------  -------------------
/opt/airflow/dags/setup_pagila_sakila.py    355  0.01s             1           0  0.11s           2026-08-25T11:02:00
================================================================================
[2026-08-25T11:03:00.525+0000] {manager.py:738} INFO - Searching for files in /opt/airflow/dags
[2026-08-25T11:03:00.526+0000] {manager.py:741} INFO - There are 1 files in /opt/airflow/dags
[2026-08-25T11:03:00.543+0000] {manager.py:879} INFO - 
================================================================================
DAG File Processing Stats

File Path                                   PID  Runtime      # DAGs    # Errors  Last Runtime    Last Run
----------------------------------------  -----  ---------  --------  ----------  --------------  -------------------
/opt/airflow/dags/setup_pagila_sakila.py    360  0.00s             1           0  0.11s           2026-08-25T11:02:30
================================================================================
[2026-08-25T11:03:30.726+0000] {manager.py:738} INFO - Searching for files in /opt/airflow/dags
[2026-08-25T11:03:30.728+0000] {manager.py:741} INFO - There are 1 files in /opt/airflow/dags
[2026-08-25T11:03:30.741+0000] {manager.py:879} INFO - 
================================================================================
DAG File Processing Stats

File Path                                   PID  Runtime      # DAGs    # Errors  Last Runtime    Last Run
----------------------------------------  -----  ---------  --------  ----------  --------------  -------------------
/opt/airflow/dags/setup_pagila_sakila.py    365  0.00s             1           0  0.11s           2026-08-25T11:03:00
================================================================================
[2026-08-25T11:04:00.882+0000] {manager.py:738} INFO - Searching for files in /opt/airflow/dags
[2026-08-25T11:04:00.884+0000] {manager.py:741} INFO - There are 1 files in /opt/airflow/dags
[2026-08-25T11:04:00.898+0000] {manager.py:879} INFO - 
================================================================================
DAG File Processing Stats

File Path                                   PID  Runtime      # DAGs    # Errors  Last Runtime    Last Run
----------------------------------------  -----  ---------  --------  ----------  --------------  -------------------
/opt/airflow/dags/setup_pagila_sakila.py    370  0.00s             1           0  0.10s           2026-08-25T11:03:30
================================================================================
[2026-08-25T11:04:31.080+0000] {manager.py:738} INFO - Searching for files in /opt/airflow/dags
[2026-08-25T11:04:31.082+0000] {manager.py:741} INFO - There are 1 files in /opt/airflow/dags
[2026-08-25T11:04:31.097+0000] {manager.py:879} INFO - 
================================================================================
DAG File Processing Stats

File Path                                   PID  Runtime      # DAGs    # Errors  Last Runtime    Last Run
----------------------------------------  -----  ---------  --------  ----------  --------------  -------------------
/opt/airflow/dags/setup_pagila_sakila.py    375  0.00s             1           0  0.11s           2026-08-25T11:04:01
================================================================================
[2026-08-25T11:05:01.326+0000] {manager.py:738} INFO - Searching for files in /opt/airflow/dags
[2026-08-25T11:05:01.327+0000] {manager.py:741} INFO - There are 1 files in /opt/airflow/dags
[2026-08-25T11:05:01.341+0000] {manager.py:879} INFO - 
================================================================================
DAG File Processing Stats

File Path                                   PID  Runtime      # DAGs    # Errors  Last Runtime    Last Run
----------------------------------------  -----  ---------  --------  ----------  --------------  -------------------
/opt/airflow/dags/setup_pagila_sakila.py    380  0.00s             1           0  0.12s           2026-08-25T11:04:31
================================================================================
[2026-08-25T11:05:31.493+0000] {manager.py:738} INFO - Searching for files in /opt/airflow/dags
[2026-08-25T11:05:31.495+0000] {manager.py:741} INFO - There are 1 files in /opt/airflow/dags
[2026-08-25T11:05:31.512+0000] {manager.py:879} INFO - 
================================================================================
DAG File Processing Stats

File Path                                   PID  Runtime      # DAGs    # Errors  Last Runtime    Last Run
----------------------------------------  -----  ---------  --------  ----------  --------------  -------------------
/opt/airflow/dags/setup_pagila_sakila.py    385  0.00s             1           0  0.10s           2026-08-25T11:05:01
================================================================================
[2026-08-25T11:06:01.701+0000] {manager.py:738} INFO - Searching for files in /opt/airflow/dags
[2026-08-25T11:06:01.703+0000] {manager.py:741} INFO - There are 1 files in /opt/airflow/dags
[2026-08-25T11:06:01.716+0000] {manager.py:879} INFO - 
================================================================================
DAG File Processing Stats

File Path                                   PID  Runtime      # DAGs    # Errors  Last Runtime    Last Run
----------------------------------------  -----  ---------  --------  ----------  --------------  -------------------
/opt/airflow/dags/setup_pagila_sakila.py    390  0.00s             1           0  0.11s           2026-08-25T11:05:31
================================================================================
[2026-08-25T11:06:31.857+0000] {manager.py:738} INFO - Searching for files in /opt/airflow/dags
[2026-08-25T11:06:31.858+0000] {manager.py:741} INFO - There are 1 files in /opt/airflow/dags
[2026-08-25T11:06:31.872+0000] {manager.py:879} INFO - 
================================================================================
DAG File Processing Stats

File Path                                   PID  Runtime      # DAGs    # Errors  Last Runtime    Last Run
----------------------------------------  -----  ---------  --------  ----------  --------------  -------------------
/opt/airflow/dags/setup_pagila_sakila.py    395  0.00s             1           0  0.11s           2026-08-25T11:06:01
================================================================================
[2026-08-25T11:07:02.054+0000] {manager.py:738} INFO - Searching for files in /opt/airflow/dags
[2026-08-25T11:07:02.055+0000] {manager.py:741} INFO - There are 1 files in /opt/airflow/dags
[2026-08-25T11:07:02.069+0000] {manager.py:879} INFO - 
================================================================================
DAG File Processing Stats

File Path                                   PID  Runtime      # DAGs    # Errors  Last Runtime    Last Run
----------------------------------------  -----  ---------  --------  ----------  --------------  -------------------
/opt/airflow/dags/setup_pagila_sakila.py    400  0.00s             1           0  0.11s           2026-08-25T11:06:31
================================================================================
[2026-08-25T11:07:32.074+0000] {manager.py:738} INFO - Searching for files in /opt/airflow/dags
[2026-08-25T11:07:32.116+0000] {manager.py:741} INFO - There are 1 files in /opt/airflow/dags
[2026-08-25T11:07:32.604+0000] {manager.py:879} INFO - 
================================================================================
DAG File Processing Stats

File Path                                   PID  Runtime      # DAGs    # Errors  Last Runtime    Last Run
----------------------------------------  -----  ---------  --------  ----------  --------------  -------------------
/opt/airflow/dags/setup_pagila_sakila.py    405  0.09s             1           0  0.11s           2026-08-25T11:07:02
================================================================================
[2026-08-25T11:08:03.805+0000] {manager.py:738} INFO - Searching for files in /opt/airflow/dags
[2026-08-25T11:08:03.834+0000] {manager.py:741} INFO - There are 1 files in /opt/airflow/dags
[2026-08-25T11:08:04.712+0000] {manager.py:879} INFO - 
================================================================================
DAG File Processing Stats

File Path                                   PID  Runtime      # DAGs    # Errors  Last Runtime    Last Run
----------------------------------------  -----  ---------  --------  ----------  --------------  -------------------
/opt/airflow/dags/setup_pagila_sakila.py    405  32.30s            1           0  0.11s           2026-08-25T11:07:02
================================================================================
[2026-08-25T11:08:23.713+0000] {manager.py:1201} ERROR - Processor for /opt/airflow/dags/setup_pagila_sakila.py with PID 405 started at 2026-08-25T11:07:32.406877+00:00 has timed out, killing it.
[2026-08-25T11:08:36.066+0000] {manager.py:738} INFO - Searching for files in /opt/airflow/dags
[2026-08-25T11:08:36.164+0000] {manager.py:741} INFO - There are 1 files in /opt/airflow/dags
[2026-08-25T11:08:36.393+0000] {manager.py:879} INFO - 
================================================================================
DAG File Processing Stats

File Path                                 PID    Runtime      # DAGs    # Errors  Last Runtime    Last Run
----------------------------------------  -----  ---------  --------  ----------  --------------  -------------------
/opt/airflow/dags/setup_pagila_sakila.py                           0           1  51.31s          2026-08-25T11:08:23
================================================================================
[2026-08-25T11:09:08.201+0000] {manager.py:738} INFO - Searching for files in /opt/airflow/dags
[2026-08-25T11:09:08.253+0000] {manager.py:741} INFO - There are 1 files in /opt/airflow/dags
[2026-08-25T11:09:08.599+0000] {manager.py:879} INFO - 
================================================================================
DAG File Processing Stats

File Path                                   PID  Runtime      # DAGs    # Errors  Last Runtime    Last Run
----------------------------------------  -----  ---------  --------  ----------  --------------  -------------------
/opt/airflow/dags/setup_pagila_sakila.py    408  12.53s            0           1  51.31s          2026-08-25T11:08:23
================================================================================
[2026-08-25T11:09:40.150+0000] {manager.py:738} INFO - Searching for files in /opt/airflow/dags
[2026-08-25T11:09:40.243+0000] {manager.py:741} INFO - There are 1 files in /opt/airflow/dags
[2026-08-25T11:09:40.514+0000] {manager.py:879} INFO - 
================================================================================
DAG File Processing Stats

File Path                                   PID  Runtime      # DAGs    # Errors  Last Runtime    Last Run
----------------------------------------  -----  ---------  --------  ----------  --------------  -------------------
/opt/airflow/dags/setup_pagila_sakila.py    408  44.46s            0           1  51.31s          2026-08-25T11:08:23
================================================================================
[2026-08-25T11:09:44.368+0000] {manager.py:1017} ERROR - Processor for /opt/airflow/dags/setup_pagila_sakila.py exited with return code 1.
[2026-08-25T11:10:12.525+0000] {manager.py:738} INFO - Searching for files in /opt/airflow/dags
[2026-08-25T11:10:12.599+0000] {manager.py:741} INFO - There are 1 files in /opt/airflow/dags
[2026-08-25T11:10:12.797+0000] {manager.py:879} INFO - 
================================================================================
DAG File Processing Stats

File Path                                 PID    Runtime      # DAGs    # Errors  Last Runtime    Last Run
----------------------------------------  -----  ---------  --------  ----------  --------------  -------------------
/opt/airflow/dags/setup_pagila_sakila.py                           0          -1  48.30s          2026-08-25T11:09:44
================================================================================
[2026-08-25T11:10:44.792+0000] {manager.py:738} INFO - Searching for files in /opt/airflow/dags
[2026-08-25T11:10:44.847+0000] {manager.py:741} INFO - There are 1 files in /opt/airflow/dags
[2026-08-25T11:10:45.500+0000] {manager.py:879} INFO - 
================================================================================
DAG File Processing Stats

File Path                                   PID  Runtime      # DAGs    # Errors  Last Runtime    Last Run
----------------------------------------  -----  ---------  --------  ----------  --------------  -------------------
/opt/airflow/dags/setup_pagila_sakila.py    413  28.79s            0          -1  48.30s          2026-08-25T11:09:44
================================================================================
[2026-08-25T11:11:05.337+0000] {manager.py:1017} ERROR - Processor for /opt/airflow/dags/setup_pagila_sakila.py exited with return code 1.
[2026-08-25T11:11:17.319+0000] {manager.py:738} INFO - Searching for files in /opt/airflow/dags
[2026-08-25T11:11:17.357+0000] {manager.py:741} INFO - There are 1 files in /opt/airflow/dags
[2026-08-25T11:11:17.659+0000] {manager.py:879} INFO - 
================================================================================
DAG File Processing Stats

File Path                                 PID    Runtime      # DAGs    # Errors  Last Runtime    Last Run
----------------------------------------  -----  ---------  --------  ----------  --------------  -------------------
/opt/airflow/dags/setup_pagila_sakila.py                           0          -1  48.65s          2026-08-25T11:11:05
================================================================================
[2026-08-25T11:11:49.786+0000] {manager.py:738} INFO - Searching for files in /opt/airflow/dags
[2026-08-25T11:11:49.826+0000] {manager.py:741} INFO - There are 1 files in /opt/airflow/dags
[2026-08-25T11:11:50.144+0000] {manager.py:879} INFO - 
================================================================================
DAG File Processing Stats

File Path                                   PID  Runtime      # DAGs    # Errors  Last Runtime    Last Run
----------------------------------------  -----  ---------  --------  ----------  --------------  -------------------
/opt/airflow/dags/setup_pagila_sakila.py    418  12.76s            0          -1  48.65s          2026-08-25T11:11:05
================================================================================
[2026-08-25T11:12:22.448+0000] {manager.py:738} INFO - Searching for files in /opt/airflow/dags
[2026-08-25T11:12:22.599+0000] {manager.py:741} INFO - There are 1 files in /opt/airflow/dags
[2026-08-25T11:12:22.716+0000] {manager.py:879} INFO - 
================================================================================
DAG File Processing Stats

File Path                                   PID  Runtime      # DAGs    # Errors  Last Runtime    Last Run
----------------------------------------  -----  ---------  --------  ----------  --------------  -------------------
/opt/airflow/dags/setup_pagila_sakila.py    418  45.34s            0          -1  48.65s          2026-08-25T11:11:05
================================================================================
[2026-08-25T11:12:25.795+0000] {manager.py:1017} ERROR - Processor for /opt/airflow/dags/setup_pagila_sakila.py exited with return code 1.
[2026-08-25T11:12:54.612+0000] {manager.py:738} INFO - Searching for files in /opt/airflow/dags
[2026-08-25T11:12:54.865+0000] {manager.py:741} INFO - There are 1 files in /opt/airflow/dags
[2026-08-25T11:12:58.931+0000] {manager.py:879} INFO - 
================================================================================
DAG File Processing Stats

File Path                                   PID  Runtime      # DAGs    # Errors  Last Runtime    Last Run
----------------------------------------  -----  ---------  --------  ----------  --------------  -------------------
/opt/airflow/dags/setup_pagila_sakila.py    423  0.20s             0          -1  48.42s          2026-08-25T11:12:25
================================================================================
[2026-08-25T11:13:26.537+0000] {manager.py:738} INFO - Searching for files in /opt/airflow/dags
[2026-08-25T11:13:26.573+0000] {manager.py:741} INFO - There are 1 files in /opt/airflow/dags
[2026-08-25T11:13:30.551+0000] {manager.py:879} INFO - 
================================================================================
DAG File Processing Stats

File Path                                   PID  Runtime      # DAGs    # Errors  Last Runtime    Last Run
----------------------------------------  -----  ---------  --------  ----------  --------------  -------------------
/opt/airflow/dags/setup_pagila_sakila.py    423  31.82s            0          -1  48.42s          2026-08-25T11:12:25
================================================================================
[2026-08-25T11:13:47.051+0000] {manager.py:1017} ERROR - Processor for /opt/airflow/dags/setup_pagila_sakila.py exited with return code 1.
[2026-08-25T11:13:58.697+0000] {manager.py:738} INFO - Searching for files in /opt/airflow/dags
[2026-08-25T11:13:58.808+0000] {manager.py:741} INFO - There are 1 files in /opt/airflow/dags
[2026-08-25T11:14:03.084+0000] {manager.py:879} INFO - 
================================================================================
DAG File Processing Stats

File Path                                 PID    Runtime      # DAGs    # Errors  Last Runtime    Last Run
----------------------------------------  -----  ---------  --------  ----------  --------------  -------------------
/opt/airflow/dags/setup_pagila_sakila.py                           0          -1  48.39s          2026-08-25T11:13:47
================================================================================
[2026-08-25T11:14:30.418+0000] {manager.py:738} INFO - Searching for files in /opt/airflow/dags
[2026-08-25T11:14:30.599+0000] {manager.py:741} INFO - There are 1 files in /opt/airflow/dags
[2026-08-25T11:14:35.001+0000] {manager.py:879} INFO - 
================================================================================
DAG File Processing Stats

File Path                                   PID  Runtime      # DAGs    # Errors  Last Runtime    Last Run
----------------------------------------  -----  ---------  --------  ----------  --------------  -------------------
/opt/airflow/dags/setup_pagila_sakila.py    428  16.35s            0          -1  48.39s          2026-08-25T11:13:47
================================================================================
[2026-08-25T11:15:03.563+0000] {manager.py:738} INFO - Searching for files in /opt/airflow/dags
[2026-08-25T11:15:03.613+0000] {manager.py:741} INFO - There are 1 files in /opt/airflow/dags
[2026-08-25T11:15:03.695+0000] {manager.py:1017} ERROR - Processor for /opt/airflow/dags/setup_pagila_sakila.py exited with return code 1.
[2026-08-25T11:15:07.098+0000] {manager.py:879} INFO - 
================================================================================
DAG File Processing Stats

File Path                                 PID    Runtime      # DAGs    # Errors  Last Runtime    Last Run
----------------------------------------  -----  ---------  --------  ----------  --------------  -------------------
/opt/airflow/dags/setup_pagila_sakila.py                           0          -1  45.05s          2026-08-25T11:15:03
================================================================================
[2026-08-25T11:15:35.225+0000] {manager.py:738} INFO - Searching for files in /opt/airflow/dags
[2026-08-25T11:15:35.386+0000] {manager.py:741} INFO - There are 1 files in /opt/airflow/dags
[2026-08-25T11:15:39.034+0000] {manager.py:879} INFO - 
================================================================================
DAG File Processing Stats

File Path                                   PID  Runtime      # DAGs    # Errors  Last Runtime    Last Run
----------------------------------------  -----  ---------  --------  ----------  --------------  -------------------
/opt/airflow/dags/setup_pagila_sakila.py    433  1.02s             0          -1  45.05s          2026-08-25T11:15:03
================================================================================
[2026-08-25T11:16:08.130+0000] {manager.py:738} INFO - Searching for files in /opt/airflow/dags
[2026-08-25T11:16:08.184+0000] {manager.py:741} INFO - There are 1 files in /opt/airflow/dags
[2026-08-25T11:16:11.519+0000] {manager.py:879} INFO - 
================================================================================
DAG File Processing Stats

File Path                                   PID  Runtime      # DAGs    # Errors  Last Runtime    Last Run
----------------------------------------  -----  ---------  --------  ----------  --------------  -------------------
/opt/airflow/dags/setup_pagila_sakila.py    433  35.11s            0          -1  45.05s          2026-08-25T11:15:03
================================================================================
[2026-08-25T11:16:27.671+0000] {manager.py:1201} ERROR - Processor for /opt/airflow/dags/setup_pagila_sakila.py with PID 433 started at 2026-08-25T11:15:36.395077+00:00 has timed out, killing it.
[2026-08-25T11:16:40.437+0000] {manager.py:738} INFO - Searching for files in /opt/airflow/dags
[2026-08-25T11:16:40.562+0000] {manager.py:741} INFO - There are 1 files in /opt/airflow/dags
[2026-08-25T11:16:43.718+0000] {manager.py:879} INFO - 
================================================================================
DAG File Processing Stats

File Path                                 PID    Runtime      # DAGs    # Errors  Last Runtime    Last Run
----------------------------------------  -----  ---------  --------  ----------  --------------  -------------------
/opt/airflow/dags/setup_pagila_sakila.py                           0           1  51.27s          2026-08-25T11:16:27
================================================================================
[2026-08-25T11:17:12.263+0000] {manager.py:738} INFO - Searching for files in /opt/airflow/dags
[2026-08-25T11:17:12.470+0000] {manager.py:741} INFO - There are 1 files in /opt/airflow/dags
[2026-08-25T11:17:16.689+0000] {manager.py:879} INFO - 
================================================================================
DAG File Processing Stats

File Path                                   PID  Runtime      # DAGs    # Errors  Last Runtime    Last Run
----------------------------------------  -----  ---------  --------  ----------  --------------  -------------------
/opt/airflow/dags/setup_pagila_sakila.py    436  16.34s            0           1  51.27s          2026-08-25T11:16:27
================================================================================
[2026-08-25T11:18:43.927+0000] {manager.py:469} INFO - Processing files using up to 2 processes at a time 
[2026-08-25T11:18:43.928+0000] {manager.py:470} INFO - Process each file at most once every 30 seconds
[2026-08-25T11:18:43.929+0000] {manager.py:471} INFO - Checking for new files in /opt/airflow/dags every 30 seconds
[2026-08-25T11:18:43.930+0000] {manager.py:738} INFO - Searching for files in /opt/airflow/dags
[2026-08-25T11:18:43.933+0000] {manager.py:741} INFO - There are 1 files in /opt/airflow/dags
[2026-08-25T11:18:44.137+0000] {manager.py:879} INFO - 
================================================================================
DAG File Processing Stats

File Path                                   PID  Runtime      # DAGs    # Errors  Last Runtime    Last Run
----------------------------------------  -----  ---------  --------  ----------  --------------  ----------
/opt/airflow/dags/setup_pagila_sakila.py    205  0.09s             0           0
================================================================================
[2026-08-25T11:19:14.257+0000] {manager.py:738} INFO - Searching for files in /opt/airflow/dags
[2026-08-25T11:19:14.260+0000] {manager.py:741} INFO - There are 1 files in /opt/airflow/dags
[2026-08-25T11:19:14.270+0000] {manager.py:879} INFO - 
================================================================================
DAG File Processing Stats

File Path                                 PID    Runtime      # DAGs    # Errors  Last Runtime    Last Run
----------------------------------------  -----  ---------  --------  ----------  --------------  -------------------
/opt/airflow/dags/setup_pagila_sakila.py                           1           0  0.28s           2026-08-25T11:18:44
================================================================================
[2026-08-25T11:19:44.542+0000] {manager.py:738} INFO - Searching for files in /opt/airflow/dags
[2026-08-25T11:19:44.544+0000] {manager.py:741} INFO - There are 1 files in /opt/airflow/dags
[2026-08-25T11:19:44.557+0000] {manager.py:879} INFO - 
================================================================================
DAG File Processing Stats

File Path                                 PID    Runtime      # DAGs    # Errors  Last Runtime    Last Run
----------------------------------------  -----  ---------  --------  ----------  --------------  -------------------
/opt/airflow/dags/setup_pagila_sakila.py                           1           0  0.35s           2026-08-25T11:19:14
================================================================================
[2026-08-25T11:20:15.060+0000] {manager.py:738} INFO - Searching for files in /opt/airflow/dags
[2026-08-25T11:20:15.064+0000] {manager.py:741} INFO - There are 1 files in /opt/airflow/dags
[2026-08-25T11:20:15.072+0000] {manager.py:879} INFO - 
================================================================================
DAG File Processing Stats

File Path                                 PID    Runtime      # DAGs    # Errors  Last Runtime    Last Run
----------------------------------------  -----  ---------  --------  ----------  --------------  -------------------
/opt/airflow/dags/setup_pagila_sakila.py                           1           0  0.27s           2026-08-25T11:19:45
================================================================================
[2026-08-25T11:20:45.420+0000] {manager.py:738} INFO - Searching for files in /opt/airflow/dags
[2026-08-25T11:20:45.423+0000] {manager.py:741} INFO - There are 1 files in /opt/airflow/dags
[2026-08-25T11:20:45.431+0000] {manager.py:879} INFO - 
================================================================================
DAG File Processing Stats

File Path                                 PID    Runtime      # DAGs    # Errors  Last Runtime    Last Run
----------------------------------------  -----  ---------  --------  ----------  --------------  -------------------
/opt/airflow/dags/setup_pagila_sakila.py                           1           0  0.30s           2026-08-25T11:20:15
================================================================================
[2026-08-25T11:21:15.860+0000] {manager.py:738} INFO - Searching for files in /opt/airflow/dags
[2026-08-25T11:21:15.862+0000] {manager.py:741} INFO - There are 1 files in /opt/airflow/dags
[2026-08-25T11:21:15.874+0000] {manager.py:879} INFO - 
================================================================================
DAG File Processing Stats

File Path                                 PID    Runtime      # DAGs    # Errors  Last Runtime    Last Run
----------------------------------------  -----  ---------  --------  ----------  --------------  -------------------
/opt/airflow/dags/setup_pagila_sakila.py                           1           0  0.20s           2026-08-25T11:20:45
================================================================================
[2026-08-25T11:21:46.166+0000] {manager.py:738} INFO - Searching for files in /opt/airflow/dags
[2026-08-25T11:21:46.168+0000] {manager.py:741} INFO - There are 1 files in /opt/airflow/dags
[2026-08-25T11:21:46.183+0000] {manager.py:879} INFO - 
================================================================================
DAG File Processing Stats

File Path                                   PID  Runtime      # DAGs    # Errors  Last Runtime    Last Run
----------------------------------------  -----  ---------  --------  ----------  --------------  -------------------
/opt/airflow/dags/setup_pagila_sakila.py    235  0.00s             1           0  0.11s           2026-08-25T11:21:16
================================================================================
[2026-08-25T11:22:16.431+0000] {manager.py:738} INFO - Searching for files in /opt/airflow/dags
[2026-08-25T11:22:16.433+0000] {manager.py:741} INFO - There are 1 files in /opt/airflow/dags
[2026-08-25T11:22:16.449+0000] {manager.py:879} INFO - 
================================================================================
DAG File Processing Stats

File Path                                   PID  Runtime      # DAGs    # Errors  Last Runtime    Last Run
----------------------------------------  -----  ---------  --------  ----------  --------------  -------------------
/opt/airflow/dags/setup_pagila_sakila.py    240  0.00s             1           0  0.12s           2026-08-25T11:21:46
================================================================================
[2026-08-25T11:22:46.590+0000] {manager.py:738} INFO - Searching for files in /opt/airflow/dags
[2026-08-25T11:22:46.592+0000] {manager.py:741} INFO - There are 1 files in /opt/airflow/dags
[2026-08-25T11:22:46.605+0000] {manager.py:879} INFO - 
================================================================================
DAG File Processing Stats

File Path                                   PID  Runtime      # DAGs    # Errors  Last Runtime    Last Run
----------------------------------------  -----  ---------  --------  ----------  --------------  -------------------
/opt/airflow/dags/setup_pagila_sakila.py    245  0.00s             1           0  0.10s           2026-08-25T11:22:16
================================================================================
[2026-08-25T11:23:16.788+0000] {manager.py:738} INFO - Searching for files in /opt/airflow/dags
[2026-08-25T11:23:16.790+0000] {manager.py:741} INFO - There are 1 files in /opt/airflow/dags
[2026-08-25T11:23:16.806+0000] {manager.py:879} INFO - 
================================================================================
DAG File Processing Stats

File Path                                   PID  Runtime      # DAGs    # Errors  Last Runtime    Last Run
----------------------------------------  -----  ---------  --------  ----------  --------------  -------------------
/opt/airflow/dags/setup_pagila_sakila.py    250  0.00s             1           0  0.11s           2026-08-25T11:22:46
================================================================================
[2026-08-25T11:23:46.940+0000] {manager.py:738} INFO - Searching for files in /opt/airflow/dags
[2026-08-25T11:23:46.942+0000] {manager.py:741} INFO - There are 1 files in /opt/airflow/dags
[2026-08-25T11:23:46.961+0000] {manager.py:879} INFO - 
================================================================================
DAG File Processing Stats

File Path                                   PID  Runtime      # DAGs    # Errors  Last Runtime    Last Run
----------------------------------------  -----  ---------  --------  ----------  --------------  -------------------
/opt/airflow/dags/setup_pagila_sakila.py    255  0.00s             1           0  0.11s           2026-08-25T11:23:16
================================================================================
[2026-08-25T11:24:17.140+0000] {manager.py:738} INFO - Searching for files in /opt/airflow/dags
[2026-08-25T11:24:17.142+0000] {manager.py:741} INFO - There are 1 files in /opt/airflow/dags
[2026-08-25T11:24:17.155+0000] {manager.py:879} INFO - 
================================================================================
DAG File Processing Stats

File Path                                   PID  Runtime      # DAGs    # Errors  Last Runtime    Last Run
----------------------------------------  -----  ---------  --------  ----------  --------------  -------------------
/opt/airflow/dags/setup_pagila_sakila.py    260  0.00s             1           0  0.11s           2026-08-25T11:23:47
================================================================================
[2026-08-25T11:24:47.281+0000] {manager.py:738} INFO - Searching for files in /opt/airflow/dags
[2026-08-25T11:24:47.283+0000] {manager.py:741} INFO - There are 1 files in /opt/airflow/dags
[2026-08-25T11:24:47.298+0000] {manager.py:879} INFO - 
================================================================================
DAG File Processing Stats

File Path                                   PID  Runtime      # DAGs    # Errors  Last Runtime    Last Run
----------------------------------------  -----  ---------  --------  ----------  --------------  -------------------
/opt/airflow/dags/setup_pagila_sakila.py    265  0.00s             1           0  0.11s           2026-08-25T11:24:17
================================================================================
[2026-08-25T11:25:17.476+0000] {manager.py:738} INFO - Searching for files in /opt/airflow/dags
[2026-08-25T11:25:17.478+0000] {manager.py:741} INFO - There are 1 files in /opt/airflow/dags
[2026-08-25T11:25:17.499+0000] {manager.py:879} INFO - 
================================================================================
DAG File Processing Stats

File Path                                   PID  Runtime      # DAGs    # Errors  Last Runtime    Last Run
----------------------------------------  -----  ---------  --------  ----------  --------------  -------------------
/opt/airflow/dags/setup_pagila_sakila.py    270  0.01s             1           0  0.12s           2026-08-25T11:24:47
================================================================================
[2026-08-25T11:25:47.652+0000] {manager.py:738} INFO - Searching for files in /opt/airflow/dags
[2026-08-25T11:25:47.654+0000] {manager.py:741} INFO - There are 1 files in /opt/airflow/dags
[2026-08-25T11:25:47.672+0000] {manager.py:879} INFO - 
================================================================================
DAG File Processing Stats

File Path                                   PID  Runtime      # DAGs    # Errors  Last Runtime    Last Run
----------------------------------------  -----  ---------  --------  ----------  --------------  -------------------
/opt/airflow/dags/setup_pagila_sakila.py    275  0.01s             1           0  0.13s           2026-08-25T11:25:17
================================================================================
[2026-08-25T11:26:17.868+0000] {manager.py:738} INFO - Searching for files in /opt/airflow/dags
[2026-08-25T11:26:17.870+0000] {manager.py:741} INFO - There are 1 files in /opt/airflow/dags
[2026-08-25T11:26:17.886+0000] {manager.py:879} INFO - 
================================================================================
DAG File Processing Stats

File Path                                   PID  Runtime      # DAGs    # Errors  Last Runtime    Last Run
----------------------------------------  -----  ---------  --------  ----------  --------------  -------------------
/opt/airflow/dags/setup_pagila_sakila.py    280  0.00s             1           0  0.11s           2026-08-25T11:25:47
================================================================================
[2026-08-25T11:26:48.016+0000] {manager.py:738} INFO - Searching for files in /opt/airflow/dags
[2026-08-25T11:26:48.018+0000] {manager.py:741} INFO - There are 1 files in /opt/airflow/dags
[2026-08-25T11:26:48.033+0000] {manager.py:879} INFO - 
================================================================================
DAG File Processing Stats

File Path                                   PID  Runtime      # DAGs    # Errors  Last Runtime    Last Run
----------------------------------------  -----  ---------  --------  ----------  --------------  -------------------
/opt/airflow/dags/setup_pagila_sakila.py    285  0.00s             1           0  0.11s           2026-08-25T11:26:17
================================================================================
[2026-08-25T11:27:18.251+0000] {manager.py:738} INFO - Searching for files in /opt/airflow/dags
[2026-08-25T11:27:18.253+0000] {manager.py:741} INFO - There are 1 files in /opt/airflow/dags
[2026-08-25T11:27:18.266+0000] {manager.py:879} INFO - 
================================================================================
DAG File Processing Stats

File Path                                   PID  Runtime      # DAGs    # Errors  Last Runtime    Last Run
----------------------------------------  -----  ---------  --------  ----------  --------------  -------------------
/opt/airflow/dags/setup_pagila_sakila.py    290  0.00s             1           0  0.11s           2026-08-25T11:26:48
================================================================================
[2026-08-25T11:27:48.412+0000] {manager.py:738} INFO - Searching for files in /opt/airflow/dags
[2026-08-25T11:27:48.413+0000] {manager.py:741} INFO - There are 1 files in /opt/airflow/dags
[2026-08-25T11:27:48.427+0000] {manager.py:879} INFO - 
================================================================================
DAG File Processing Stats

File Path                                   PID  Runtime      # DAGs    # Errors  Last Runtime    Last Run
----------------------------------------  -----  ---------  --------  ----------  --------------  -------------------
/opt/airflow/dags/setup_pagila_sakila.py    295  0.00s             1           0  0.11s           2026-08-25T11:27:18
================================================================================
[2026-08-25T11:28:18.605+0000] {manager.py:738} INFO - Searching for files in /opt/airflow/dags
[2026-08-25T11:28:18.608+0000] {manager.py:741} INFO - There are 1 files in /opt/airflow/dags
[2026-08-25T11:28:18.630+0000] {manager.py:879} INFO - 
================================================================================
DAG File Processing Stats

File Path                                   PID  Runtime      # DAGs    # Errors  Last Runtime    Last Run
----------------------------------------  -----  ---------  --------  ----------  --------------  -------------------
/opt/airflow/dags/setup_pagila_sakila.py    300  0.00s             1           0  0.11s           2026-08-25T11:27:48
================================================================================
[2026-08-25T11:28:48.790+0000] {manager.py:738} INFO - Searching for files in /opt/airflow/dags
[2026-08-25T11:28:48.796+0000] {manager.py:741} INFO - There are 1 files in /opt/airflow/dags
[2026-08-25T11:28:48.829+0000] {manager.py:879} INFO - 
================================================================================
DAG File Processing Stats

File Path                                   PID  Runtime      # DAGs    # Errors  Last Runtime    Last Run
----------------------------------------  -----  ---------  --------  ----------  --------------  -------------------
/opt/airflow/dags/setup_pagila_sakila.py    305  0.01s             1           0  0.11s           2026-08-25T11:28:18
================================================================================
[2026-08-25T11:29:18.968+0000] {manager.py:738} INFO - Searching for files in /opt/airflow/dags
[2026-08-25T11:29:18.970+0000] {manager.py:741} INFO - There are 1 files in /opt/airflow/dags
[2026-08-25T11:29:18.986+0000] {manager.py:879} INFO - 
================================================================================
DAG File Processing Stats

File Path                                   PID  Runtime      # DAGs    # Errors  Last Runtime    Last Run
----------------------------------------  -----  ---------  --------  ----------  --------------  -------------------
/opt/airflow/dags/setup_pagila_sakila.py    310  0.00s             1           0  0.10s           2026-08-25T11:28:48
================================================================================
[2026-08-25T11:29:49.181+0000] {manager.py:738} INFO - Searching for files in /opt/airflow/dags
[2026-08-25T11:29:49.183+0000] {manager.py:741} INFO - There are 1 files in /opt/airflow/dags
[2026-08-25T11:29:49.197+0000] {manager.py:879} INFO - 
================================================================================
DAG File Processing Stats

File Path                                   PID  Runtime      # DAGs    # Errors  Last Runtime    Last Run
----------------------------------------  -----  ---------  --------  ----------  --------------  -------------------
/opt/airflow/dags/setup_pagila_sakila.py    315  0.00s             1           0  0.10s           2026-08-25T11:29:19
================================================================================
[2026-08-25T11:30:19.345+0000] {manager.py:738} INFO - Searching for files in /opt/airflow/dags
[2026-08-25T11:30:19.346+0000] {manager.py:741} INFO - There are 1 files in /opt/airflow/dags
[2026-08-25T11:30:19.364+0000] {manager.py:879} INFO - 
================================================================================
DAG File Processing Stats

File Path                                   PID  Runtime      # DAGs    # Errors  Last Runtime    Last Run
----------------------------------------  -----  ---------  --------  ----------  --------------  -------------------
/opt/airflow/dags/setup_pagila_sakila.py    320  0.00s             1           0  0.11s           2026-08-25T11:29:49
================================================================================
[2026-08-25T11:30:49.566+0000] {manager.py:738} INFO - Searching for files in /opt/airflow/dags
[2026-08-25T11:30:49.568+0000] {manager.py:741} INFO - There are 1 files in /opt/airflow/dags
[2026-08-25T11:30:49.584+0000] {manager.py:879} INFO - 
================================================================================
DAG File Processing Stats

File Path                                   PID  Runtime      # DAGs    # Errors  Last Runtime    Last Run
----------------------------------------  -----  ---------  --------  ----------  --------------  -------------------
/opt/airflow/dags/setup_pagila_sakila.py    325  0.00s             1           0  0.13s           2026-08-25T11:30:19
================================================================================
[2026-08-25T11:31:19.731+0000] {manager.py:738} INFO - Searching for files in /opt/airflow/dags
[2026-08-25T11:31:19.738+0000] {manager.py:741} INFO - There are 1 files in /opt/airflow/dags
[2026-08-25T11:31:19.753+0000] {manager.py:879} INFO - 
================================================================================
DAG File Processing Stats

File Path                                   PID  Runtime      # DAGs    # Errors  Last Runtime    Last Run
----------------------------------------  -----  ---------  --------  ----------  --------------  -------------------
/opt/airflow/dags/setup_pagila_sakila.py    330  0.00s             1           0  0.11s           2026-08-25T11:30:49
================================================================================
[2026-08-25T11:31:49.948+0000] {manager.py:738} INFO - Searching for files in /opt/airflow/dags
[2026-08-25T11:31:49.953+0000] {manager.py:741} INFO - There are 1 files in /opt/airflow/dags
[2026-08-25T11:31:49.982+0000] {manager.py:879} INFO - 
================================================================================
DAG File Processing Stats

File Path                                   PID  Runtime      # DAGs    # Errors  Last Runtime    Last Run
----------------------------------------  -----  ---------  --------  ----------  --------------  -------------------
/opt/airflow/dags/setup_pagila_sakila.py    335  0.01s             1           0  0.11s           2026-08-25T11:31:19
================================================================================
[2026-08-25T11:32:20.138+0000] {manager.py:738} INFO - Searching for files in /opt/airflow/dags
[2026-08-25T11:32:20.139+0000] {manager.py:741} INFO - There are 1 files in /opt/airflow/dags
[2026-08-25T11:32:20.157+0000] {manager.py:879} INFO - 
================================================================================
DAG File Processing Stats

File Path                                   PID  Runtime      # DAGs    # Errors  Last Runtime    Last Run
----------------------------------------  -----  ---------  --------  ----------  --------------  -------------------
/opt/airflow/dags/setup_pagila_sakila.py    340  0.00s             1           0  0.11s           2026-08-25T11:31:50
================================================================================
[2026-08-25T11:32:50.370+0000] {manager.py:738} INFO - Searching for files in /opt/airflow/dags
[2026-08-25T11:32:50.372+0000] {manager.py:741} INFO - There are 1 files in /opt/airflow/dags
[2026-08-25T11:32:50.390+0000] {manager.py:879} INFO - 
================================================================================
DAG File Processing Stats

File Path                                   PID  Runtime      # DAGs    # Errors  Last Runtime    Last Run
----------------------------------------  -----  ---------  --------  ----------  --------------  -------------------
/opt/airflow/dags/setup_pagila_sakila.py    345  0.00s             1           0  0.11s           2026-08-25T11:32:20
================================================================================
[2026-08-25T11:33:20.518+0000] {manager.py:738} INFO - Searching for files in /opt/airflow/dags
[2026-08-25T11:33:20.520+0000] {manager.py:741} INFO - There are 1 files in /opt/airflow/dags
[2026-08-25T11:33:20.536+0000] {manager.py:879} INFO - 
================================================================================
DAG File Processing Stats

File Path                                   PID  Runtime      # DAGs    # Errors  Last Runtime    Last Run
----------------------------------------  -----  ---------  --------  ----------  --------------  -------------------
/opt/airflow/dags/setup_pagila_sakila.py    350  0.01s             1           0  0.12s           2026-08-25T11:32:50
================================================================================
[2026-08-25T11:33:50.736+0000] {manager.py:738} INFO - Searching for files in /opt/airflow/dags
[2026-08-25T11:33:50.738+0000] {manager.py:741} INFO - There are 1 files in /opt/airflow/dags
[2026-08-25T11:33:50.753+0000] {manager.py:879} INFO - 
================================================================================
DAG File Processing Stats

File Path                                   PID  Runtime      # DAGs    # Errors  Last Runtime    Last Run
----------------------------------------  -----  ---------  --------  ----------  --------------  -------------------
/opt/airflow/dags/setup_pagila_sakila.py    355  0.00s             1           0  0.11s           2026-08-25T11:33:20
================================================================================
[2026-08-25T11:34:20.892+0000] {manager.py:738} INFO - Searching for files in /opt/airflow/dags
[2026-08-25T11:34:20.894+0000] {manager.py:741} INFO - There are 1 files in /opt/airflow/dags
[2026-08-25T11:34:20.912+0000] {manager.py:879} INFO - 
================================================================================
DAG File Processing Stats

File Path                                   PID  Runtime      # DAGs    # Errors  Last Runtime    Last Run
----------------------------------------  -----  ---------  --------  ----------  --------------  -------------------
/opt/airflow/dags/setup_pagila_sakila.py    360  0.01s             1           0  0.11s           2026-08-25T11:33:50
================================================================================
[2026-08-25T11:34:51.088+0000] {manager.py:738} INFO - Searching for files in /opt/airflow/dags
[2026-08-25T11:34:51.089+0000] {manager.py:741} INFO - There are 1 files in /opt/airflow/dags
[2026-08-25T11:34:51.107+0000] {manager.py:879} INFO - 
================================================================================
DAG File Processing Stats

File Path                                   PID  Runtime      # DAGs    # Errors  Last Runtime    Last Run
----------------------------------------  -----  ---------  --------  ----------  --------------  -------------------
/opt/airflow/dags/setup_pagila_sakila.py    365  0.01s             1           0  0.12s           2026-08-25T11:34:21
================================================================================
[2026-08-25T11:35:21.301+0000] {manager.py:738} INFO - Searching for files in /opt/airflow/dags
[2026-08-25T11:35:21.308+0000] {manager.py:741} INFO - There are 1 files in /opt/airflow/dags
[2026-08-25T11:35:21.343+0000] {manager.py:879} INFO - 
================================================================================
DAG File Processing Stats

File Path                                   PID  Runtime      # DAGs    # Errors  Last Runtime    Last Run
----------------------------------------  -----  ---------  --------  ----------  --------------  -------------------
/opt/airflow/dags/setup_pagila_sakila.py    370  0.01s             1           0  0.13s           2026-08-25T11:34:51
================================================================================
[2026-08-25T11:35:51.484+0000] {manager.py:738} INFO - Searching for files in /opt/airflow/dags
[2026-08-25T11:35:51.486+0000] {manager.py:741} INFO - There are 1 files in /opt/airflow/dags
[2026-08-25T11:35:51.503+0000] {manager.py:879} INFO - 
================================================================================
DAG File Processing Stats

File Path                                   PID  Runtime      # DAGs    # Errors  Last Runtime    Last Run
----------------------------------------  -----  ---------  --------  ----------  --------------  -------------------
/opt/airflow/dags/setup_pagila_sakila.py    375  0.00s             1           0  0.14s           2026-08-25T11:35:21
================================================================================
[2026-08-25T11:36:21.700+0000] {manager.py:738} INFO - Searching for files in /opt/airflow/dags
[2026-08-25T11:36:21.702+0000] {manager.py:741} INFO - There are 1 files in /opt/airflow/dags
[2026-08-25T11:36:21.717+0000] {manager.py:879} INFO - 
================================================================================
DAG File Processing Stats

File Path                                   PID  Runtime      # DAGs    # Errors  Last Runtime    Last Run
----------------------------------------  -----  ---------  --------  ----------  --------------  -------------------
/opt/airflow/dags/setup_pagila_sakila.py    380  0.00s             1           0  0.12s           2026-08-25T11:35:51
================================================================================
[2026-08-25T11:36:51.878+0000] {manager.py:738} INFO - Searching for files in /opt/airflow/dags
[2026-08-25T11:36:51.879+0000] {manager.py:741} INFO - There are 1 files in /opt/airflow/dags
[2026-08-25T11:36:51.893+0000] {manager.py:879} INFO - 
================================================================================
DAG File Processing Stats

File Path                                   PID  Runtime      # DAGs    # Errors  Last Runtime    Last Run
----------------------------------------  -----  ---------  --------  ----------  --------------  -------------------
/opt/airflow/dags/setup_pagila_sakila.py    385  0.00s             1           0  0.11s           2026-08-25T11:36:21
================================================================================
[2026-08-25T11:37:22.128+0000] {manager.py:738} INFO - Searching for files in /opt/airflow/dags
[2026-08-25T11:37:22.134+0000] {manager.py:741} INFO - There are 1 files in /opt/airflow/dags
[2026-08-25T11:37:22.165+0000] {manager.py:879} INFO - 
================================================================================
DAG File Processing Stats

File Path                                   PID  Runtime      # DAGs    # Errors  Last Runtime    Last Run
----------------------------------------  -----  ---------  --------  ----------  --------------  -------------------
/opt/airflow/dags/setup_pagila_sakila.py    390  0.01s             1           0  0.10s           2026-08-25T11:36:51
================================================================================
[2026-08-25T11:37:52.314+0000] {manager.py:738} INFO - Searching for files in /opt/airflow/dags
[2026-08-25T11:37:52.319+0000] {manager.py:741} INFO - There are 1 files in /opt/airflow/dags
[2026-08-25T11:37:52.344+0000] {manager.py:879} INFO - 
================================================================================
DAG File Processing Stats

File Path                                   PID  Runtime      # DAGs    # Errors  Last Runtime    Last Run
----------------------------------------  -----  ---------  --------  ----------  --------------  -------------------
/opt/airflow/dags/setup_pagila_sakila.py    395  0.01s             1           0  0.12s           2026-08-25T11:37:22
================================================================================
[2026-08-25T11:38:22.519+0000] {manager.py:738} INFO - Searching for files in /opt/airflow/dags
[2026-08-25T11:38:22.520+0000] {manager.py:741} INFO - There are 1 files in /opt/airflow/dags
[2026-08-25T11:38:22.535+0000] {manager.py:879} INFO - 
================================================================================
DAG File Processing Stats

File Path                                   PID  Runtime      # DAGs    # Errors  Last Runtime    Last Run
----------------------------------------  -----  ---------  --------  ----------  --------------  -------------------
/opt/airflow/dags/setup_pagila_sakila.py    400  0.00s             1           0  0.12s           2026-08-25T11:37:52
================================================================================
[2026-08-25T11:38:52.662+0000] {manager.py:738} INFO - Searching for files in /opt/airflow/dags
[2026-08-25T11:38:52.663+0000] {manager.py:741} INFO - There are 1 files in /opt/airflow/dags
[2026-08-25T11:38:52.678+0000] {manager.py:879} INFO - 
================================================================================
DAG File Processing Stats

File Path                                   PID  Runtime      # DAGs    # Errors  Last Runtime    Last Run
----------------------------------------  -----  ---------  --------  ----------  --------------  -------------------
/opt/airflow/dags/setup_pagila_sakila.py    405  0.00s             1           0  0.13s           2026-08-25T11:38:22
================================================================================
[2026-08-25T11:39:22.919+0000] {manager.py:738} INFO - Searching for files in /opt/airflow/dags
[2026-08-25T11:39:22.925+0000] {manager.py:741} INFO - There are 1 files in /opt/airflow/dags
[2026-08-25T11:39:22.956+0000] {manager.py:879} INFO - 
================================================================================
DAG File Processing Stats

File Path                                   PID  Runtime      # DAGs    # Errors  Last Runtime    Last Run
----------------------------------------  -----  ---------  --------  ----------  --------------  -------------------
/opt/airflow/dags/setup_pagila_sakila.py    410  0.00s             1           0  0.13s           2026-08-25T11:38:52
================================================================================
[2026-08-25T11:39:53.109+0000] {manager.py:738} INFO - Searching for files in /opt/airflow/dags
[2026-08-25T11:39:53.113+0000] {manager.py:741} INFO - There are 1 files in /opt/airflow/dags
[2026-08-25T11:39:53.149+0000] {manager.py:879} INFO - 
================================================================================
DAG File Processing Stats

File Path                                   PID  Runtime      # DAGs    # Errors  Last Runtime    Last Run
----------------------------------------  -----  ---------  --------  ----------  --------------  -------------------
/opt/airflow/dags/setup_pagila_sakila.py    415  0.01s             1           0  0.12s           2026-08-25T11:39:23
================================================================================
[2026-08-25T11:40:23.325+0000] {manager.py:738} INFO - Searching for files in /opt/airflow/dags
[2026-08-25T11:40:23.327+0000] {manager.py:741} INFO - There are 1 files in /opt/airflow/dags
[2026-08-25T11:40:23.341+0000] {manager.py:879} INFO - 
================================================================================
DAG File Processing Stats

File Path                                   PID  Runtime      # DAGs    # Errors  Last Runtime    Last Run
----------------------------------------  -----  ---------  --------  ----------  --------------  -------------------
/opt/airflow/dags/setup_pagila_sakila.py    420  0.00s             1           0  0.16s           2026-08-25T11:39:53
================================================================================
[2026-08-25T11:40:53.560+0000] {manager.py:738} INFO - Searching for files in /opt/airflow/dags
[2026-08-25T11:40:53.564+0000] {manager.py:741} INFO - There are 1 files in /opt/airflow/dags
[2026-08-25T11:40:53.591+0000] {manager.py:879} INFO - 
================================================================================
DAG File Processing Stats

File Path                                   PID  Runtime      # DAGs    # Errors  Last Runtime    Last Run
----------------------------------------  -----  ---------  --------  ----------  --------------  -------------------
/opt/airflow/dags/setup_pagila_sakila.py    425  0.01s             1           0  0.10s           2026-08-25T11:40:23
================================================================================
[2026-08-25T11:41:23.719+0000] {manager.py:738} INFO - Searching for files in /opt/airflow/dags
[2026-08-25T11:41:23.721+0000] {manager.py:741} INFO - There are 1 files in /opt/airflow/dags
[2026-08-25T11:41:23.735+0000] {manager.py:879} INFO - 
================================================================================
DAG File Processing Stats

File Path                                   PID  Runtime      # DAGs    # Errors  Last Runtime    Last Run
----------------------------------------  -----  ---------  --------  ----------  --------------  -------------------
/opt/airflow/dags/setup_pagila_sakila.py    430  0.00s             1           0  0.13s           2026-08-25T11:40:53
================================================================================
[2026-08-25T11:41:53.936+0000] {manager.py:738} INFO - Searching for files in /opt/airflow/dags
[2026-08-25T11:41:53.938+0000] {manager.py:741} INFO - There are 1 files in /opt/airflow/dags
[2026-08-25T11:41:53.952+0000] {manager.py:879} INFO - 
================================================================================
DAG File Processing Stats

File Path                                   PID  Runtime      # DAGs    # Errors  Last Runtime    Last Run
----------------------------------------  -----  ---------  --------  ----------  --------------  -------------------
/opt/airflow/dags/setup_pagila_sakila.py    435  0.00s             1           0  0.11s           2026-08-25T11:41:23
================================================================================
[2026-08-25T11:42:24.112+0000] {manager.py:738} INFO - Searching for files in /opt/airflow/dags
[2026-08-25T11:42:24.118+0000] {manager.py:741} INFO - There are 1 files in /opt/airflow/dags
[2026-08-25T11:42:24.155+0000] {manager.py:879} INFO - 
================================================================================
DAG File Processing Stats

File Path                                   PID  Runtime      # DAGs    # Errors  Last Runtime    Last Run
----------------------------------------  -----  ---------  --------  ----------  --------------  -------------------
/opt/airflow/dags/setup_pagila_sakila.py    440  0.01s             1           0  0.10s           2026-08-25T11:41:54
================================================================================
[2026-08-25T11:42:54.312+0000] {manager.py:738} INFO - Searching for files in /opt/airflow/dags
[2026-08-25T11:42:54.314+0000] {manager.py:741} INFO - There are 1 files in /opt/airflow/dags
[2026-08-25T11:42:54.327+0000] {manager.py:879} INFO - 
================================================================================
DAG File Processing Stats

File Path                                   PID  Runtime      # DAGs    # Errors  Last Runtime    Last Run
----------------------------------------  -----  ---------  --------  ----------  --------------  -------------------
/opt/airflow/dags/setup_pagila_sakila.py    445  0.00s             1           0  0.11s           2026-08-25T11:42:24
================================================================================
[2026-08-25T11:43:24.547+0000] {manager.py:738} INFO - Searching for files in /opt/airflow/dags
[2026-08-25T11:43:24.548+0000] {manager.py:741} INFO - There are 1 files in /opt/airflow/dags
[2026-08-25T11:43:24.561+0000] {manager.py:879} INFO - 
================================================================================
DAG File Processing Stats

File Path                                   PID  Runtime      # DAGs    # Errors  Last Runtime    Last Run
----------------------------------------  -----  ---------  --------  ----------  --------------  -------------------
/opt/airflow/dags/setup_pagila_sakila.py    450  0.00s             1           0  0.11s           2026-08-25T11:42:54
================================================================================
[2026-08-25T11:43:54.734+0000] {manager.py:738} INFO - Searching for files in /opt/airflow/dags
[2026-08-25T11:43:54.735+0000] {manager.py:741} INFO - There are 1 files in /opt/airflow/dags
[2026-08-25T11:43:54.749+0000] {manager.py:879} INFO - 
================================================================================
DAG File Processing Stats

File Path                                   PID  Runtime      # DAGs    # Errors  Last Runtime    Last Run
----------------------------------------  -----  ---------  --------  ----------  --------------  -------------------
/opt/airflow/dags/setup_pagila_sakila.py    455  0.00s             1           0  0.10s           2026-08-25T11:43:24
================================================================================
[2026-08-25T11:44:24.943+0000] {manager.py:738} INFO - Searching for files in /opt/airflow/dags
[2026-08-25T11:44:24.945+0000] {manager.py:741} INFO - There are 1 files in /opt/airflow/dags
[2026-08-25T11:44:24.959+0000] {manager.py:879} INFO - 
================================================================================
DAG File Processing Stats

File Path                                   PID  Runtime      # DAGs    # Errors  Last Runtime    Last Run
----------------------------------------  -----  ---------  --------  ----------  --------------  -------------------
/opt/airflow/dags/setup_pagila_sakila.py    460  0.00s             1           0  0.12s           2026-08-25T11:43:54
================================================================================
[2026-08-25T11:44:55.198+0000] {manager.py:738} INFO - Searching for files in /opt/airflow/dags
[2026-08-25T11:44:55.199+0000] {manager.py:741} INFO - There are 1 files in /opt/airflow/dags
[2026-08-25T11:44:55.215+0000] {manager.py:879} INFO - 
================================================================================
DAG File Processing Stats

File Path                                   PID  Runtime      # DAGs    # Errors  Last Runtime    Last Run
----------------------------------------  -----  ---------  --------  ----------  --------------  -------------------
/opt/airflow/dags/setup_pagila_sakila.py    465  0.00s             1           0  0.11s           2026-08-25T11:44:25
================================================================================
[2026-08-25T11:45:25.358+0000] {manager.py:738} INFO - Searching for files in /opt/airflow/dags
[2026-08-25T11:45:25.359+0000] {manager.py:741} INFO - There are 1 files in /opt/airflow/dags
[2026-08-25T11:45:25.374+0000] {manager.py:879} INFO - 
================================================================================
DAG File Processing Stats

File Path                                   PID  Runtime      # DAGs    # Errors  Last Runtime    Last Run
----------------------------------------  -----  ---------  --------  ----------  --------------  -------------------
/opt/airflow/dags/setup_pagila_sakila.py    470  0.00s             1           0  0.12s           2026-08-25T11:44:55
================================================================================
[2026-08-25T11:45:55.564+0000] {manager.py:738} INFO - Searching for files in /opt/airflow/dags
[2026-08-25T11:45:55.566+0000] {manager.py:741} INFO - There are 1 files in /opt/airflow/dags
[2026-08-25T11:45:55.580+0000] {manager.py:879} INFO - 
================================================================================
DAG File Processing Stats

File Path                                   PID  Runtime      # DAGs    # Errors  Last Runtime    Last Run
----------------------------------------  -----  ---------  --------  ----------  --------------  -------------------
/opt/airflow/dags/setup_pagila_sakila.py    475  0.00s             1           0  0.12s           2026-08-25T11:45:25
================================================================================
[2026-08-25T11:46:25.734+0000] {manager.py:738} INFO - Searching for files in /opt/airflow/dags
[2026-08-25T11:46:25.736+0000] {manager.py:741} INFO - There are 1 files in /opt/airflow/dags
[2026-08-25T11:46:25.750+0000] {manager.py:879} INFO - 
================================================================================
DAG File Processing Stats

File Path                                   PID  Runtime      # DAGs    # Errors  Last Runtime    Last Run
----------------------------------------  -----  ---------  --------  ----------  --------------  -------------------
/opt/airflow/dags/setup_pagila_sakila.py    480  0.00s             1           0  0.11s           2026-08-25T11:45:55
================================================================================
[2026-08-25T11:46:55.948+0000] {manager.py:738} INFO - Searching for files in /opt/airflow/dags
[2026-08-25T11:46:55.950+0000] {manager.py:741} INFO - There are 1 files in /opt/airflow/dags
[2026-08-25T11:46:55.966+0000] {manager.py:879} INFO - 
================================================================================
DAG File Processing Stats

File Path                                   PID  Runtime      # DAGs    # Errors  Last Runtime    Last Run
----------------------------------------  -----  ---------  --------  ----------  --------------  -------------------
/opt/airflow/dags/setup_pagila_sakila.py    485  0.00s             1           0  0.10s           2026-08-25T11:46:25
================================================================================
[2026-08-25T11:47:26.130+0000] {manager.py:738} INFO - Searching for files in /opt/airflow/dags
[2026-08-25T11:47:26.138+0000] {manager.py:741} INFO - There are 1 files in /opt/airflow/dags
[2026-08-25T11:47:26.179+0000] {manager.py:879} INFO - 
================================================================================
DAG File Processing Stats

File Path                                   PID  Runtime      # DAGs    # Errors  Last Runtime    Last Run
----------------------------------------  -----  ---------  --------  ----------  --------------  -------------------
/opt/airflow/dags/setup_pagila_sakila.py    490  0.01s             1           0  0.14s           2026-08-25T11:46:56
================================================================================
[2026-08-25T11:47:56.357+0000] {manager.py:738} INFO - Searching for files in /opt/airflow/dags
[2026-08-25T11:47:56.359+0000] {manager.py:741} INFO - There are 1 files in /opt/airflow/dags
[2026-08-25T11:47:56.372+0000] {manager.py:879} INFO - 
================================================================================
DAG File Processing Stats

File Path                                   PID  Runtime      # DAGs    # Errors  Last Runtime    Last Run
----------------------------------------  -----  ---------  --------  ----------  --------------  -------------------
/opt/airflow/dags/setup_pagila_sakila.py    495  0.00s             1           0  0.13s           2026-08-25T11:47:26
================================================================================
[2026-08-25T11:48:26.544+0000] {manager.py:738} INFO - Searching for files in /opt/airflow/dags
[2026-08-25T11:48:26.549+0000] {manager.py:741} INFO - There are 1 files in /opt/airflow/dags
[2026-08-25T11:48:26.580+0000] {manager.py:879} INFO - 
================================================================================
DAG File Processing Stats

File Path                                   PID  Runtime      # DAGs    # Errors  Last Runtime    Last Run
----------------------------------------  -----  ---------  --------  ----------  --------------  -------------------
/opt/airflow/dags/setup_pagila_sakila.py    500  0.01s             1           0  0.11s           2026-08-25T11:47:56
================================================================================
[2026-08-25T11:48:56.754+0000] {manager.py:738} INFO - Searching for files in /opt/airflow/dags
[2026-08-25T11:48:56.760+0000] {manager.py:741} INFO - There are 1 files in /opt/airflow/dags
[2026-08-25T11:48:56.787+0000] {manager.py:879} INFO - 
================================================================================
DAG File Processing Stats

File Path                                   PID  Runtime      # DAGs    # Errors  Last Runtime    Last Run
----------------------------------------  -----  ---------  --------  ----------  --------------  -------------------
/opt/airflow/dags/setup_pagila_sakila.py    505  0.00s             1           0  0.12s           2026-08-25T11:48:26
================================================================================
[2026-08-25T11:49:26.950+0000] {manager.py:738} INFO - Searching for files in /opt/airflow/dags
[2026-08-25T11:49:26.952+0000] {manager.py:741} INFO - There are 1 files in /opt/airflow/dags
[2026-08-25T11:49:26.966+0000] {manager.py:879} INFO - 
================================================================================
DAG File Processing Stats

File Path                                   PID  Runtime      # DAGs    # Errors  Last Runtime    Last Run
----------------------------------------  -----  ---------  --------  ----------  --------------  -------------------
/opt/airflow/dags/setup_pagila_sakila.py    510  0.00s             1           0  0.12s           2026-08-25T11:48:56
================================================================================
[2026-08-25T11:49:57.151+0000] {manager.py:738} INFO - Searching for files in /opt/airflow/dags
[2026-08-25T11:49:57.152+0000] {manager.py:741} INFO - There are 1 files in /opt/airflow/dags
[2026-08-25T11:49:57.166+0000] {manager.py:879} INFO - 
================================================================================
DAG File Processing Stats

File Path                                   PID  Runtime      # DAGs    # Errors  Last Runtime    Last Run
----------------------------------------  -----  ---------  --------  ----------  --------------  -------------------
/opt/airflow/dags/setup_pagila_sakila.py    515  0.00s             1           0  0.14s           2026-08-25T11:49:27
================================================================================
[2026-08-25T11:50:27.350+0000] {manager.py:738} INFO - Searching for files in /opt/airflow/dags
[2026-08-25T11:50:27.352+0000] {manager.py:741} INFO - There are 1 files in /opt/airflow/dags
[2026-08-25T11:50:27.367+0000] {manager.py:879} INFO - 
================================================================================
DAG File Processing Stats

File Path                                   PID  Runtime      # DAGs    # Errors  Last Runtime    Last Run
----------------------------------------  -----  ---------  --------  ----------  --------------  -------------------
/opt/airflow/dags/setup_pagila_sakila.py    520  0.00s             1           0  0.11s           2026-08-25T11:49:57
================================================================================
[2026-08-25T11:50:57.509+0000] {manager.py:738} INFO - Searching for files in /opt/airflow/dags
[2026-08-25T11:50:57.511+0000] {manager.py:741} INFO - There are 1 files in /opt/airflow/dags
[2026-08-25T11:50:57.527+0000] {manager.py:879} INFO - 
================================================================================
DAG File Processing Stats

File Path                                   PID  Runtime      # DAGs    # Errors  Last Runtime    Last Run
----------------------------------------  -----  ---------  --------  ----------  --------------  -------------------
/opt/airflow/dags/setup_pagila_sakila.py    525  0.00s             1           0  0.13s           2026-08-25T11:50:27
================================================================================
[2026-08-25T11:51:27.754+0000] {manager.py:738} INFO - Searching for files in /opt/airflow/dags
[2026-08-25T11:51:27.756+0000] {manager.py:741} INFO - There are 1 files in /opt/airflow/dags
[2026-08-25T11:51:27.772+0000] {manager.py:879} INFO - 
================================================================================
DAG File Processing Stats

File Path                                   PID  Runtime      # DAGs    # Errors  Last Runtime    Last Run
----------------------------------------  -----  ---------  --------  ----------  --------------  -------------------
/opt/airflow/dags/setup_pagila_sakila.py    530  0.00s             1           0  0.12s           2026-08-25T11:50:57
================================================================================
[2026-08-25T11:51:57.923+0000] {manager.py:738} INFO - Searching for files in /opt/airflow/dags
[2026-08-25T11:51:57.929+0000] {manager.py:741} INFO - There are 1 files in /opt/airflow/dags
[2026-08-25T11:51:57.969+0000] {manager.py:879} INFO - 
================================================================================
DAG File Processing Stats

File Path                                   PID  Runtime      # DAGs    # Errors  Last Runtime    Last Run
----------------------------------------  -----  ---------  --------  ----------  --------------  -------------------
/opt/airflow/dags/setup_pagila_sakila.py    535  0.01s             1           0  0.12s           2026-08-25T11:51:27
================================================================================
[2026-08-25T11:52:28.138+0000] {manager.py:738} INFO - Searching for files in /opt/airflow/dags
[2026-08-25T11:52:28.139+0000] {manager.py:741} INFO - There are 1 files in /opt/airflow/dags
[2026-08-25T11:52:28.156+0000] {manager.py:879} INFO - 
================================================================================
DAG File Processing Stats

File Path                                   PID  Runtime      # DAGs    # Errors  Last Runtime    Last Run
----------------------------------------  -----  ---------  --------  ----------  --------------  -------------------
/opt/airflow/dags/setup_pagila_sakila.py    540  0.01s             1           0  0.12s           2026-08-25T11:51:58
================================================================================
[2026-08-25T11:52:58.316+0000] {manager.py:738} INFO - Searching for files in /opt/airflow/dags
[2026-08-25T11:52:58.322+0000] {manager.py:741} INFO - There are 1 files in /opt/airflow/dags
[2026-08-25T11:52:58.349+0000] {manager.py:879} INFO - 
================================================================================
DAG File Processing Stats

File Path                                   PID  Runtime      # DAGs    # Errors  Last Runtime    Last Run
----------------------------------------  -----  ---------  --------  ----------  --------------  -------------------
/opt/airflow/dags/setup_pagila_sakila.py    545  0.00s             1           0  0.12s           2026-08-25T11:52:28
================================================================================
[2026-08-25T11:53:28.497+0000] {manager.py:738} INFO - Searching for files in /opt/airflow/dags
[2026-08-25T11:53:28.499+0000] {manager.py:741} INFO - There are 1 files in /opt/airflow/dags
[2026-08-25T11:53:28.513+0000] {manager.py:879} INFO - 
================================================================================
DAG File Processing Stats

File Path                                   PID  Runtime      # DAGs    # Errors  Last Runtime    Last Run
----------------------------------------  -----  ---------  --------  ----------  --------------  -------------------
/opt/airflow/dags/setup_pagila_sakila.py    550  0.00s             1           0  0.13s           2026-08-25T11:52:58
================================================================================
[2026-08-25T11:53:58.722+0000] {manager.py:738} INFO - Searching for files in /opt/airflow/dags
[2026-08-25T11:53:58.724+0000] {manager.py:741} INFO - There are 1 files in /opt/airflow/dags
[2026-08-25T11:53:58.740+0000] {manager.py:879} INFO - 
================================================================================
DAG File Processing Stats

File Path                                   PID  Runtime      # DAGs    # Errors  Last Runtime    Last Run
----------------------------------------  -----  ---------  --------  ----------  --------------  -------------------
/opt/airflow/dags/setup_pagila_sakila.py    555  0.01s             1           0  0.10s           2026-08-25T11:53:28
================================================================================
[2026-08-25T11:54:28.887+0000] {manager.py:738} INFO - Searching for files in /opt/airflow/dags
[2026-08-25T11:54:28.890+0000] {manager.py:741} INFO - There are 1 files in /opt/airflow/dags
[2026-08-25T11:54:28.912+0000] {manager.py:879} INFO - 
================================================================================
DAG File Processing Stats

File Path                                   PID  Runtime      # DAGs    # Errors  Last Runtime    Last Run
----------------------------------------  -----  ---------  --------  ----------  --------------  -------------------
/opt/airflow/dags/setup_pagila_sakila.py    560  0.00s             1           0  0.11s           2026-08-25T11:53:58
================================================================================
[2026-08-25T11:54:59.070+0000] {manager.py:738} INFO - Searching for files in /opt/airflow/dags
[2026-08-25T11:54:59.071+0000] {manager.py:741} INFO - There are 1 files in /opt/airflow/dags
[2026-08-25T11:54:59.086+0000] {manager.py:879} INFO - 
================================================================================
DAG File Processing Stats

File Path                                   PID  Runtime      # DAGs    # Errors  Last Runtime    Last Run
----------------------------------------  -----  ---------  --------  ----------  --------------  -------------------
/opt/airflow/dags/setup_pagila_sakila.py    565  0.00s             1           0  0.10s           2026-08-25T11:54:29
================================================================================
[2026-08-25T11:55:29.244+0000] {manager.py:738} INFO - Searching for files in /opt/airflow/dags
[2026-08-25T11:55:29.246+0000] {manager.py:741} INFO - There are 1 files in /opt/airflow/dags
[2026-08-25T11:55:29.261+0000] {manager.py:879} INFO - 
================================================================================
DAG File Processing Stats

File Path                                   PID  Runtime      # DAGs    # Errors  Last Runtime    Last Run
----------------------------------------  -----  ---------  --------  ----------  --------------  -------------------
/opt/airflow/dags/setup_pagila_sakila.py    570  0.00s             1           0  0.12s           2026-08-25T11:54:59
================================================================================
[2026-08-25T11:55:59.437+0000] {manager.py:738} INFO - Searching for files in /opt/airflow/dags
[2026-08-25T11:55:59.440+0000] {manager.py:741} INFO - There are 1 files in /opt/airflow/dags
[2026-08-25T11:55:59.455+0000] {manager.py:879} INFO - 
================================================================================
DAG File Processing Stats

File Path                                   PID  Runtime      # DAGs    # Errors  Last Runtime    Last Run
----------------------------------------  -----  ---------  --------  ----------  --------------  -------------------
/opt/airflow/dags/setup_pagila_sakila.py    575  0.00s             1           0  0.10s           2026-08-25T11:55:29
================================================================================
[2026-08-25T11:56:29.583+0000] {manager.py:738} INFO - Searching for files in /opt/airflow/dags
[2026-08-25T11:56:29.586+0000] {manager.py:741} INFO - There are 1 files in /opt/airflow/dags
[2026-08-25T11:56:29.603+0000] {manager.py:879} INFO - 
================================================================================
DAG File Processing Stats

File Path                                   PID  Runtime      # DAGs    # Errors  Last Runtime    Last Run
----------------------------------------  -----  ---------  --------  ----------  --------------  -------------------
/opt/airflow/dags/setup_pagila_sakila.py    580  0.01s             1           0  0.11s           2026-08-25T11:55:59
================================================================================
[2026-08-25T11:56:59.782+0000] {manager.py:738} INFO - Searching for files in /opt/airflow/dags
[2026-08-25T11:56:59.784+0000] {manager.py:741} INFO - There are 1 files in /opt/airflow/dags
[2026-08-25T11:56:59.791+0000] {manager.py:879} INFO - 
================================================================================
DAG File Processing Stats

File Path                                 PID    Runtime      # DAGs    # Errors  Last Runtime    Last Run
----------------------------------------  -----  ---------  --------  ----------  --------------  -------------------
/opt/airflow/dags/setup_pagila_sakila.py                           1           0  0.22s           2026-08-25T11:56:29
================================================================================
[2026-08-25T11:57:30.094+0000] {manager.py:738} INFO - Searching for files in /opt/airflow/dags
[2026-08-25T11:57:30.096+0000] {manager.py:741} INFO - There are 1 files in /opt/airflow/dags
[2026-08-25T11:57:30.112+0000] {manager.py:879} INFO - 
================================================================================
DAG File Processing Stats

File Path                                   PID  Runtime      # DAGs    # Errors  Last Runtime    Last Run
----------------------------------------  -----  ---------  --------  ----------  --------------  -------------------
/opt/airflow/dags/setup_pagila_sakila.py    590  0.00s             1           0  0.11s           2026-08-25T11:57:00
================================================================================
[2026-08-25T11:58:00.309+0000] {manager.py:738} INFO - Searching for files in /opt/airflow/dags
[2026-08-25T11:58:00.311+0000] {manager.py:741} INFO - There are 1 files in /opt/airflow/dags
[2026-08-25T11:58:00.325+0000] {manager.py:879} INFO - 
================================================================================
DAG File Processing Stats

File Path                                   PID  Runtime      # DAGs    # Errors  Last Runtime    Last Run
----------------------------------------  -----  ---------  --------  ----------  --------------  -------------------
/opt/airflow/dags/setup_pagila_sakila.py    595  0.00s             1           0  0.11s           2026-08-25T11:57:30
================================================================================
[2026-08-25T11:58:30.471+0000] {manager.py:738} INFO - Searching for files in /opt/airflow/dags
[2026-08-25T11:58:30.476+0000] {manager.py:741} INFO - There are 1 files in /opt/airflow/dags
[2026-08-25T11:58:30.488+0000] {manager.py:879} INFO - 
================================================================================
DAG File Processing Stats

File Path                                 PID    Runtime      # DAGs    # Errors  Last Runtime    Last Run
----------------------------------------  -----  ---------  --------  ----------  --------------  -------------------
/opt/airflow/dags/setup_pagila_sakila.py                           1           0  0.17s           2026-08-25T11:58:00
================================================================================
[2026-08-25T11:59:00.755+0000] {manager.py:738} INFO - Searching for files in /opt/airflow/dags
[2026-08-25T11:59:00.757+0000] {manager.py:741} INFO - There are 1 files in /opt/airflow/dags
[2026-08-25T11:59:00.777+0000] {manager.py:879} INFO - 
================================================================================
DAG File Processing Stats

File Path                                   PID  Runtime      # DAGs    # Errors  Last Runtime    Last Run
----------------------------------------  -----  ---------  --------  ----------  --------------  -------------------
/opt/airflow/dags/setup_pagila_sakila.py    605  0.01s             1           0  0.13s           2026-08-25T11:58:30
================================================================================
[2026-08-25T11:59:30.987+0000] {manager.py:738} INFO - Searching for files in /opt/airflow/dags
[2026-08-25T11:59:30.989+0000] {manager.py:741} INFO - There are 1 files in /opt/airflow/dags
[2026-08-25T11:59:31.009+0000] {manager.py:879} INFO - 
================================================================================
DAG File Processing Stats

File Path                                   PID  Runtime      # DAGs    # Errors  Last Runtime    Last Run
----------------------------------------  -----  ---------  --------  ----------  --------------  -------------------
/opt/airflow/dags/setup_pagila_sakila.py    610  0.01s             1           0  0.14s           2026-08-25T11:59:00
================================================================================
[2026-08-25T12:00:01.172+0000] {manager.py:738} INFO - Searching for files in /opt/airflow/dags
[2026-08-25T12:00:01.174+0000] {manager.py:741} INFO - There are 1 files in /opt/airflow/dags
[2026-08-25T12:00:01.192+0000] {manager.py:879} INFO - 
================================================================================
DAG File Processing Stats

File Path                                   PID  Runtime      # DAGs    # Errors  Last Runtime    Last Run
----------------------------------------  -----  ---------  --------  ----------  --------------  -------------------
/opt/airflow/dags/setup_pagila_sakila.py    615  0.01s             1           0  0.14s           2026-08-25T11:59:31
================================================================================
[2026-08-25T12:00:31.384+0000] {manager.py:738} INFO - Searching for files in /opt/airflow/dags
[2026-08-25T12:00:31.386+0000] {manager.py:741} INFO - There are 1 files in /opt/airflow/dags
[2026-08-25T12:00:31.406+0000] {manager.py:879} INFO - 
================================================================================
DAG File Processing Stats

File Path                                   PID  Runtime      # DAGs    # Errors  Last Runtime    Last Run
----------------------------------------  -----  ---------  --------  ----------  --------------  -------------------
/opt/airflow/dags/setup_pagila_sakila.py    620  0.01s             1           0  0.11s           2026-08-25T12:00:01
================================================================================
[2026-08-25T12:01:01.550+0000] {manager.py:738} INFO - Searching for files in /opt/airflow/dags
[2026-08-25T12:01:01.552+0000] {manager.py:741} INFO - There are 1 files in /opt/airflow/dags
[2026-08-25T12:01:01.568+0000] {manager.py:879} INFO - 
================================================================================
DAG File Processing Stats

File Path                                   PID  Runtime      # DAGs    # Errors  Last Runtime    Last Run
----------------------------------------  -----  ---------  --------  ----------  --------------  -------------------
/opt/airflow/dags/setup_pagila_sakila.py    625  0.00s             1           0  0.14s           2026-08-25T12:00:31
================================================================================
[2026-08-25T12:01:31.797+0000] {manager.py:738} INFO - Searching for files in /opt/airflow/dags
[2026-08-25T12:01:31.799+0000] {manager.py:741} INFO - There are 1 files in /opt/airflow/dags
[2026-08-25T12:01:31.813+0000] {manager.py:879} INFO - 
================================================================================
DAG File Processing Stats

File Path                                   PID  Runtime      # DAGs    # Errors  Last Runtime    Last Run
----------------------------------------  -----  ---------  --------  ----------  --------------  -------------------
/opt/airflow/dags/setup_pagila_sakila.py    630  0.00s             1           0  0.13s           2026-08-25T12:01:01
================================================================================
[2026-08-25T12:02:01.958+0000] {manager.py:738} INFO - Searching for files in /opt/airflow/dags
[2026-08-25T12:02:01.960+0000] {manager.py:741} INFO - There are 1 files in /opt/airflow/dags
[2026-08-25T12:02:01.981+0000] {manager.py:879} INFO - 
================================================================================
DAG File Processing Stats

File Path                                   PID  Runtime      # DAGs    # Errors  Last Runtime    Last Run
----------------------------------------  -----  ---------  --------  ----------  --------------  -------------------
/opt/airflow/dags/setup_pagila_sakila.py    635  0.01s             1           0  0.11s           2026-08-25T12:01:31
================================================================================
[2026-08-25T12:02:32.176+0000] {manager.py:738} INFO - Searching for files in /opt/airflow/dags
[2026-08-25T12:02:32.178+0000] {manager.py:741} INFO - There are 1 files in /opt/airflow/dags
[2026-08-25T12:02:32.195+0000] {manager.py:879} INFO - 
================================================================================
DAG File Processing Stats

File Path                                   PID  Runtime      # DAGs    # Errors  Last Runtime    Last Run
----------------------------------------  -----  ---------  --------  ----------  --------------  -------------------
/opt/airflow/dags/setup_pagila_sakila.py    640  0.01s             1           0  0.14s           2026-08-25T12:02:02
================================================================================
[2026-08-25T12:03:02.402+0000] {manager.py:738} INFO - Searching for files in /opt/airflow/dags
[2026-08-25T12:03:02.406+0000] {manager.py:741} INFO - There are 1 files in /opt/airflow/dags
[2026-08-25T12:03:02.435+0000] {manager.py:879} INFO - 
================================================================================
DAG File Processing Stats

File Path                                   PID  Runtime      # DAGs    # Errors  Last Runtime    Last Run
----------------------------------------  -----  ---------  --------  ----------  --------------  -------------------
/opt/airflow/dags/setup_pagila_sakila.py    645  0.01s             1           0  0.12s           2026-08-25T12:02:32
================================================================================
[2026-08-25T12:03:32.570+0000] {manager.py:738} INFO - Searching for files in /opt/airflow/dags
[2026-08-25T12:03:32.571+0000] {manager.py:741} INFO - There are 1 files in /opt/airflow/dags
[2026-08-25T12:03:32.586+0000] {manager.py:879} INFO - 
================================================================================
DAG File Processing Stats

File Path                                   PID  Runtime      # DAGs    # Errors  Last Runtime    Last Run
----------------------------------------  -----  ---------  --------  ----------  --------------  -------------------
/opt/airflow/dags/setup_pagila_sakila.py    650  0.01s             1           0  0.11s           2026-08-25T12:03:02
================================================================================
[2026-08-25T12:04:02.812+0000] {manager.py:738} INFO - Searching for files in /opt/airflow/dags
[2026-08-25T12:04:02.815+0000] {manager.py:741} INFO - There are 1 files in /opt/airflow/dags
[2026-08-25T12:04:02.830+0000] {manager.py:879} INFO - 
================================================================================
DAG File Processing Stats

File Path                                   PID  Runtime      # DAGs    # Errors  Last Runtime    Last Run
----------------------------------------  -----  ---------  --------  ----------  --------------  -------------------
/opt/airflow/dags/setup_pagila_sakila.py    655  0.00s             1           0  0.12s           2026-08-25T12:03:32
================================================================================
[2026-08-25T12:04:32.981+0000] {manager.py:738} INFO - Searching for files in /opt/airflow/dags
[2026-08-25T12:04:32.984+0000] {manager.py:741} INFO - There are 1 files in /opt/airflow/dags
[2026-08-25T12:04:33.001+0000] {manager.py:879} INFO - 
================================================================================
DAG File Processing Stats

File Path                                   PID  Runtime      # DAGs    # Errors  Last Runtime    Last Run
----------------------------------------  -----  ---------  --------  ----------  --------------  -------------------
/opt/airflow/dags/setup_pagila_sakila.py    660  0.01s             1           0  0.10s           2026-08-25T12:04:02
================================================================================
[2026-08-25T12:05:03.165+0000] {manager.py:738} INFO - Searching for files in /opt/airflow/dags
[2026-08-25T12:05:03.167+0000] {manager.py:741} INFO - There are 1 files in /opt/airflow/dags
[2026-08-25T12:05:03.185+0000] {manager.py:879} INFO - 
================================================================================
DAG File Processing Stats

File Path                                   PID  Runtime      # DAGs    # Errors  Last Runtime    Last Run
----------------------------------------  -----  ---------  --------  ----------  --------------  -------------------
/opt/airflow/dags/setup_pagila_sakila.py    665  0.01s             1           0  0.12s           2026-08-25T12:04:33
================================================================================
[2026-08-25T12:05:33.341+0000] {manager.py:738} INFO - Searching for files in /opt/airflow/dags
[2026-08-25T12:05:33.343+0000] {manager.py:741} INFO - There are 1 files in /opt/airflow/dags
[2026-08-25T12:05:33.358+0000] {manager.py:879} INFO - 
================================================================================
DAG File Processing Stats

File Path                                   PID  Runtime      # DAGs    # Errors  Last Runtime    Last Run
----------------------------------------  -----  ---------  --------  ----------  --------------  -------------------
/opt/airflow/dags/setup_pagila_sakila.py    670  0.00s             1           0  0.12s           2026-08-25T12:05:03
================================================================================
[2026-08-25T12:06:03.537+0000] {manager.py:738} INFO - Searching for files in /opt/airflow/dags
[2026-08-25T12:06:03.539+0000] {manager.py:741} INFO - There are 1 files in /opt/airflow/dags
[2026-08-25T12:06:03.554+0000] {manager.py:879} INFO - 
================================================================================
DAG File Processing Stats

File Path                                   PID  Runtime      # DAGs    # Errors  Last Runtime    Last Run
----------------------------------------  -----  ---------  --------  ----------  --------------  -------------------
/opt/airflow/dags/setup_pagila_sakila.py    675  0.00s             1           0  0.11s           2026-08-25T12:05:33
================================================================================
[2026-08-25T12:06:33.720+0000] {manager.py:738} INFO - Searching for files in /opt/airflow/dags
[2026-08-25T12:06:33.722+0000] {manager.py:741} INFO - There are 1 files in /opt/airflow/dags
[2026-08-25T12:06:33.749+0000] {manager.py:879} INFO - 
================================================================================
DAG File Processing Stats

File Path                                   PID  Runtime      # DAGs    # Errors  Last Runtime    Last Run
----------------------------------------  -----  ---------  --------  ----------  --------------  -------------------
/opt/airflow/dags/setup_pagila_sakila.py    680  0.01s             1           0  0.10s           2026-08-25T12:06:03
================================================================================
[2026-08-25T12:07:03.923+0000] {manager.py:738} INFO - Searching for files in /opt/airflow/dags
[2026-08-25T12:07:03.925+0000] {manager.py:741} INFO - There are 1 files in /opt/airflow/dags
[2026-08-25T12:07:03.944+0000] {manager.py:879} INFO - 
================================================================================
DAG File Processing Stats

File Path                                   PID  Runtime      # DAGs    # Errors  Last Runtime    Last Run
----------------------------------------  -----  ---------  --------  ----------  --------------  -------------------
/opt/airflow/dags/setup_pagila_sakila.py    685  0.01s             1           0  0.14s           2026-08-25T12:06:33
================================================================================
[2026-08-25T12:07:34.142+0000] {manager.py:738} INFO - Searching for files in /opt/airflow/dags
[2026-08-25T12:07:34.149+0000] {manager.py:741} INFO - There are 1 files in /opt/airflow/dags
[2026-08-25T12:07:34.182+0000] {manager.py:879} INFO - 
================================================================================
DAG File Processing Stats

File Path                                   PID  Runtime      # DAGs    # Errors  Last Runtime    Last Run
----------------------------------------  -----  ---------  --------  ----------  --------------  -------------------
/opt/airflow/dags/setup_pagila_sakila.py    690  0.01s             1           0  0.13s           2026-08-25T12:07:04
================================================================================
