[2026-08-20T11:33:55.333+0000] {processor.py:161} INFO - Started process (PID=783) to work on /opt/airflow/dags/setup_pagila_sakila.py
[2026-08-20T11:33:55.341+0000] {processor.py:830} INFO - Processing file /opt/airflow/dags/setup_pagila_sakila.py for tasks to queue
[2026-08-20T11:33:55.358+0000] {logging_mixin.py:188} INFO - [2026-08-20T11:33:55.357+0000] {dagbag.py:538} INFO - Filling up the DagBag from /opt/airflow/dags/setup_pagila_sakila.py
[2026-08-20T11:33:55.834+0000] {processor.py:840} INFO - DAG(s) 'setup_pagila_sakila' retrieved from /opt/airflow/dags/setup_pagila_sakila.py
[2026-08-20T11:33:56.120+0000] {logging_mixin.py:188} INFO - [2026-08-20T11:33:56.119+0000] {dag.py:3036} INFO - Sync 1 DAGs
[2026-08-20T11:33:56.304+0000] {logging_mixin.py:188} INFO - [2026-08-20T11:33:56.304+0000] {dag.py:3823} INFO - Setting next_dagrun for setup_pagila_sakila to None, run_after=None
[2026-08-20T11:33:56.410+0000] {processor.py:183} INFO - Processing /opt/airflow/dags/setup_pagila_sakila.py took 1.088 seconds
[2026-08-20T11:34:26.507+0000] {processor.py:161} INFO - Started process (PID=790) to work on /opt/airflow/dags/setup_pagila_sakila.py
[2026-08-20T11:34:26.509+0000] {processor.py:830} INFO - Processing file /opt/airflow/dags/setup_pagila_sakila.py for tasks to queue
[2026-08-20T11:34:26.511+0000] {logging_mixin.py:188} INFO - [2026-08-20T11:34:26.510+0000] {dagbag.py:538} INFO - Filling up the DagBag from /opt/airflow/dags/setup_pagila_sakila.py
[2026-08-20T11:34:26.531+0000] {processor.py:840} INFO - DAG(s) 'setup_pagila_sakila' retrieved from /opt/airflow/dags/setup_pagila_sakila.py
[2026-08-20T11:34:26.566+0000] {logging_mixin.py:188} INFO - [2026-08-20T11:34:26.566+0000] {dag.py:3036} INFO - Sync 1 DAGs
[2026-08-20T11:34:26.584+0000] {logging_mixin.py:188} INFO - [2026-08-20T11:34:26.584+0000] {dag.py:3823} INFO - Setting next_dagrun for setup_pagila_sakila to None, run_after=None
[2026-08-20T11:34:26.606+0000] {processor.py:183} INFO - Processing /opt/airflow/dags/setup_pagila_sakila.py took 0.104 seconds
[2026-08-20T11:34:56.684+0000] {processor.py:161} INFO - Started process (PID=795) to work on /opt/airflow/dags/setup_pagila_sakila.py
[2026-08-20T11:34:56.686+0000] {processor.py:830} INFO - Processing file /opt/airflow/dags/setup_pagila_sakila.py for tasks to queue
[2026-08-20T11:34:56.688+0000] {logging_mixin.py:188} INFO - [2026-08-20T11:34:56.688+0000] {dagbag.py:538} INFO - Filling up the DagBag from /opt/airflow/dags/setup_pagila_sakila.py
[2026-08-20T11:34:56.715+0000] {processor.py:840} INFO - DAG(s) 'setup_pagila_sakila' retrieved from /opt/airflow/dags/setup_pagila_sakila.py
[2026-08-20T11:34:56.742+0000] {logging_mixin.py:188} INFO - [2026-08-20T11:34:56.741+0000] {dag.py:3036} INFO - Sync 1 DAGs
[2026-08-20T11:34:56.755+0000] {logging_mixin.py:188} INFO - [2026-08-20T11:34:56.755+0000] {dag.py:3823} INFO - Setting next_dagrun for setup_pagila_sakila to None, run_after=None
[2026-08-20T11:34:56.773+0000] {processor.py:183} INFO - Processing /opt/airflow/dags/setup_pagila_sakila.py took 0.095 seconds
[2026-08-20T11:35:26.867+0000] {processor.py:161} INFO - Started process (PID=800) to work on /opt/airflow/dags/setup_pagila_sakila.py
[2026-08-20T11:35:26.869+0000] {processor.py:830} INFO - Processing file /opt/airflow/dags/setup_pagila_sakila.py for tasks to queue
[2026-08-20T11:35:26.870+0000] {logging_mixin.py:188} INFO - [2026-08-20T11:35:26.870+0000] {dagbag.py:538} INFO - Filling up the DagBag from /opt/airflow/dags/setup_pagila_sakila.py
[2026-08-20T11:35:26.890+0000] {processor.py:840} INFO - DAG(s) 'setup_pagila_sakila' retrieved from /opt/airflow/dags/setup_pagila_sakila.py
[2026-08-20T11:35:26.923+0000] {logging_mixin.py:188} INFO - [2026-08-20T11:35:26.923+0000] {dag.py:3036} INFO - Sync 1 DAGs
[2026-08-20T11:35:26.938+0000] {logging_mixin.py:188} INFO - [2026-08-20T11:35:26.938+0000] {dag.py:3823} INFO - Setting next_dagrun for setup_pagila_sakila to None, run_after=None
[2026-08-20T11:35:26.965+0000] {processor.py:183} INFO - Processing /opt/airflow/dags/setup_pagila_sakila.py took 0.102 seconds
[2026-08-20T11:35:57.066+0000] {processor.py:161} INFO - Started process (PID=805) to work on /opt/airflow/dags/setup_pagila_sakila.py
[2026-08-20T11:35:57.069+0000] {processor.py:830} INFO - Processing file /opt/airflow/dags/setup_pagila_sakila.py for tasks to queue
[2026-08-20T11:35:57.071+0000] {logging_mixin.py:188} INFO - [2026-08-20T11:35:57.070+0000] {dagbag.py:538} INFO - Filling up the DagBag from /opt/airflow/dags/setup_pagila_sakila.py
[2026-08-20T11:35:57.093+0000] {processor.py:840} INFO - DAG(s) 'setup_pagila_sakila' retrieved from /opt/airflow/dags/setup_pagila_sakila.py
[2026-08-20T11:35:57.128+0000] {logging_mixin.py:188} INFO - [2026-08-20T11:35:57.128+0000] {dag.py:3036} INFO - Sync 1 DAGs
[2026-08-20T11:35:57.145+0000] {logging_mixin.py:188} INFO - [2026-08-20T11:35:57.145+0000] {dag.py:3823} INFO - Setting next_dagrun for setup_pagila_sakila to None, run_after=None
[2026-08-20T11:35:57.170+0000] {processor.py:183} INFO - Processing /opt/airflow/dags/setup_pagila_sakila.py took 0.110 seconds
[2026-08-20T11:36:27.299+0000] {processor.py:161} INFO - Started process (PID=810) to work on /opt/airflow/dags/setup_pagila_sakila.py
[2026-08-20T11:36:27.300+0000] {processor.py:830} INFO - Processing file /opt/airflow/dags/setup_pagila_sakila.py for tasks to queue
[2026-08-20T11:36:27.302+0000] {logging_mixin.py:188} INFO - [2026-08-20T11:36:27.301+0000] {dagbag.py:538} INFO - Filling up the DagBag from /opt/airflow/dags/setup_pagila_sakila.py
[2026-08-20T11:36:27.320+0000] {processor.py:840} INFO - DAG(s) 'setup_pagila_sakila' retrieved from /opt/airflow/dags/setup_pagila_sakila.py
[2026-08-20T11:36:27.344+0000] {logging_mixin.py:188} INFO - [2026-08-20T11:36:27.344+0000] {dag.py:3036} INFO - Sync 1 DAGs
[2026-08-20T11:36:27.357+0000] {logging_mixin.py:188} INFO - [2026-08-20T11:36:27.357+0000] {dag.py:3823} INFO - Setting next_dagrun for setup_pagila_sakila to None, run_after=None
[2026-08-20T11:36:27.375+0000] {processor.py:183} INFO - Processing /opt/airflow/dags/setup_pagila_sakila.py took 0.080 seconds
[2026-08-20T11:36:57.510+0000] {processor.py:161} INFO - Started process (PID=815) to work on /opt/airflow/dags/setup_pagila_sakila.py
[2026-08-20T11:36:57.512+0000] {processor.py:830} INFO - Processing file /opt/airflow/dags/setup_pagila_sakila.py for tasks to queue
[2026-08-20T11:36:57.513+0000] {logging_mixin.py:188} INFO - [2026-08-20T11:36:57.513+0000] {dagbag.py:538} INFO - Filling up the DagBag from /opt/airflow/dags/setup_pagila_sakila.py
[2026-08-20T11:36:57.534+0000] {processor.py:840} INFO - DAG(s) 'setup_pagila_sakila' retrieved from /opt/airflow/dags/setup_pagila_sakila.py
[2026-08-20T11:36:57.729+0000] {logging_mixin.py:188} INFO - [2026-08-20T11:36:57.729+0000] {dag.py:3036} INFO - Sync 1 DAGs
[2026-08-20T11:36:57.740+0000] {logging_mixin.py:188} INFO - [2026-08-20T11:36:57.739+0000] {dag.py:3823} INFO - Setting next_dagrun for setup_pagila_sakila to None, run_after=None
[2026-08-20T11:36:57.763+0000] {processor.py:183} INFO - Processing /opt/airflow/dags/setup_pagila_sakila.py took 0.257 seconds
[2026-08-20T11:37:23.956+0000] {processor.py:161} INFO - Started process (PID=205) to work on /opt/airflow/dags/setup_pagila_sakila.py
[2026-08-20T11:37:23.958+0000] {processor.py:830} INFO - Processing file /opt/airflow/dags/setup_pagila_sakila.py for tasks to queue
[2026-08-20T11:37:23.959+0000] {logging_mixin.py:188} INFO - [2026-08-20T11:37:23.959+0000] {dagbag.py:538} INFO - Filling up the DagBag from /opt/airflow/dags/setup_pagila_sakila.py
[2026-08-20T11:37:24.006+0000] {processor.py:840} INFO - DAG(s) 'setup_pagila_sakila' retrieved from /opt/airflow/dags/setup_pagila_sakila.py
[2026-08-20T11:37:24.032+0000] {logging_mixin.py:188} INFO - [2026-08-20T11:37:24.031+0000] {dag.py:3036} INFO - Sync 1 DAGs
[2026-08-20T11:37:24.048+0000] {logging_mixin.py:188} INFO - [2026-08-20T11:37:24.048+0000] {dag.py:3823} INFO - Setting next_dagrun for setup_pagila_sakila to None, run_after=None
[2026-08-20T11:37:24.068+0000] {processor.py:183} INFO - Processing /opt/airflow/dags/setup_pagila_sakila.py took 0.127 seconds
[2026-08-20T11:37:54.154+0000] {processor.py:161} INFO - Started process (PID=210) to work on /opt/airflow/dags/setup_pagila_sakila.py
[2026-08-20T11:37:54.155+0000] {processor.py:830} INFO - Processing file /opt/airflow/dags/setup_pagila_sakila.py for tasks to queue
[2026-08-20T11:37:54.156+0000] {logging_mixin.py:188} INFO - [2026-08-20T11:37:54.156+0000] {dagbag.py:538} INFO - Filling up the DagBag from /opt/airflow/dags/setup_pagila_sakila.py
[2026-08-20T11:37:54.172+0000] {processor.py:840} INFO - DAG(s) 'setup_pagila_sakila' retrieved from /opt/airflow/dags/setup_pagila_sakila.py
[2026-08-20T11:37:54.279+0000] {logging_mixin.py:188} INFO - [2026-08-20T11:37:54.279+0000] {dag.py:3036} INFO - Sync 1 DAGs
[2026-08-20T11:37:54.289+0000] {logging_mixin.py:188} INFO - [2026-08-20T11:37:54.289+0000] {dag.py:3823} INFO - Setting next_dagrun for setup_pagila_sakila to None, run_after=None
[2026-08-20T11:37:54.306+0000] {processor.py:183} INFO - Processing /opt/airflow/dags/setup_pagila_sakila.py took 0.158 seconds
[2026-08-20T11:38:24.371+0000] {processor.py:161} INFO - Started process (PID=215) to work on /opt/airflow/dags/setup_pagila_sakila.py
[2026-08-20T11:38:24.373+0000] {processor.py:830} INFO - Processing file /opt/airflow/dags/setup_pagila_sakila.py for tasks to queue
[2026-08-20T11:38:24.375+0000] {logging_mixin.py:188} INFO - [2026-08-20T11:38:24.374+0000] {dagbag.py:538} INFO - Filling up the DagBag from /opt/airflow/dags/setup_pagila_sakila.py
[2026-08-20T11:38:24.402+0000] {processor.py:840} INFO - DAG(s) 'setup_pagila_sakila' retrieved from /opt/airflow/dags/setup_pagila_sakila.py
[2026-08-20T11:38:24.452+0000] {logging_mixin.py:188} INFO - [2026-08-20T11:38:24.452+0000] {dag.py:3036} INFO - Sync 1 DAGs
[2026-08-20T11:38:24.470+0000] {logging_mixin.py:188} INFO - [2026-08-20T11:38:24.470+0000] {dag.py:3823} INFO - Setting next_dagrun for setup_pagila_sakila to None, run_after=None
[2026-08-20T11:38:24.494+0000] {processor.py:183} INFO - Processing /opt/airflow/dags/setup_pagila_sakila.py took 0.127 seconds
[2026-08-20T11:38:54.634+0000] {processor.py:161} INFO - Started process (PID=220) to work on /opt/airflow/dags/setup_pagila_sakila.py
[2026-08-20T11:38:54.635+0000] {processor.py:830} INFO - Processing file /opt/airflow/dags/setup_pagila_sakila.py for tasks to queue
[2026-08-20T11:38:54.637+0000] {logging_mixin.py:188} INFO - [2026-08-20T11:38:54.636+0000] {dagbag.py:538} INFO - Filling up the DagBag from /opt/airflow/dags/setup_pagila_sakila.py
[2026-08-20T11:38:54.665+0000] {processor.py:840} INFO - DAG(s) 'setup_pagila_sakila' retrieved from /opt/airflow/dags/setup_pagila_sakila.py
[2026-08-20T11:38:54.693+0000] {logging_mixin.py:188} INFO - [2026-08-20T11:38:54.693+0000] {dag.py:3036} INFO - Sync 1 DAGs
[2026-08-20T11:38:54.707+0000] {logging_mixin.py:188} INFO - [2026-08-20T11:38:54.707+0000] {dag.py:3823} INFO - Setting next_dagrun for setup_pagila_sakila to None, run_after=None
[2026-08-20T11:38:54.727+0000] {processor.py:183} INFO - Processing /opt/airflow/dags/setup_pagila_sakila.py took 0.096 seconds
[2026-08-20T11:39:24.885+0000] {processor.py:161} INFO - Started process (PID=225) to work on /opt/airflow/dags/setup_pagila_sakila.py
[2026-08-20T11:39:24.886+0000] {processor.py:830} INFO - Processing file /opt/airflow/dags/setup_pagila_sakila.py for tasks to queue
[2026-08-20T11:39:24.888+0000] {logging_mixin.py:188} INFO - [2026-08-20T11:39:24.887+0000] {dagbag.py:538} INFO - Filling up the DagBag from /opt/airflow/dags/setup_pagila_sakila.py
[2026-08-20T11:39:24.912+0000] {processor.py:840} INFO - DAG(s) 'setup_pagila_sakila' retrieved from /opt/airflow/dags/setup_pagila_sakila.py
[2026-08-20T11:39:24.940+0000] {logging_mixin.py:188} INFO - [2026-08-20T11:39:24.940+0000] {dag.py:3036} INFO - Sync 1 DAGs
[2026-08-20T11:39:24.956+0000] {logging_mixin.py:188} INFO - [2026-08-20T11:39:24.956+0000] {dag.py:3823} INFO - Setting next_dagrun for setup_pagila_sakila to None, run_after=None
[2026-08-20T11:39:24.976+0000] {processor.py:183} INFO - Processing /opt/airflow/dags/setup_pagila_sakila.py took 0.097 seconds
[2026-08-20T11:39:55.054+0000] {processor.py:161} INFO - Started process (PID=235) to work on /opt/airflow/dags/setup_pagila_sakila.py
[2026-08-20T11:39:55.055+0000] {processor.py:830} INFO - Processing file /opt/airflow/dags/setup_pagila_sakila.py for tasks to queue
[2026-08-20T11:39:55.056+0000] {logging_mixin.py:188} INFO - [2026-08-20T11:39:55.056+0000] {dagbag.py:538} INFO - Filling up the DagBag from /opt/airflow/dags/setup_pagila_sakila.py
[2026-08-20T11:39:55.072+0000] {processor.py:840} INFO - DAG(s) 'setup_pagila_sakila' retrieved from /opt/airflow/dags/setup_pagila_sakila.py
[2026-08-20T11:39:55.099+0000] {logging_mixin.py:188} INFO - [2026-08-20T11:39:55.099+0000] {dag.py:3036} INFO - Sync 1 DAGs
[2026-08-20T11:39:55.112+0000] {logging_mixin.py:188} INFO - [2026-08-20T11:39:55.111+0000] {dag.py:3823} INFO - Setting next_dagrun for setup_pagila_sakila to None, run_after=None
[2026-08-20T11:39:55.129+0000] {processor.py:183} INFO - Processing /opt/airflow/dags/setup_pagila_sakila.py took 0.079 seconds
[2026-08-20T11:40:25.268+0000] {processor.py:161} INFO - Started process (PID=240) to work on /opt/airflow/dags/setup_pagila_sakila.py
[2026-08-20T11:40:25.269+0000] {processor.py:830} INFO - Processing file /opt/airflow/dags/setup_pagila_sakila.py for tasks to queue
[2026-08-20T11:40:25.270+0000] {logging_mixin.py:188} INFO - [2026-08-20T11:40:25.270+0000] {dagbag.py:538} INFO - Filling up the DagBag from /opt/airflow/dags/setup_pagila_sakila.py
[2026-08-20T11:40:25.289+0000] {processor.py:840} INFO - DAG(s) 'setup_pagila_sakila' retrieved from /opt/airflow/dags/setup_pagila_sakila.py
[2026-08-20T11:40:25.320+0000] {logging_mixin.py:188} INFO - [2026-08-20T11:40:25.320+0000] {dag.py:3036} INFO - Sync 1 DAGs
[2026-08-20T11:40:25.335+0000] {logging_mixin.py:188} INFO - [2026-08-20T11:40:25.335+0000] {dag.py:3823} INFO - Setting next_dagrun for setup_pagila_sakila to None, run_after=None
[2026-08-20T11:40:25.355+0000] {processor.py:183} INFO - Processing /opt/airflow/dags/setup_pagila_sakila.py took 0.092 seconds
[2026-08-20T11:40:55.406+0000] {processor.py:161} INFO - Started process (PID=245) to work on /opt/airflow/dags/setup_pagila_sakila.py
[2026-08-20T11:40:55.407+0000] {processor.py:830} INFO - Processing file /opt/airflow/dags/setup_pagila_sakila.py for tasks to queue
[2026-08-20T11:40:55.408+0000] {logging_mixin.py:188} INFO - [2026-08-20T11:40:55.408+0000] {dagbag.py:538} INFO - Filling up the DagBag from /opt/airflow/dags/setup_pagila_sakila.py
[2026-08-20T11:40:55.422+0000] {processor.py:840} INFO - DAG(s) 'setup_pagila_sakila' retrieved from /opt/airflow/dags/setup_pagila_sakila.py
[2026-08-20T11:40:55.454+0000] {logging_mixin.py:188} INFO - [2026-08-20T11:40:55.454+0000] {dag.py:3036} INFO - Sync 1 DAGs
[2026-08-20T11:40:55.469+0000] {logging_mixin.py:188} INFO - [2026-08-20T11:40:55.469+0000] {dag.py:3823} INFO - Setting next_dagrun for setup_pagila_sakila to None, run_after=None
[2026-08-20T11:40:55.489+0000] {processor.py:183} INFO - Processing /opt/airflow/dags/setup_pagila_sakila.py took 0.086 seconds
[2026-08-20T11:41:25.610+0000] {processor.py:161} INFO - Started process (PID=250) to work on /opt/airflow/dags/setup_pagila_sakila.py
[2026-08-20T11:41:25.611+0000] {processor.py:830} INFO - Processing file /opt/airflow/dags/setup_pagila_sakila.py for tasks to queue
[2026-08-20T11:41:25.613+0000] {logging_mixin.py:188} INFO - [2026-08-20T11:41:25.612+0000] {dagbag.py:538} INFO - Filling up the DagBag from /opt/airflow/dags/setup_pagila_sakila.py
[2026-08-20T11:41:25.633+0000] {processor.py:840} INFO - DAG(s) 'setup_pagila_sakila' retrieved from /opt/airflow/dags/setup_pagila_sakila.py
[2026-08-20T11:41:25.665+0000] {logging_mixin.py:188} INFO - [2026-08-20T11:41:25.665+0000] {dag.py:3036} INFO - Sync 1 DAGs
[2026-08-20T11:41:25.682+0000] {logging_mixin.py:188} INFO - [2026-08-20T11:41:25.681+0000] {dag.py:3823} INFO - Setting next_dagrun for setup_pagila_sakila to None, run_after=None
[2026-08-20T11:41:25.704+0000] {processor.py:183} INFO - Processing /opt/airflow/dags/setup_pagila_sakila.py took 0.098 seconds
[2026-08-20T11:41:55.800+0000] {processor.py:161} INFO - Started process (PID=255) to work on /opt/airflow/dags/setup_pagila_sakila.py
[2026-08-20T11:41:55.802+0000] {processor.py:830} INFO - Processing file /opt/airflow/dags/setup_pagila_sakila.py for tasks to queue
[2026-08-20T11:41:55.803+0000] {logging_mixin.py:188} INFO - [2026-08-20T11:41:55.803+0000] {dagbag.py:538} INFO - Filling up the DagBag from /opt/airflow/dags/setup_pagila_sakila.py
[2026-08-20T11:41:55.821+0000] {processor.py:840} INFO - DAG(s) 'setup_pagila_sakila' retrieved from /opt/airflow/dags/setup_pagila_sakila.py
[2026-08-20T11:41:55.851+0000] {logging_mixin.py:188} INFO - [2026-08-20T11:41:55.850+0000] {dag.py:3036} INFO - Sync 1 DAGs
[2026-08-20T11:41:55.866+0000] {logging_mixin.py:188} INFO - [2026-08-20T11:41:55.866+0000] {dag.py:3823} INFO - Setting next_dagrun for setup_pagila_sakila to None, run_after=None
[2026-08-20T11:41:55.884+0000] {processor.py:183} INFO - Processing /opt/airflow/dags/setup_pagila_sakila.py took 0.089 seconds
[2026-08-20T11:42:26.001+0000] {processor.py:161} INFO - Started process (PID=260) to work on /opt/airflow/dags/setup_pagila_sakila.py
[2026-08-20T11:42:26.003+0000] {processor.py:830} INFO - Processing file /opt/airflow/dags/setup_pagila_sakila.py for tasks to queue
[2026-08-20T11:42:26.005+0000] {logging_mixin.py:188} INFO - [2026-08-20T11:42:26.004+0000] {dagbag.py:538} INFO - Filling up the DagBag from /opt/airflow/dags/setup_pagila_sakila.py
[2026-08-20T11:42:26.031+0000] {processor.py:840} INFO - DAG(s) 'setup_pagila_sakila' retrieved from /opt/airflow/dags/setup_pagila_sakila.py
[2026-08-20T11:42:26.076+0000] {logging_mixin.py:188} INFO - [2026-08-20T11:42:26.076+0000] {dag.py:3036} INFO - Sync 1 DAGs
[2026-08-20T11:42:26.098+0000] {logging_mixin.py:188} INFO - [2026-08-20T11:42:26.097+0000] {dag.py:3823} INFO - Setting next_dagrun for setup_pagila_sakila to None, run_after=None
[2026-08-20T11:42:26.125+0000] {processor.py:183} INFO - Processing /opt/airflow/dags/setup_pagila_sakila.py took 0.128 seconds
[2026-08-20T11:42:56.207+0000] {processor.py:161} INFO - Started process (PID=265) to work on /opt/airflow/dags/setup_pagila_sakila.py
[2026-08-20T11:42:56.209+0000] {processor.py:830} INFO - Processing file /opt/airflow/dags/setup_pagila_sakila.py for tasks to queue
[2026-08-20T11:42:56.210+0000] {logging_mixin.py:188} INFO - [2026-08-20T11:42:56.210+0000] {dagbag.py:538} INFO - Filling up the DagBag from /opt/airflow/dags/setup_pagila_sakila.py
[2026-08-20T11:42:56.232+0000] {processor.py:840} INFO - DAG(s) 'setup_pagila_sakila' retrieved from /opt/airflow/dags/setup_pagila_sakila.py
[2026-08-20T11:42:56.264+0000] {logging_mixin.py:188} INFO - [2026-08-20T11:42:56.264+0000] {dag.py:3036} INFO - Sync 1 DAGs
[2026-08-20T11:42:56.277+0000] {logging_mixin.py:188} INFO - [2026-08-20T11:42:56.277+0000] {dag.py:3823} INFO - Setting next_dagrun for setup_pagila_sakila to None, run_after=None
[2026-08-20T11:42:56.296+0000] {processor.py:183} INFO - Processing /opt/airflow/dags/setup_pagila_sakila.py took 0.094 seconds
[2026-08-20T11:43:26.445+0000] {processor.py:161} INFO - Started process (PID=270) to work on /opt/airflow/dags/setup_pagila_sakila.py
[2026-08-20T11:43:26.446+0000] {processor.py:830} INFO - Processing file /opt/airflow/dags/setup_pagila_sakila.py for tasks to queue
[2026-08-20T11:43:26.447+0000] {logging_mixin.py:188} INFO - [2026-08-20T11:43:26.447+0000] {dagbag.py:538} INFO - Filling up the DagBag from /opt/airflow/dags/setup_pagila_sakila.py
[2026-08-20T11:43:26.467+0000] {processor.py:840} INFO - DAG(s) 'setup_pagila_sakila' retrieved from /opt/airflow/dags/setup_pagila_sakila.py
[2026-08-20T11:43:26.501+0000] {logging_mixin.py:188} INFO - [2026-08-20T11:43:26.501+0000] {dag.py:3036} INFO - Sync 1 DAGs
[2026-08-20T11:43:26.513+0000] {logging_mixin.py:188} INFO - [2026-08-20T11:43:26.513+0000] {dag.py:3823} INFO - Setting next_dagrun for setup_pagila_sakila to None, run_after=None
[2026-08-20T11:43:26.530+0000] {processor.py:183} INFO - Processing /opt/airflow/dags/setup_pagila_sakila.py took 0.088 seconds
[2026-08-20T11:43:56.601+0000] {processor.py:161} INFO - Started process (PID=275) to work on /opt/airflow/dags/setup_pagila_sakila.py
[2026-08-20T11:43:56.602+0000] {processor.py:830} INFO - Processing file /opt/airflow/dags/setup_pagila_sakila.py for tasks to queue
[2026-08-20T11:43:56.603+0000] {logging_mixin.py:188} INFO - [2026-08-20T11:43:56.603+0000] {dagbag.py:538} INFO - Filling up the DagBag from /opt/airflow/dags/setup_pagila_sakila.py
[2026-08-20T11:43:56.619+0000] {processor.py:840} INFO - DAG(s) 'setup_pagila_sakila' retrieved from /opt/airflow/dags/setup_pagila_sakila.py
[2026-08-20T11:43:56.655+0000] {logging_mixin.py:188} INFO - [2026-08-20T11:43:56.655+0000] {dag.py:3036} INFO - Sync 1 DAGs
[2026-08-20T11:43:56.671+0000] {logging_mixin.py:188} INFO - [2026-08-20T11:43:56.671+0000] {dag.py:3823} INFO - Setting next_dagrun for setup_pagila_sakila to None, run_after=None
[2026-08-20T11:43:56.696+0000] {processor.py:183} INFO - Processing /opt/airflow/dags/setup_pagila_sakila.py took 0.098 seconds
[2026-08-20T11:44:26.807+0000] {processor.py:161} INFO - Started process (PID=280) to work on /opt/airflow/dags/setup_pagila_sakila.py
[2026-08-20T11:44:26.808+0000] {processor.py:830} INFO - Processing file /opt/airflow/dags/setup_pagila_sakila.py for tasks to queue
[2026-08-20T11:44:26.810+0000] {logging_mixin.py:188} INFO - [2026-08-20T11:44:26.809+0000] {dagbag.py:538} INFO - Filling up the DagBag from /opt/airflow/dags/setup_pagila_sakila.py
[2026-08-20T11:44:26.827+0000] {processor.py:840} INFO - DAG(s) 'setup_pagila_sakila' retrieved from /opt/airflow/dags/setup_pagila_sakila.py
[2026-08-20T11:44:26.861+0000] {logging_mixin.py:188} INFO - [2026-08-20T11:44:26.860+0000] {dag.py:3036} INFO - Sync 1 DAGs
[2026-08-20T11:44:26.875+0000] {logging_mixin.py:188} INFO - [2026-08-20T11:44:26.875+0000] {dag.py:3823} INFO - Setting next_dagrun for setup_pagila_sakila to None, run_after=None
[2026-08-20T11:44:26.895+0000] {processor.py:183} INFO - Processing /opt/airflow/dags/setup_pagila_sakila.py took 0.091 seconds
[2026-08-20T11:44:57.012+0000] {processor.py:161} INFO - Started process (PID=285) to work on /opt/airflow/dags/setup_pagila_sakila.py
[2026-08-20T11:44:57.013+0000] {processor.py:830} INFO - Processing file /opt/airflow/dags/setup_pagila_sakila.py for tasks to queue
[2026-08-20T11:44:57.014+0000] {logging_mixin.py:188} INFO - [2026-08-20T11:44:57.014+0000] {dagbag.py:538} INFO - Filling up the DagBag from /opt/airflow/dags/setup_pagila_sakila.py
[2026-08-20T11:44:57.028+0000] {processor.py:840} INFO - DAG(s) 'setup_pagila_sakila' retrieved from /opt/airflow/dags/setup_pagila_sakila.py
[2026-08-20T11:44:57.063+0000] {logging_mixin.py:188} INFO - [2026-08-20T11:44:57.063+0000] {dag.py:3036} INFO - Sync 1 DAGs
[2026-08-20T11:44:57.075+0000] {logging_mixin.py:188} INFO - [2026-08-20T11:44:57.075+0000] {dag.py:3823} INFO - Setting next_dagrun for setup_pagila_sakila to None, run_after=None
[2026-08-20T11:44:57.092+0000] {processor.py:183} INFO - Processing /opt/airflow/dags/setup_pagila_sakila.py took 0.083 seconds
[2026-08-20T11:45:27.252+0000] {processor.py:161} INFO - Started process (PID=290) to work on /opt/airflow/dags/setup_pagila_sakila.py
[2026-08-20T11:45:27.253+0000] {processor.py:830} INFO - Processing file /opt/airflow/dags/setup_pagila_sakila.py for tasks to queue
[2026-08-20T11:45:27.255+0000] {logging_mixin.py:188} INFO - [2026-08-20T11:45:27.254+0000] {dagbag.py:538} INFO - Filling up the DagBag from /opt/airflow/dags/setup_pagila_sakila.py
[2026-08-20T11:45:27.270+0000] {processor.py:840} INFO - DAG(s) 'setup_pagila_sakila' retrieved from /opt/airflow/dags/setup_pagila_sakila.py
[2026-08-20T11:45:27.295+0000] {logging_mixin.py:188} INFO - [2026-08-20T11:45:27.294+0000] {dag.py:3036} INFO - Sync 1 DAGs
[2026-08-20T11:45:27.309+0000] {logging_mixin.py:188} INFO - [2026-08-20T11:45:27.309+0000] {dag.py:3823} INFO - Setting next_dagrun for setup_pagila_sakila to None, run_after=None
[2026-08-20T11:45:27.326+0000] {processor.py:183} INFO - Processing /opt/airflow/dags/setup_pagila_sakila.py took 0.077 seconds
[2026-08-20T11:45:57.442+0000] {processor.py:161} INFO - Started process (PID=295) to work on /opt/airflow/dags/setup_pagila_sakila.py
[2026-08-20T11:45:57.443+0000] {processor.py:830} INFO - Processing file /opt/airflow/dags/setup_pagila_sakila.py for tasks to queue
[2026-08-20T11:45:57.445+0000] {logging_mixin.py:188} INFO - [2026-08-20T11:45:57.444+0000] {dagbag.py:538} INFO - Filling up the DagBag from /opt/airflow/dags/setup_pagila_sakila.py
[2026-08-20T11:45:57.461+0000] {processor.py:840} INFO - DAG(s) 'setup_pagila_sakila' retrieved from /opt/airflow/dags/setup_pagila_sakila.py
[2026-08-20T11:45:57.491+0000] {logging_mixin.py:188} INFO - [2026-08-20T11:45:57.491+0000] {dag.py:3036} INFO - Sync 1 DAGs
[2026-08-20T11:45:57.506+0000] {logging_mixin.py:188} INFO - [2026-08-20T11:45:57.506+0000] {dag.py:3823} INFO - Setting next_dagrun for setup_pagila_sakila to None, run_after=None
[2026-08-20T11:45:57.527+0000] {processor.py:183} INFO - Processing /opt/airflow/dags/setup_pagila_sakila.py took 0.089 seconds
[2026-08-20T11:46:27.639+0000] {processor.py:161} INFO - Started process (PID=300) to work on /opt/airflow/dags/setup_pagila_sakila.py
[2026-08-20T11:46:27.641+0000] {processor.py:830} INFO - Processing file /opt/airflow/dags/setup_pagila_sakila.py for tasks to queue
[2026-08-20T11:46:27.642+0000] {logging_mixin.py:188} INFO - [2026-08-20T11:46:27.642+0000] {dagbag.py:538} INFO - Filling up the DagBag from /opt/airflow/dags/setup_pagila_sakila.py
[2026-08-20T11:46:27.661+0000] {processor.py:840} INFO - DAG(s) 'setup_pagila_sakila' retrieved from /opt/airflow/dags/setup_pagila_sakila.py
[2026-08-20T11:46:27.692+0000] {logging_mixin.py:188} INFO - [2026-08-20T11:46:27.691+0000] {dag.py:3036} INFO - Sync 1 DAGs
[2026-08-20T11:46:27.706+0000] {logging_mixin.py:188} INFO - [2026-08-20T11:46:27.706+0000] {dag.py:3823} INFO - Setting next_dagrun for setup_pagila_sakila to None, run_after=None
[2026-08-20T11:46:27.726+0000] {processor.py:183} INFO - Processing /opt/airflow/dags/setup_pagila_sakila.py took 0.091 seconds
[2026-08-20T11:46:57.823+0000] {processor.py:161} INFO - Started process (PID=305) to work on /opt/airflow/dags/setup_pagila_sakila.py
[2026-08-20T11:46:57.825+0000] {processor.py:830} INFO - Processing file /opt/airflow/dags/setup_pagila_sakila.py for tasks to queue
[2026-08-20T11:46:57.826+0000] {logging_mixin.py:188} INFO - [2026-08-20T11:46:57.826+0000] {dagbag.py:538} INFO - Filling up the DagBag from /opt/airflow/dags/setup_pagila_sakila.py
[2026-08-20T11:46:57.846+0000] {processor.py:840} INFO - DAG(s) 'setup_pagila_sakila' retrieved from /opt/airflow/dags/setup_pagila_sakila.py
[2026-08-20T11:46:57.876+0000] {logging_mixin.py:188} INFO - [2026-08-20T11:46:57.876+0000] {dag.py:3036} INFO - Sync 1 DAGs
[2026-08-20T11:46:57.890+0000] {logging_mixin.py:188} INFO - [2026-08-20T11:46:57.890+0000] {dag.py:3823} INFO - Setting next_dagrun for setup_pagila_sakila to None, run_after=None
[2026-08-20T11:46:57.911+0000] {processor.py:183} INFO - Processing /opt/airflow/dags/setup_pagila_sakila.py took 0.092 seconds
[2026-08-20T11:47:28.021+0000] {processor.py:161} INFO - Started process (PID=310) to work on /opt/airflow/dags/setup_pagila_sakila.py
[2026-08-20T11:47:28.024+0000] {processor.py:830} INFO - Processing file /opt/airflow/dags/setup_pagila_sakila.py for tasks to queue
[2026-08-20T11:47:28.026+0000] {logging_mixin.py:188} INFO - [2026-08-20T11:47:28.025+0000] {dagbag.py:538} INFO - Filling up the DagBag from /opt/airflow/dags/setup_pagila_sakila.py
[2026-08-20T11:47:28.052+0000] {processor.py:840} INFO - DAG(s) 'setup_pagila_sakila' retrieved from /opt/airflow/dags/setup_pagila_sakila.py
[2026-08-20T11:47:28.100+0000] {logging_mixin.py:188} INFO - [2026-08-20T11:47:28.099+0000] {dag.py:3036} INFO - Sync 1 DAGs
[2026-08-20T11:47:28.126+0000] {logging_mixin.py:188} INFO - [2026-08-20T11:47:28.125+0000] {dag.py:3823} INFO - Setting next_dagrun for setup_pagila_sakila to None, run_after=None
[2026-08-20T11:47:28.164+0000] {processor.py:183} INFO - Processing /opt/airflow/dags/setup_pagila_sakila.py took 0.150 seconds
[2026-08-20T11:47:58.310+0000] {processor.py:161} INFO - Started process (PID=315) to work on /opt/airflow/dags/setup_pagila_sakila.py
[2026-08-20T11:47:58.312+0000] {processor.py:830} INFO - Processing file /opt/airflow/dags/setup_pagila_sakila.py for tasks to queue
[2026-08-20T11:47:58.313+0000] {logging_mixin.py:188} INFO - [2026-08-20T11:47:58.313+0000] {dagbag.py:538} INFO - Filling up the DagBag from /opt/airflow/dags/setup_pagila_sakila.py
[2026-08-20T11:47:58.338+0000] {processor.py:840} INFO - DAG(s) 'setup_pagila_sakila' retrieved from /opt/airflow/dags/setup_pagila_sakila.py
[2026-08-20T11:47:58.374+0000] {logging_mixin.py:188} INFO - [2026-08-20T11:47:58.374+0000] {dag.py:3036} INFO - Sync 1 DAGs
[2026-08-20T11:47:58.390+0000] {logging_mixin.py:188} INFO - [2026-08-20T11:47:58.389+0000] {dag.py:3823} INFO - Setting next_dagrun for setup_pagila_sakila to None, run_after=None
[2026-08-20T11:47:58.412+0000] {processor.py:183} INFO - Processing /opt/airflow/dags/setup_pagila_sakila.py took 0.107 seconds
[2026-08-20T11:48:28.460+0000] {processor.py:161} INFO - Started process (PID=320) to work on /opt/airflow/dags/setup_pagila_sakila.py
[2026-08-20T11:48:28.461+0000] {processor.py:830} INFO - Processing file /opt/airflow/dags/setup_pagila_sakila.py for tasks to queue
[2026-08-20T11:48:28.462+0000] {logging_mixin.py:188} INFO - [2026-08-20T11:48:28.462+0000] {dagbag.py:538} INFO - Filling up the DagBag from /opt/airflow/dags/setup_pagila_sakila.py
[2026-08-20T11:48:28.480+0000] {processor.py:840} INFO - DAG(s) 'setup_pagila_sakila' retrieved from /opt/airflow/dags/setup_pagila_sakila.py
[2026-08-20T11:48:28.510+0000] {logging_mixin.py:188} INFO - [2026-08-20T11:48:28.509+0000] {dag.py:3036} INFO - Sync 1 DAGs
[2026-08-20T11:48:28.522+0000] {logging_mixin.py:188} INFO - [2026-08-20T11:48:28.522+0000] {dag.py:3823} INFO - Setting next_dagrun for setup_pagila_sakila to None, run_after=None
[2026-08-20T11:48:28.541+0000] {processor.py:183} INFO - Processing /opt/airflow/dags/setup_pagila_sakila.py took 0.085 seconds
[2026-08-20T11:48:58.611+0000] {processor.py:161} INFO - Started process (PID=325) to work on /opt/airflow/dags/setup_pagila_sakila.py
[2026-08-20T11:48:58.613+0000] {processor.py:830} INFO - Processing file /opt/airflow/dags/setup_pagila_sakila.py for tasks to queue
[2026-08-20T11:48:58.614+0000] {logging_mixin.py:188} INFO - [2026-08-20T11:48:58.614+0000] {dagbag.py:538} INFO - Filling up the DagBag from /opt/airflow/dags/setup_pagila_sakila.py
[2026-08-20T11:48:58.632+0000] {processor.py:840} INFO - DAG(s) 'setup_pagila_sakila' retrieved from /opt/airflow/dags/setup_pagila_sakila.py
[2026-08-20T11:48:58.671+0000] {logging_mixin.py:188} INFO - [2026-08-20T11:48:58.671+0000] {dag.py:3036} INFO - Sync 1 DAGs
[2026-08-20T11:48:58.688+0000] {logging_mixin.py:188} INFO - [2026-08-20T11:48:58.687+0000] {dag.py:3823} INFO - Setting next_dagrun for setup_pagila_sakila to None, run_after=None
[2026-08-20T11:48:58.718+0000] {processor.py:183} INFO - Processing /opt/airflow/dags/setup_pagila_sakila.py took 0.114 seconds
[2026-08-20T11:49:28.846+0000] {processor.py:161} INFO - Started process (PID=330) to work on /opt/airflow/dags/setup_pagila_sakila.py
[2026-08-20T11:49:28.847+0000] {processor.py:830} INFO - Processing file /opt/airflow/dags/setup_pagila_sakila.py for tasks to queue
[2026-08-20T11:49:28.848+0000] {logging_mixin.py:188} INFO - [2026-08-20T11:49:28.848+0000] {dagbag.py:538} INFO - Filling up the DagBag from /opt/airflow/dags/setup_pagila_sakila.py
[2026-08-20T11:49:28.864+0000] {processor.py:840} INFO - DAG(s) 'setup_pagila_sakila' retrieved from /opt/airflow/dags/setup_pagila_sakila.py
[2026-08-20T11:49:28.890+0000] {logging_mixin.py:188} INFO - [2026-08-20T11:49:28.890+0000] {dag.py:3036} INFO - Sync 1 DAGs
[2026-08-20T11:49:28.903+0000] {logging_mixin.py:188} INFO - [2026-08-20T11:49:28.903+0000] {dag.py:3823} INFO - Setting next_dagrun for setup_pagila_sakila to None, run_after=None
[2026-08-20T11:49:28.921+0000] {processor.py:183} INFO - Processing /opt/airflow/dags/setup_pagila_sakila.py took 0.078 seconds
[2026-08-20T11:49:59.037+0000] {processor.py:161} INFO - Started process (PID=335) to work on /opt/airflow/dags/setup_pagila_sakila.py
[2026-08-20T11:49:59.038+0000] {processor.py:830} INFO - Processing file /opt/airflow/dags/setup_pagila_sakila.py for tasks to queue
[2026-08-20T11:49:59.040+0000] {logging_mixin.py:188} INFO - [2026-08-20T11:49:59.040+0000] {dagbag.py:538} INFO - Filling up the DagBag from /opt/airflow/dags/setup_pagila_sakila.py
[2026-08-20T11:49:59.054+0000] {processor.py:840} INFO - DAG(s) 'setup_pagila_sakila' retrieved from /opt/airflow/dags/setup_pagila_sakila.py
[2026-08-20T11:49:59.081+0000] {logging_mixin.py:188} INFO - [2026-08-20T11:49:59.081+0000] {dag.py:3036} INFO - Sync 1 DAGs
[2026-08-20T11:49:59.095+0000] {logging_mixin.py:188} INFO - [2026-08-20T11:49:59.095+0000] {dag.py:3823} INFO - Setting next_dagrun for setup_pagila_sakila to None, run_after=None
[2026-08-20T11:49:59.114+0000] {processor.py:183} INFO - Processing /opt/airflow/dags/setup_pagila_sakila.py took 0.079 seconds
[2026-08-20T11:50:29.224+0000] {processor.py:161} INFO - Started process (PID=340) to work on /opt/airflow/dags/setup_pagila_sakila.py
[2026-08-20T11:50:29.225+0000] {processor.py:830} INFO - Processing file /opt/airflow/dags/setup_pagila_sakila.py for tasks to queue
[2026-08-20T11:50:29.227+0000] {logging_mixin.py:188} INFO - [2026-08-20T11:50:29.226+0000] {dagbag.py:538} INFO - Filling up the DagBag from /opt/airflow/dags/setup_pagila_sakila.py
[2026-08-20T11:50:29.243+0000] {processor.py:840} INFO - DAG(s) 'setup_pagila_sakila' retrieved from /opt/airflow/dags/setup_pagila_sakila.py
[2026-08-20T11:50:29.272+0000] {logging_mixin.py:188} INFO - [2026-08-20T11:50:29.272+0000] {dag.py:3036} INFO - Sync 1 DAGs
[2026-08-20T11:50:29.285+0000] {logging_mixin.py:188} INFO - [2026-08-20T11:50:29.285+0000] {dag.py:3823} INFO - Setting next_dagrun for setup_pagila_sakila to None, run_after=None
[2026-08-20T11:50:29.305+0000] {processor.py:183} INFO - Processing /opt/airflow/dags/setup_pagila_sakila.py took 0.085 seconds
[2026-08-20T11:50:59.361+0000] {processor.py:161} INFO - Started process (PID=345) to work on /opt/airflow/dags/setup_pagila_sakila.py
[2026-08-20T11:50:59.362+0000] {processor.py:830} INFO - Processing file /opt/airflow/dags/setup_pagila_sakila.py for tasks to queue
[2026-08-20T11:50:59.365+0000] {logging_mixin.py:188} INFO - [2026-08-20T11:50:59.365+0000] {dagbag.py:538} INFO - Filling up the DagBag from /opt/airflow/dags/setup_pagila_sakila.py
[2026-08-20T11:50:59.380+0000] {processor.py:840} INFO - DAG(s) 'setup_pagila_sakila' retrieved from /opt/airflow/dags/setup_pagila_sakila.py
[2026-08-20T11:50:59.405+0000] {logging_mixin.py:188} INFO - [2026-08-20T11:50:59.405+0000] {dag.py:3036} INFO - Sync 1 DAGs
[2026-08-20T11:50:59.417+0000] {logging_mixin.py:188} INFO - [2026-08-20T11:50:59.416+0000] {dag.py:3823} INFO - Setting next_dagrun for setup_pagila_sakila to None, run_after=None
[2026-08-20T11:50:59.436+0000] {processor.py:183} INFO - Processing /opt/airflow/dags/setup_pagila_sakila.py took 0.078 seconds
[2026-08-20T11:51:29.577+0000] {processor.py:161} INFO - Started process (PID=350) to work on /opt/airflow/dags/setup_pagila_sakila.py
[2026-08-20T11:51:29.577+0000] {processor.py:830} INFO - Processing file /opt/airflow/dags/setup_pagila_sakila.py for tasks to queue
[2026-08-20T11:51:29.579+0000] {logging_mixin.py:188} INFO - [2026-08-20T11:51:29.578+0000] {dagbag.py:538} INFO - Filling up the DagBag from /opt/airflow/dags/setup_pagila_sakila.py
[2026-08-20T11:51:29.593+0000] {processor.py:840} INFO - DAG(s) 'setup_pagila_sakila' retrieved from /opt/airflow/dags/setup_pagila_sakila.py
[2026-08-20T11:51:29.620+0000] {logging_mixin.py:188} INFO - [2026-08-20T11:51:29.620+0000] {dag.py:3036} INFO - Sync 1 DAGs
[2026-08-20T11:51:29.634+0000] {logging_mixin.py:188} INFO - [2026-08-20T11:51:29.634+0000] {dag.py:3823} INFO - Setting next_dagrun for setup_pagila_sakila to None, run_after=None
[2026-08-20T11:51:29.653+0000] {processor.py:183} INFO - Processing /opt/airflow/dags/setup_pagila_sakila.py took 0.079 seconds
[2026-08-20T11:51:59.746+0000] {processor.py:161} INFO - Started process (PID=355) to work on /opt/airflow/dags/setup_pagila_sakila.py
[2026-08-20T11:51:59.747+0000] {processor.py:830} INFO - Processing file /opt/airflow/dags/setup_pagila_sakila.py for tasks to queue
[2026-08-20T11:51:59.748+0000] {logging_mixin.py:188} INFO - [2026-08-20T11:51:59.748+0000] {dagbag.py:538} INFO - Filling up the DagBag from /opt/airflow/dags/setup_pagila_sakila.py
[2026-08-20T11:51:59.762+0000] {processor.py:840} INFO - DAG(s) 'setup_pagila_sakila' retrieved from /opt/airflow/dags/setup_pagila_sakila.py
[2026-08-20T11:51:59.799+0000] {logging_mixin.py:188} INFO - [2026-08-20T11:51:59.799+0000] {dag.py:3036} INFO - Sync 1 DAGs
[2026-08-20T11:51:59.835+0000] {logging_mixin.py:188} INFO - [2026-08-20T11:51:59.835+0000] {dag.py:3823} INFO - Setting next_dagrun for setup_pagila_sakila to None, run_after=None
[2026-08-20T11:51:59.867+0000] {processor.py:183} INFO - Processing /opt/airflow/dags/setup_pagila_sakila.py took 0.124 seconds
[2026-08-20T11:52:29.960+0000] {processor.py:161} INFO - Started process (PID=360) to work on /opt/airflow/dags/setup_pagila_sakila.py
[2026-08-20T11:52:29.961+0000] {processor.py:830} INFO - Processing file /opt/airflow/dags/setup_pagila_sakila.py for tasks to queue
[2026-08-20T11:52:29.963+0000] {logging_mixin.py:188} INFO - [2026-08-20T11:52:29.962+0000] {dagbag.py:538} INFO - Filling up the DagBag from /opt/airflow/dags/setup_pagila_sakila.py
[2026-08-20T11:52:29.982+0000] {processor.py:840} INFO - DAG(s) 'setup_pagila_sakila' retrieved from /opt/airflow/dags/setup_pagila_sakila.py
[2026-08-20T11:52:30.012+0000] {logging_mixin.py:188} INFO - [2026-08-20T11:52:30.012+0000] {dag.py:3036} INFO - Sync 1 DAGs
[2026-08-20T11:52:30.025+0000] {logging_mixin.py:188} INFO - [2026-08-20T11:52:30.025+0000] {dag.py:3823} INFO - Setting next_dagrun for setup_pagila_sakila to None, run_after=None
[2026-08-20T11:52:30.042+0000] {processor.py:183} INFO - Processing /opt/airflow/dags/setup_pagila_sakila.py took 0.085 seconds
[2026-08-20T11:53:00.185+0000] {processor.py:161} INFO - Started process (PID=365) to work on /opt/airflow/dags/setup_pagila_sakila.py
[2026-08-20T11:53:00.186+0000] {processor.py:830} INFO - Processing file /opt/airflow/dags/setup_pagila_sakila.py for tasks to queue
[2026-08-20T11:53:00.188+0000] {logging_mixin.py:188} INFO - [2026-08-20T11:53:00.187+0000] {dagbag.py:538} INFO - Filling up the DagBag from /opt/airflow/dags/setup_pagila_sakila.py
[2026-08-20T11:53:00.202+0000] {processor.py:840} INFO - DAG(s) 'setup_pagila_sakila' retrieved from /opt/airflow/dags/setup_pagila_sakila.py
[2026-08-20T11:53:00.226+0000] {logging_mixin.py:188} INFO - [2026-08-20T11:53:00.225+0000] {dag.py:3036} INFO - Sync 1 DAGs
[2026-08-20T11:53:00.237+0000] {logging_mixin.py:188} INFO - [2026-08-20T11:53:00.237+0000] {dag.py:3823} INFO - Setting next_dagrun for setup_pagila_sakila to None, run_after=None
[2026-08-20T11:53:00.254+0000] {processor.py:183} INFO - Processing /opt/airflow/dags/setup_pagila_sakila.py took 0.072 seconds
[2026-08-20T11:53:30.352+0000] {processor.py:161} INFO - Started process (PID=370) to work on /opt/airflow/dags/setup_pagila_sakila.py
[2026-08-20T11:53:30.353+0000] {processor.py:830} INFO - Processing file /opt/airflow/dags/setup_pagila_sakila.py for tasks to queue
[2026-08-20T11:53:30.354+0000] {logging_mixin.py:188} INFO - [2026-08-20T11:53:30.354+0000] {dagbag.py:538} INFO - Filling up the DagBag from /opt/airflow/dags/setup_pagila_sakila.py
[2026-08-20T11:53:30.369+0000] {processor.py:840} INFO - DAG(s) 'setup_pagila_sakila' retrieved from /opt/airflow/dags/setup_pagila_sakila.py
[2026-08-20T11:53:30.397+0000] {logging_mixin.py:188} INFO - [2026-08-20T11:53:30.397+0000] {dag.py:3036} INFO - Sync 1 DAGs
[2026-08-20T11:53:30.412+0000] {logging_mixin.py:188} INFO - [2026-08-20T11:53:30.412+0000] {dag.py:3823} INFO - Setting next_dagrun for setup_pagila_sakila to None, run_after=None
[2026-08-20T11:53:30.437+0000] {processor.py:183} INFO - Processing /opt/airflow/dags/setup_pagila_sakila.py took 0.090 seconds
[2026-08-20T11:54:00.568+0000] {processor.py:161} INFO - Started process (PID=375) to work on /opt/airflow/dags/setup_pagila_sakila.py
[2026-08-20T11:54:00.569+0000] {processor.py:830} INFO - Processing file /opt/airflow/dags/setup_pagila_sakila.py for tasks to queue
[2026-08-20T11:54:00.571+0000] {logging_mixin.py:188} INFO - [2026-08-20T11:54:00.570+0000] {dagbag.py:538} INFO - Filling up the DagBag from /opt/airflow/dags/setup_pagila_sakila.py
[2026-08-20T11:54:00.588+0000] {processor.py:840} INFO - DAG(s) 'setup_pagila_sakila' retrieved from /opt/airflow/dags/setup_pagila_sakila.py
[2026-08-20T11:54:00.664+0000] {logging_mixin.py:188} INFO - [2026-08-20T11:54:00.663+0000] {dag.py:3036} INFO - Sync 1 DAGs
[2026-08-20T11:54:00.700+0000] {logging_mixin.py:188} INFO - [2026-08-20T11:54:00.700+0000] {dag.py:3823} INFO - Setting next_dagrun for setup_pagila_sakila to None, run_after=None
[2026-08-20T11:54:00.724+0000] {processor.py:183} INFO - Processing /opt/airflow/dags/setup_pagila_sakila.py took 0.160 seconds
[2026-08-20T11:54:30.864+0000] {processor.py:161} INFO - Started process (PID=380) to work on /opt/airflow/dags/setup_pagila_sakila.py
[2026-08-20T11:54:30.865+0000] {processor.py:830} INFO - Processing file /opt/airflow/dags/setup_pagila_sakila.py for tasks to queue
[2026-08-20T11:54:30.867+0000] {logging_mixin.py:188} INFO - [2026-08-20T11:54:30.866+0000] {dagbag.py:538} INFO - Filling up the DagBag from /opt/airflow/dags/setup_pagila_sakila.py
[2026-08-20T11:54:30.887+0000] {processor.py:840} INFO - DAG(s) 'setup_pagila_sakila' retrieved from /opt/airflow/dags/setup_pagila_sakila.py
[2026-08-20T11:54:30.925+0000] {logging_mixin.py:188} INFO - [2026-08-20T11:54:30.925+0000] {dag.py:3036} INFO - Sync 1 DAGs
[2026-08-20T11:54:30.941+0000] {logging_mixin.py:188} INFO - [2026-08-20T11:54:30.941+0000] {dag.py:3823} INFO - Setting next_dagrun for setup_pagila_sakila to None, run_after=None
[2026-08-20T11:54:30.966+0000] {processor.py:183} INFO - Processing /opt/airflow/dags/setup_pagila_sakila.py took 0.107 seconds
[2026-08-20T11:55:01.104+0000] {processor.py:161} INFO - Started process (PID=385) to work on /opt/airflow/dags/setup_pagila_sakila.py
[2026-08-20T11:55:01.105+0000] {processor.py:830} INFO - Processing file /opt/airflow/dags/setup_pagila_sakila.py for tasks to queue
[2026-08-20T11:55:01.107+0000] {logging_mixin.py:188} INFO - [2026-08-20T11:55:01.107+0000] {dagbag.py:538} INFO - Filling up the DagBag from /opt/airflow/dags/setup_pagila_sakila.py
[2026-08-20T11:55:01.126+0000] {processor.py:840} INFO - DAG(s) 'setup_pagila_sakila' retrieved from /opt/airflow/dags/setup_pagila_sakila.py
[2026-08-20T11:55:01.156+0000] {logging_mixin.py:188} INFO - [2026-08-20T11:55:01.156+0000] {dag.py:3036} INFO - Sync 1 DAGs
[2026-08-20T11:55:01.170+0000] {logging_mixin.py:188} INFO - [2026-08-20T11:55:01.170+0000] {dag.py:3823} INFO - Setting next_dagrun for setup_pagila_sakila to None, run_after=None
[2026-08-20T11:55:01.191+0000] {processor.py:183} INFO - Processing /opt/airflow/dags/setup_pagila_sakila.py took 0.092 seconds
[2026-08-20T11:55:31.236+0000] {processor.py:161} INFO - Started process (PID=390) to work on /opt/airflow/dags/setup_pagila_sakila.py
[2026-08-20T11:55:31.237+0000] {processor.py:830} INFO - Processing file /opt/airflow/dags/setup_pagila_sakila.py for tasks to queue
[2026-08-20T11:55:31.240+0000] {logging_mixin.py:188} INFO - [2026-08-20T11:55:31.239+0000] {dagbag.py:538} INFO - Filling up the DagBag from /opt/airflow/dags/setup_pagila_sakila.py
[2026-08-20T11:55:31.262+0000] {processor.py:840} INFO - DAG(s) 'setup_pagila_sakila' retrieved from /opt/airflow/dags/setup_pagila_sakila.py
[2026-08-20T11:55:31.294+0000] {logging_mixin.py:188} INFO - [2026-08-20T11:55:31.293+0000] {dag.py:3036} INFO - Sync 1 DAGs
[2026-08-20T11:55:31.308+0000] {logging_mixin.py:188} INFO - [2026-08-20T11:55:31.308+0000] {dag.py:3823} INFO - Setting next_dagrun for setup_pagila_sakila to None, run_after=None
[2026-08-20T11:55:31.341+0000] {processor.py:183} INFO - Processing /opt/airflow/dags/setup_pagila_sakila.py took 0.108 seconds
[2026-08-20T11:56:01.467+0000] {processor.py:161} INFO - Started process (PID=395) to work on /opt/airflow/dags/setup_pagila_sakila.py
[2026-08-20T11:56:01.468+0000] {processor.py:830} INFO - Processing file /opt/airflow/dags/setup_pagila_sakila.py for tasks to queue
[2026-08-20T11:56:01.469+0000] {logging_mixin.py:188} INFO - [2026-08-20T11:56:01.469+0000] {dagbag.py:538} INFO - Filling up the DagBag from /opt/airflow/dags/setup_pagila_sakila.py
[2026-08-20T11:56:01.484+0000] {processor.py:840} INFO - DAG(s) 'setup_pagila_sakila' retrieved from /opt/airflow/dags/setup_pagila_sakila.py
[2026-08-20T11:56:01.514+0000] {logging_mixin.py:188} INFO - [2026-08-20T11:56:01.513+0000] {dag.py:3036} INFO - Sync 1 DAGs
[2026-08-20T11:56:01.528+0000] {logging_mixin.py:188} INFO - [2026-08-20T11:56:01.528+0000] {dag.py:3823} INFO - Setting next_dagrun for setup_pagila_sakila to None, run_after=None
[2026-08-20T11:56:01.552+0000] {processor.py:183} INFO - Processing /opt/airflow/dags/setup_pagila_sakila.py took 0.089 seconds
[2026-08-20T11:56:31.715+0000] {processor.py:161} INFO - Started process (PID=400) to work on /opt/airflow/dags/setup_pagila_sakila.py
[2026-08-20T11:56:31.717+0000] {processor.py:830} INFO - Processing file /opt/airflow/dags/setup_pagila_sakila.py for tasks to queue
[2026-08-20T11:56:31.718+0000] {logging_mixin.py:188} INFO - [2026-08-20T11:56:31.718+0000] {dagbag.py:538} INFO - Filling up the DagBag from /opt/airflow/dags/setup_pagila_sakila.py
[2026-08-20T11:56:31.737+0000] {processor.py:840} INFO - DAG(s) 'setup_pagila_sakila' retrieved from /opt/airflow/dags/setup_pagila_sakila.py
[2026-08-20T11:56:31.772+0000] {logging_mixin.py:188} INFO - [2026-08-20T11:56:31.771+0000] {dag.py:3036} INFO - Sync 1 DAGs
[2026-08-20T11:56:31.793+0000] {logging_mixin.py:188} INFO - [2026-08-20T11:56:31.792+0000] {dag.py:3823} INFO - Setting next_dagrun for setup_pagila_sakila to None, run_after=None
[2026-08-20T11:56:31.820+0000] {processor.py:183} INFO - Processing /opt/airflow/dags/setup_pagila_sakila.py took 0.108 seconds
[2026-08-20T11:57:01.865+0000] {processor.py:161} INFO - Started process (PID=411) to work on /opt/airflow/dags/setup_pagila_sakila.py
[2026-08-20T11:57:01.867+0000] {processor.py:830} INFO - Processing file /opt/airflow/dags/setup_pagila_sakila.py for tasks to queue
[2026-08-20T11:57:01.868+0000] {logging_mixin.py:188} INFO - [2026-08-20T11:57:01.868+0000] {dagbag.py:538} INFO - Filling up the DagBag from /opt/airflow/dags/setup_pagila_sakila.py
[2026-08-20T11:57:01.884+0000] {processor.py:840} INFO - DAG(s) 'setup_pagila_sakila' retrieved from /opt/airflow/dags/setup_pagila_sakila.py
[2026-08-20T11:57:01.911+0000] {logging_mixin.py:188} INFO - [2026-08-20T11:57:01.911+0000] {dag.py:3036} INFO - Sync 1 DAGs
[2026-08-20T11:57:01.923+0000] {logging_mixin.py:188} INFO - [2026-08-20T11:57:01.923+0000] {dag.py:3823} INFO - Setting next_dagrun for setup_pagila_sakila to None, run_after=None
[2026-08-20T11:57:01.941+0000] {processor.py:183} INFO - Processing /opt/airflow/dags/setup_pagila_sakila.py took 0.079 seconds
[2026-08-20T11:57:32.111+0000] {processor.py:161} INFO - Started process (PID=422) to work on /opt/airflow/dags/setup_pagila_sakila.py
[2026-08-20T11:57:32.112+0000] {processor.py:830} INFO - Processing file /opt/airflow/dags/setup_pagila_sakila.py for tasks to queue
[2026-08-20T11:57:32.113+0000] {logging_mixin.py:188} INFO - [2026-08-20T11:57:32.113+0000] {dagbag.py:538} INFO - Filling up the DagBag from /opt/airflow/dags/setup_pagila_sakila.py
[2026-08-20T11:57:32.131+0000] {processor.py:840} INFO - DAG(s) 'setup_pagila_sakila' retrieved from /opt/airflow/dags/setup_pagila_sakila.py
[2026-08-20T11:57:32.157+0000] {logging_mixin.py:188} INFO - [2026-08-20T11:57:32.157+0000] {dag.py:3036} INFO - Sync 1 DAGs
[2026-08-20T11:57:32.171+0000] {logging_mixin.py:188} INFO - [2026-08-20T11:57:32.170+0000] {dag.py:3823} INFO - Setting next_dagrun for setup_pagila_sakila to None, run_after=None
[2026-08-20T11:57:32.189+0000] {processor.py:183} INFO - Processing /opt/airflow/dags/setup_pagila_sakila.py took 0.082 seconds
[2026-08-20T11:58:02.260+0000] {processor.py:161} INFO - Started process (PID=427) to work on /opt/airflow/dags/setup_pagila_sakila.py
[2026-08-20T11:58:02.261+0000] {processor.py:830} INFO - Processing file /opt/airflow/dags/setup_pagila_sakila.py for tasks to queue
[2026-08-20T11:58:02.263+0000] {logging_mixin.py:188} INFO - [2026-08-20T11:58:02.263+0000] {dagbag.py:538} INFO - Filling up the DagBag from /opt/airflow/dags/setup_pagila_sakila.py
[2026-08-20T11:58:02.283+0000] {processor.py:840} INFO - DAG(s) 'setup_pagila_sakila' retrieved from /opt/airflow/dags/setup_pagila_sakila.py
[2026-08-20T11:58:02.355+0000] {logging_mixin.py:188} INFO - [2026-08-20T11:58:02.354+0000] {dag.py:3036} INFO - Sync 1 DAGs
[2026-08-20T11:58:02.411+0000] {logging_mixin.py:188} INFO - [2026-08-20T11:58:02.411+0000] {dag.py:3823} INFO - Setting next_dagrun for setup_pagila_sakila to None, run_after=None
[2026-08-20T11:58:02.468+0000] {processor.py:183} INFO - Processing /opt/airflow/dags/setup_pagila_sakila.py took 0.212 seconds
[2026-08-20T11:58:32.604+0000] {processor.py:161} INFO - Started process (PID=432) to work on /opt/airflow/dags/setup_pagila_sakila.py
[2026-08-20T11:58:32.606+0000] {processor.py:830} INFO - Processing file /opt/airflow/dags/setup_pagila_sakila.py for tasks to queue
[2026-08-20T11:58:32.607+0000] {logging_mixin.py:188} INFO - [2026-08-20T11:58:32.607+0000] {dagbag.py:538} INFO - Filling up the DagBag from /opt/airflow/dags/setup_pagila_sakila.py
[2026-08-20T11:58:32.623+0000] {processor.py:840} INFO - DAG(s) 'setup_pagila_sakila' retrieved from /opt/airflow/dags/setup_pagila_sakila.py
[2026-08-20T11:58:32.677+0000] {logging_mixin.py:188} INFO - [2026-08-20T11:58:32.676+0000] {dag.py:3036} INFO - Sync 1 DAGs
[2026-08-20T11:58:32.692+0000] {logging_mixin.py:188} INFO - [2026-08-20T11:58:32.692+0000] {dag.py:3823} INFO - Setting next_dagrun for setup_pagila_sakila to None, run_after=None
[2026-08-20T11:58:32.711+0000] {processor.py:183} INFO - Processing /opt/airflow/dags/setup_pagila_sakila.py took 0.110 seconds
[2026-08-20T11:59:02.841+0000] {processor.py:161} INFO - Started process (PID=437) to work on /opt/airflow/dags/setup_pagila_sakila.py
[2026-08-20T11:59:02.843+0000] {processor.py:830} INFO - Processing file /opt/airflow/dags/setup_pagila_sakila.py for tasks to queue
[2026-08-20T11:59:02.845+0000] {logging_mixin.py:188} INFO - [2026-08-20T11:59:02.844+0000] {dagbag.py:538} INFO - Filling up the DagBag from /opt/airflow/dags/setup_pagila_sakila.py
[2026-08-20T11:59:02.863+0000] {processor.py:840} INFO - DAG(s) 'setup_pagila_sakila' retrieved from /opt/airflow/dags/setup_pagila_sakila.py
[2026-08-20T11:59:02.891+0000] {logging_mixin.py:188} INFO - [2026-08-20T11:59:02.891+0000] {dag.py:3036} INFO - Sync 1 DAGs
[2026-08-20T11:59:02.903+0000] {logging_mixin.py:188} INFO - [2026-08-20T11:59:02.903+0000] {dag.py:3823} INFO - Setting next_dagrun for setup_pagila_sakila to None, run_after=None
[2026-08-20T11:59:02.922+0000] {processor.py:183} INFO - Processing /opt/airflow/dags/setup_pagila_sakila.py took 0.086 seconds
[2026-08-20T11:59:33.010+0000] {processor.py:161} INFO - Started process (PID=442) to work on /opt/airflow/dags/setup_pagila_sakila.py
[2026-08-20T11:59:33.011+0000] {processor.py:830} INFO - Processing file /opt/airflow/dags/setup_pagila_sakila.py for tasks to queue
[2026-08-20T11:59:33.013+0000] {logging_mixin.py:188} INFO - [2026-08-20T11:59:33.012+0000] {dagbag.py:538} INFO - Filling up the DagBag from /opt/airflow/dags/setup_pagila_sakila.py
[2026-08-20T11:59:33.027+0000] {processor.py:840} INFO - DAG(s) 'setup_pagila_sakila' retrieved from /opt/airflow/dags/setup_pagila_sakila.py
[2026-08-20T11:59:33.053+0000] {logging_mixin.py:188} INFO - [2026-08-20T11:59:33.053+0000] {dag.py:3036} INFO - Sync 1 DAGs
[2026-08-20T11:59:33.069+0000] {logging_mixin.py:188} INFO - [2026-08-20T11:59:33.068+0000] {dag.py:3823} INFO - Setting next_dagrun for setup_pagila_sakila to None, run_after=None
[2026-08-20T11:59:33.087+0000] {processor.py:183} INFO - Processing /opt/airflow/dags/setup_pagila_sakila.py took 0.080 seconds
[2026-08-20T12:00:03.212+0000] {processor.py:161} INFO - Started process (PID=447) to work on /opt/airflow/dags/setup_pagila_sakila.py
[2026-08-20T12:00:03.213+0000] {processor.py:830} INFO - Processing file /opt/airflow/dags/setup_pagila_sakila.py for tasks to queue
[2026-08-20T12:00:03.215+0000] {logging_mixin.py:188} INFO - [2026-08-20T12:00:03.214+0000] {dagbag.py:538} INFO - Filling up the DagBag from /opt/airflow/dags/setup_pagila_sakila.py
[2026-08-20T12:00:03.236+0000] {processor.py:840} INFO - DAG(s) 'setup_pagila_sakila' retrieved from /opt/airflow/dags/setup_pagila_sakila.py
[2026-08-20T12:00:03.270+0000] {logging_mixin.py:188} INFO - [2026-08-20T12:00:03.269+0000] {dag.py:3036} INFO - Sync 1 DAGs
[2026-08-20T12:00:03.305+0000] {logging_mixin.py:188} INFO - [2026-08-20T12:00:03.305+0000] {dag.py:3823} INFO - Setting next_dagrun for setup_pagila_sakila to None, run_after=None
[2026-08-20T12:00:03.349+0000] {processor.py:183} INFO - Processing /opt/airflow/dags/setup_pagila_sakila.py took 0.141 seconds
[2026-08-20T12:00:33.400+0000] {processor.py:161} INFO - Started process (PID=452) to work on /opt/airflow/dags/setup_pagila_sakila.py
[2026-08-20T12:00:33.401+0000] {processor.py:830} INFO - Processing file /opt/airflow/dags/setup_pagila_sakila.py for tasks to queue
[2026-08-20T12:00:33.402+0000] {logging_mixin.py:188} INFO - [2026-08-20T12:00:33.402+0000] {dagbag.py:538} INFO - Filling up the DagBag from /opt/airflow/dags/setup_pagila_sakila.py
[2026-08-20T12:00:33.417+0000] {processor.py:840} INFO - DAG(s) 'setup_pagila_sakila' retrieved from /opt/airflow/dags/setup_pagila_sakila.py
[2026-08-20T12:00:33.443+0000] {logging_mixin.py:188} INFO - [2026-08-20T12:00:33.443+0000] {dag.py:3036} INFO - Sync 1 DAGs
[2026-08-20T12:00:33.457+0000] {logging_mixin.py:188} INFO - [2026-08-20T12:00:33.457+0000] {dag.py:3823} INFO - Setting next_dagrun for setup_pagila_sakila to None, run_after=None
[2026-08-20T12:00:33.476+0000] {processor.py:183} INFO - Processing /opt/airflow/dags/setup_pagila_sakila.py took 0.079 seconds
[2026-08-20T12:01:03.563+0000] {processor.py:161} INFO - Started process (PID=457) to work on /opt/airflow/dags/setup_pagila_sakila.py
[2026-08-20T12:01:03.565+0000] {processor.py:830} INFO - Processing file /opt/airflow/dags/setup_pagila_sakila.py for tasks to queue
[2026-08-20T12:01:03.566+0000] {logging_mixin.py:188} INFO - [2026-08-20T12:01:03.566+0000] {dagbag.py:538} INFO - Filling up the DagBag from /opt/airflow/dags/setup_pagila_sakila.py
[2026-08-20T12:01:03.587+0000] {processor.py:840} INFO - DAG(s) 'setup_pagila_sakila' retrieved from /opt/airflow/dags/setup_pagila_sakila.py
[2026-08-20T12:01:03.616+0000] {logging_mixin.py:188} INFO - [2026-08-20T12:01:03.616+0000] {dag.py:3036} INFO - Sync 1 DAGs
[2026-08-20T12:01:03.629+0000] {logging_mixin.py:188} INFO - [2026-08-20T12:01:03.629+0000] {dag.py:3823} INFO - Setting next_dagrun for setup_pagila_sakila to None, run_after=None
[2026-08-20T12:01:03.646+0000] {processor.py:183} INFO - Processing /opt/airflow/dags/setup_pagila_sakila.py took 0.088 seconds
[2026-08-20T12:01:33.799+0000] {processor.py:161} INFO - Started process (PID=462) to work on /opt/airflow/dags/setup_pagila_sakila.py
[2026-08-20T12:01:33.800+0000] {processor.py:830} INFO - Processing file /opt/airflow/dags/setup_pagila_sakila.py for tasks to queue
[2026-08-20T12:01:33.801+0000] {logging_mixin.py:188} INFO - [2026-08-20T12:01:33.801+0000] {dagbag.py:538} INFO - Filling up the DagBag from /opt/airflow/dags/setup_pagila_sakila.py
[2026-08-20T12:01:33.818+0000] {processor.py:840} INFO - DAG(s) 'setup_pagila_sakila' retrieved from /opt/airflow/dags/setup_pagila_sakila.py
[2026-08-20T12:01:33.844+0000] {logging_mixin.py:188} INFO - [2026-08-20T12:01:33.844+0000] {dag.py:3036} INFO - Sync 1 DAGs
[2026-08-20T12:01:33.858+0000] {logging_mixin.py:188} INFO - [2026-08-20T12:01:33.858+0000] {dag.py:3823} INFO - Setting next_dagrun for setup_pagila_sakila to None, run_after=None
[2026-08-20T12:01:33.877+0000] {processor.py:183} INFO - Processing /opt/airflow/dags/setup_pagila_sakila.py took 0.081 seconds
[2026-08-20T12:02:03.974+0000] {processor.py:161} INFO - Started process (PID=467) to work on /opt/airflow/dags/setup_pagila_sakila.py
[2026-08-20T12:02:03.976+0000] {processor.py:830} INFO - Processing file /opt/airflow/dags/setup_pagila_sakila.py for tasks to queue
[2026-08-20T12:02:03.977+0000] {logging_mixin.py:188} INFO - [2026-08-20T12:02:03.977+0000] {dagbag.py:538} INFO - Filling up the DagBag from /opt/airflow/dags/setup_pagila_sakila.py
[2026-08-20T12:02:03.996+0000] {processor.py:840} INFO - DAG(s) 'setup_pagila_sakila' retrieved from /opt/airflow/dags/setup_pagila_sakila.py
[2026-08-20T12:02:04.027+0000] {logging_mixin.py:188} INFO - [2026-08-20T12:02:04.026+0000] {dag.py:3036} INFO - Sync 1 DAGs
[2026-08-20T12:02:04.040+0000] {logging_mixin.py:188} INFO - [2026-08-20T12:02:04.040+0000] {dag.py:3823} INFO - Setting next_dagrun for setup_pagila_sakila to None, run_after=None
[2026-08-20T12:02:04.060+0000] {processor.py:183} INFO - Processing /opt/airflow/dags/setup_pagila_sakila.py took 0.090 seconds
[2026-08-20T12:02:34.177+0000] {processor.py:161} INFO - Started process (PID=483) to work on /opt/airflow/dags/setup_pagila_sakila.py
[2026-08-20T12:02:34.179+0000] {processor.py:830} INFO - Processing file /opt/airflow/dags/setup_pagila_sakila.py for tasks to queue
[2026-08-20T12:02:34.181+0000] {logging_mixin.py:188} INFO - [2026-08-20T12:02:34.180+0000] {dagbag.py:538} INFO - Filling up the DagBag from /opt/airflow/dags/setup_pagila_sakila.py
[2026-08-20T12:02:34.194+0000] {processor.py:840} INFO - DAG(s) 'setup_pagila_sakila' retrieved from /opt/airflow/dags/setup_pagila_sakila.py
[2026-08-20T12:02:34.222+0000] {logging_mixin.py:188} INFO - [2026-08-20T12:02:34.222+0000] {dag.py:3036} INFO - Sync 1 DAGs
[2026-08-20T12:02:34.237+0000] {logging_mixin.py:188} INFO - [2026-08-20T12:02:34.236+0000] {dag.py:3823} INFO - Setting next_dagrun for setup_pagila_sakila to None, run_after=None
[2026-08-20T12:02:34.256+0000] {processor.py:183} INFO - Processing /opt/airflow/dags/setup_pagila_sakila.py took 0.082 seconds
[2026-08-20T12:03:04.336+0000] {processor.py:161} INFO - Started process (PID=488) to work on /opt/airflow/dags/setup_pagila_sakila.py
[2026-08-20T12:03:04.337+0000] {processor.py:830} INFO - Processing file /opt/airflow/dags/setup_pagila_sakila.py for tasks to queue
[2026-08-20T12:03:04.338+0000] {logging_mixin.py:188} INFO - [2026-08-20T12:03:04.338+0000] {dagbag.py:538} INFO - Filling up the DagBag from /opt/airflow/dags/setup_pagila_sakila.py
[2026-08-20T12:03:04.354+0000] {processor.py:840} INFO - DAG(s) 'setup_pagila_sakila' retrieved from /opt/airflow/dags/setup_pagila_sakila.py
[2026-08-20T12:03:04.380+0000] {logging_mixin.py:188} INFO - [2026-08-20T12:03:04.380+0000] {dag.py:3036} INFO - Sync 1 DAGs
[2026-08-20T12:03:04.392+0000] {logging_mixin.py:188} INFO - [2026-08-20T12:03:04.392+0000] {dag.py:3823} INFO - Setting next_dagrun for setup_pagila_sakila to None, run_after=None
[2026-08-20T12:03:04.411+0000] {processor.py:183} INFO - Processing /opt/airflow/dags/setup_pagila_sakila.py took 0.078 seconds
[2026-08-20T12:03:34.507+0000] {processor.py:161} INFO - Started process (PID=493) to work on /opt/airflow/dags/setup_pagila_sakila.py
[2026-08-20T12:03:34.509+0000] {processor.py:830} INFO - Processing file /opt/airflow/dags/setup_pagila_sakila.py for tasks to queue
[2026-08-20T12:03:34.510+0000] {logging_mixin.py:188} INFO - [2026-08-20T12:03:34.510+0000] {dagbag.py:538} INFO - Filling up the DagBag from /opt/airflow/dags/setup_pagila_sakila.py
[2026-08-20T12:03:34.526+0000] {processor.py:840} INFO - DAG(s) 'setup_pagila_sakila' retrieved from /opt/airflow/dags/setup_pagila_sakila.py
[2026-08-20T12:03:34.554+0000] {logging_mixin.py:188} INFO - [2026-08-20T12:03:34.554+0000] {dag.py:3036} INFO - Sync 1 DAGs
[2026-08-20T12:03:34.574+0000] {logging_mixin.py:188} INFO - [2026-08-20T12:03:34.574+0000] {dag.py:3823} INFO - Setting next_dagrun for setup_pagila_sakila to None, run_after=None
[2026-08-20T12:03:34.593+0000] {processor.py:183} INFO - Processing /opt/airflow/dags/setup_pagila_sakila.py took 0.089 seconds
[2026-08-20T12:04:04.740+0000] {processor.py:161} INFO - Started process (PID=498) to work on /opt/airflow/dags/setup_pagila_sakila.py
[2026-08-20T12:04:04.742+0000] {processor.py:830} INFO - Processing file /opt/airflow/dags/setup_pagila_sakila.py for tasks to queue
[2026-08-20T12:04:04.745+0000] {logging_mixin.py:188} INFO - [2026-08-20T12:04:04.744+0000] {dagbag.py:538} INFO - Filling up the DagBag from /opt/airflow/dags/setup_pagila_sakila.py
[2026-08-20T12:04:04.775+0000] {processor.py:840} INFO - DAG(s) 'setup_pagila_sakila' retrieved from /opt/airflow/dags/setup_pagila_sakila.py
[2026-08-20T12:04:04.822+0000] {logging_mixin.py:188} INFO - [2026-08-20T12:04:04.822+0000] {dag.py:3036} INFO - Sync 1 DAGs
[2026-08-20T12:04:04.843+0000] {logging_mixin.py:188} INFO - [2026-08-20T12:04:04.842+0000] {dag.py:3823} INFO - Setting next_dagrun for setup_pagila_sakila to None, run_after=None
[2026-08-20T12:04:04.875+0000] {processor.py:183} INFO - Processing /opt/airflow/dags/setup_pagila_sakila.py took 0.142 seconds
[2026-08-20T12:04:35.040+0000] {processor.py:161} INFO - Started process (PID=503) to work on /opt/airflow/dags/setup_pagila_sakila.py
[2026-08-20T12:04:35.041+0000] {processor.py:830} INFO - Processing file /opt/airflow/dags/setup_pagila_sakila.py for tasks to queue
[2026-08-20T12:04:35.043+0000] {logging_mixin.py:188} INFO - [2026-08-20T12:04:35.043+0000] {dagbag.py:538} INFO - Filling up the DagBag from /opt/airflow/dags/setup_pagila_sakila.py
[2026-08-20T12:04:35.061+0000] {processor.py:840} INFO - DAG(s) 'setup_pagila_sakila' retrieved from /opt/airflow/dags/setup_pagila_sakila.py
[2026-08-20T12:04:35.098+0000] {logging_mixin.py:188} INFO - [2026-08-20T12:04:35.098+0000] {dag.py:3036} INFO - Sync 1 DAGs
[2026-08-20T12:04:35.111+0000] {logging_mixin.py:188} INFO - [2026-08-20T12:04:35.111+0000] {dag.py:3823} INFO - Setting next_dagrun for setup_pagila_sakila to None, run_after=None
[2026-08-20T12:04:35.128+0000] {processor.py:183} INFO - Processing /opt/airflow/dags/setup_pagila_sakila.py took 0.093 seconds
[2026-08-20T12:05:05.174+0000] {processor.py:161} INFO - Started process (PID=508) to work on /opt/airflow/dags/setup_pagila_sakila.py
[2026-08-20T12:05:05.174+0000] {processor.py:830} INFO - Processing file /opt/airflow/dags/setup_pagila_sakila.py for tasks to queue
[2026-08-20T12:05:05.176+0000] {logging_mixin.py:188} INFO - [2026-08-20T12:05:05.175+0000] {dagbag.py:538} INFO - Filling up the DagBag from /opt/airflow/dags/setup_pagila_sakila.py
[2026-08-20T12:05:05.210+0000] {processor.py:840} INFO - DAG(s) 'setup_pagila_sakila' retrieved from /opt/airflow/dags/setup_pagila_sakila.py
[2026-08-20T12:05:05.256+0000] {logging_mixin.py:188} INFO - [2026-08-20T12:05:05.256+0000] {dag.py:3036} INFO - Sync 1 DAGs
[2026-08-20T12:05:05.303+0000] {logging_mixin.py:188} INFO - [2026-08-20T12:05:05.303+0000] {dag.py:3823} INFO - Setting next_dagrun for setup_pagila_sakila to None, run_after=None
[2026-08-20T12:05:05.330+0000] {processor.py:183} INFO - Processing /opt/airflow/dags/setup_pagila_sakila.py took 0.159 seconds
[2026-08-20T12:05:35.437+0000] {processor.py:161} INFO - Started process (PID=513) to work on /opt/airflow/dags/setup_pagila_sakila.py
[2026-08-20T12:05:35.439+0000] {processor.py:830} INFO - Processing file /opt/airflow/dags/setup_pagila_sakila.py for tasks to queue
[2026-08-20T12:05:35.440+0000] {logging_mixin.py:188} INFO - [2026-08-20T12:05:35.440+0000] {dagbag.py:538} INFO - Filling up the DagBag from /opt/airflow/dags/setup_pagila_sakila.py
[2026-08-20T12:05:35.463+0000] {processor.py:840} INFO - DAG(s) 'setup_pagila_sakila' retrieved from /opt/airflow/dags/setup_pagila_sakila.py
[2026-08-20T12:05:35.569+0000] {logging_mixin.py:188} INFO - [2026-08-20T12:05:35.568+0000] {dag.py:3036} INFO - Sync 1 DAGs
[2026-08-20T12:05:35.637+0000] {logging_mixin.py:188} INFO - [2026-08-20T12:05:35.637+0000] {dag.py:3823} INFO - Setting next_dagrun for setup_pagila_sakila to None, run_after=None
[2026-08-20T12:05:35.689+0000] {processor.py:183} INFO - Processing /opt/airflow/dags/setup_pagila_sakila.py took 0.258 seconds
[2026-08-20T12:06:05.866+0000] {processor.py:161} INFO - Started process (PID=518) to work on /opt/airflow/dags/setup_pagila_sakila.py
[2026-08-20T12:06:05.869+0000] {processor.py:830} INFO - Processing file /opt/airflow/dags/setup_pagila_sakila.py for tasks to queue
[2026-08-20T12:06:05.871+0000] {logging_mixin.py:188} INFO - [2026-08-20T12:06:05.870+0000] {dagbag.py:538} INFO - Filling up the DagBag from /opt/airflow/dags/setup_pagila_sakila.py
[2026-08-20T12:06:05.895+0000] {processor.py:840} INFO - DAG(s) 'setup_pagila_sakila' retrieved from /opt/airflow/dags/setup_pagila_sakila.py
[2026-08-20T12:06:05.995+0000] {logging_mixin.py:188} INFO - [2026-08-20T12:06:05.995+0000] {dag.py:3036} INFO - Sync 1 DAGs
[2026-08-20T12:06:06.078+0000] {logging_mixin.py:188} INFO - [2026-08-20T12:06:06.078+0000] {dag.py:3823} INFO - Setting next_dagrun for setup_pagila_sakila to None, run_after=None
[2026-08-20T12:06:06.118+0000] {processor.py:183} INFO - Processing /opt/airflow/dags/setup_pagila_sakila.py took 0.257 seconds
[2026-08-20T12:06:36.290+0000] {processor.py:161} INFO - Started process (PID=523) to work on /opt/airflow/dags/setup_pagila_sakila.py
[2026-08-20T12:06:36.293+0000] {processor.py:830} INFO - Processing file /opt/airflow/dags/setup_pagila_sakila.py for tasks to queue
[2026-08-20T12:06:36.294+0000] {logging_mixin.py:188} INFO - [2026-08-20T12:06:36.294+0000] {dagbag.py:538} INFO - Filling up the DagBag from /opt/airflow/dags/setup_pagila_sakila.py
[2026-08-20T12:06:36.328+0000] {processor.py:840} INFO - DAG(s) 'setup_pagila_sakila' retrieved from /opt/airflow/dags/setup_pagila_sakila.py
[2026-08-20T12:06:36.388+0000] {logging_mixin.py:188} INFO - [2026-08-20T12:06:36.388+0000] {dag.py:3036} INFO - Sync 1 DAGs
[2026-08-20T12:06:36.460+0000] {logging_mixin.py:188} INFO - [2026-08-20T12:06:36.459+0000] {dag.py:3823} INFO - Setting next_dagrun for setup_pagila_sakila to None, run_after=None
[2026-08-20T12:06:36.492+0000] {processor.py:183} INFO - Processing /opt/airflow/dags/setup_pagila_sakila.py took 0.208 seconds
[2026-08-20T12:07:06.648+0000] {processor.py:161} INFO - Started process (PID=528) to work on /opt/airflow/dags/setup_pagila_sakila.py
[2026-08-20T12:07:06.663+0000] {processor.py:830} INFO - Processing file /opt/airflow/dags/setup_pagila_sakila.py for tasks to queue
[2026-08-20T12:07:06.672+0000] {logging_mixin.py:188} INFO - [2026-08-20T12:07:06.669+0000] {dagbag.py:538} INFO - Filling up the DagBag from /opt/airflow/dags/setup_pagila_sakila.py
[2026-08-20T12:07:06.775+0000] {processor.py:840} INFO - DAG(s) 'setup_pagila_sakila' retrieved from /opt/airflow/dags/setup_pagila_sakila.py
[2026-08-20T12:07:06.818+0000] {logging_mixin.py:188} INFO - [2026-08-20T12:07:06.818+0000] {dag.py:3036} INFO - Sync 1 DAGs
[2026-08-20T12:07:06.840+0000] {logging_mixin.py:188} INFO - [2026-08-20T12:07:06.840+0000] {dag.py:3823} INFO - Setting next_dagrun for setup_pagila_sakila to None, run_after=None
[2026-08-20T12:07:06.862+0000] {processor.py:183} INFO - Processing /opt/airflow/dags/setup_pagila_sakila.py took 0.228 seconds
[2026-08-20T12:07:37.012+0000] {processor.py:161} INFO - Started process (PID=535) to work on /opt/airflow/dags/setup_pagila_sakila.py
[2026-08-20T12:07:37.022+0000] {processor.py:830} INFO - Processing file /opt/airflow/dags/setup_pagila_sakila.py for tasks to queue
[2026-08-20T12:07:37.026+0000] {logging_mixin.py:188} INFO - [2026-08-20T12:07:37.025+0000] {dagbag.py:538} INFO - Filling up the DagBag from /opt/airflow/dags/setup_pagila_sakila.py
[2026-08-20T12:07:37.090+0000] {processor.py:840} INFO - DAG(s) 'setup_pagila_sakila' retrieved from /opt/airflow/dags/setup_pagila_sakila.py
[2026-08-20T12:07:37.181+0000] {logging_mixin.py:188} INFO - [2026-08-20T12:07:37.181+0000] {dag.py:3036} INFO - Sync 1 DAGs
[2026-08-20T12:07:37.235+0000] {logging_mixin.py:188} INFO - [2026-08-20T12:07:37.235+0000] {dag.py:3823} INFO - Setting next_dagrun for setup_pagila_sakila to None, run_after=None
[2026-08-20T12:07:37.295+0000] {processor.py:183} INFO - Processing /opt/airflow/dags/setup_pagila_sakila.py took 0.286 seconds
[2026-08-20T12:08:07.463+0000] {processor.py:161} INFO - Started process (PID=540) to work on /opt/airflow/dags/setup_pagila_sakila.py
[2026-08-20T12:08:07.464+0000] {processor.py:830} INFO - Processing file /opt/airflow/dags/setup_pagila_sakila.py for tasks to queue
[2026-08-20T12:08:07.465+0000] {logging_mixin.py:188} INFO - [2026-08-20T12:08:07.465+0000] {dagbag.py:538} INFO - Filling up the DagBag from /opt/airflow/dags/setup_pagila_sakila.py
[2026-08-20T12:08:07.497+0000] {processor.py:840} INFO - DAG(s) 'setup_pagila_sakila' retrieved from /opt/airflow/dags/setup_pagila_sakila.py
[2026-08-20T12:08:07.526+0000] {logging_mixin.py:188} INFO - [2026-08-20T12:08:07.525+0000] {dag.py:3036} INFO - Sync 1 DAGs
[2026-08-20T12:08:07.561+0000] {logging_mixin.py:188} INFO - [2026-08-20T12:08:07.561+0000] {dag.py:3823} INFO - Setting next_dagrun for setup_pagila_sakila to None, run_after=None
[2026-08-20T12:08:07.591+0000] {processor.py:183} INFO - Processing /opt/airflow/dags/setup_pagila_sakila.py took 0.132 seconds
[2026-08-20T12:08:37.629+0000] {processor.py:161} INFO - Started process (PID=545) to work on /opt/airflow/dags/setup_pagila_sakila.py
[2026-08-20T12:08:37.631+0000] {processor.py:830} INFO - Processing file /opt/airflow/dags/setup_pagila_sakila.py for tasks to queue
[2026-08-20T12:08:37.632+0000] {logging_mixin.py:188} INFO - [2026-08-20T12:08:37.632+0000] {dagbag.py:538} INFO - Filling up the DagBag from /opt/airflow/dags/setup_pagila_sakila.py
[2026-08-20T12:08:37.677+0000] {processor.py:840} INFO - DAG(s) 'setup_pagila_sakila' retrieved from /opt/airflow/dags/setup_pagila_sakila.py
[2026-08-20T12:08:37.726+0000] {logging_mixin.py:188} INFO - [2026-08-20T12:08:37.726+0000] {dag.py:3036} INFO - Sync 1 DAGs
[2026-08-20T12:08:37.744+0000] {logging_mixin.py:188} INFO - [2026-08-20T12:08:37.744+0000] {dag.py:3823} INFO - Setting next_dagrun for setup_pagila_sakila to None, run_after=None
[2026-08-20T12:08:37.764+0000] {processor.py:183} INFO - Processing /opt/airflow/dags/setup_pagila_sakila.py took 0.140 seconds
[2026-08-20T12:09:07.923+0000] {processor.py:161} INFO - Started process (PID=550) to work on /opt/airflow/dags/setup_pagila_sakila.py
[2026-08-20T12:09:07.924+0000] {processor.py:830} INFO - Processing file /opt/airflow/dags/setup_pagila_sakila.py for tasks to queue
[2026-08-20T12:09:07.925+0000] {logging_mixin.py:188} INFO - [2026-08-20T12:09:07.925+0000] {dagbag.py:538} INFO - Filling up the DagBag from /opt/airflow/dags/setup_pagila_sakila.py
[2026-08-20T12:09:07.941+0000] {processor.py:840} INFO - DAG(s) 'setup_pagila_sakila' retrieved from /opt/airflow/dags/setup_pagila_sakila.py
[2026-08-20T12:09:07.967+0000] {logging_mixin.py:188} INFO - [2026-08-20T12:09:07.966+0000] {dag.py:3036} INFO - Sync 1 DAGs
[2026-08-20T12:09:07.981+0000] {logging_mixin.py:188} INFO - [2026-08-20T12:09:07.981+0000] {dag.py:3823} INFO - Setting next_dagrun for setup_pagila_sakila to None, run_after=None
[2026-08-20T12:09:08.002+0000] {processor.py:183} INFO - Processing /opt/airflow/dags/setup_pagila_sakila.py took 0.083 seconds
[2026-08-20T12:09:38.082+0000] {processor.py:161} INFO - Started process (PID=555) to work on /opt/airflow/dags/setup_pagila_sakila.py
[2026-08-20T12:09:38.083+0000] {processor.py:830} INFO - Processing file /opt/airflow/dags/setup_pagila_sakila.py for tasks to queue
[2026-08-20T12:09:38.085+0000] {logging_mixin.py:188} INFO - [2026-08-20T12:09:38.084+0000] {dagbag.py:538} INFO - Filling up the DagBag from /opt/airflow/dags/setup_pagila_sakila.py
[2026-08-20T12:09:38.108+0000] {processor.py:840} INFO - DAG(s) 'setup_pagila_sakila' retrieved from /opt/airflow/dags/setup_pagila_sakila.py
[2026-08-20T12:09:38.138+0000] {logging_mixin.py:188} INFO - [2026-08-20T12:09:38.138+0000] {dag.py:3036} INFO - Sync 1 DAGs
[2026-08-20T12:09:38.151+0000] {logging_mixin.py:188} INFO - [2026-08-20T12:09:38.151+0000] {dag.py:3823} INFO - Setting next_dagrun for setup_pagila_sakila to None, run_after=None
[2026-08-20T12:09:38.168+0000] {processor.py:183} INFO - Processing /opt/airflow/dags/setup_pagila_sakila.py took 0.092 seconds
[2026-08-20T12:10:08.283+0000] {processor.py:161} INFO - Started process (PID=560) to work on /opt/airflow/dags/setup_pagila_sakila.py
[2026-08-20T12:10:08.284+0000] {processor.py:830} INFO - Processing file /opt/airflow/dags/setup_pagila_sakila.py for tasks to queue
[2026-08-20T12:10:08.285+0000] {logging_mixin.py:188} INFO - [2026-08-20T12:10:08.285+0000] {dagbag.py:538} INFO - Filling up the DagBag from /opt/airflow/dags/setup_pagila_sakila.py
[2026-08-20T12:10:08.298+0000] {processor.py:840} INFO - DAG(s) 'setup_pagila_sakila' retrieved from /opt/airflow/dags/setup_pagila_sakila.py
[2026-08-20T12:10:08.326+0000] {logging_mixin.py:188} INFO - [2026-08-20T12:10:08.326+0000] {dag.py:3036} INFO - Sync 1 DAGs
[2026-08-20T12:10:08.338+0000] {logging_mixin.py:188} INFO - [2026-08-20T12:10:08.337+0000] {dag.py:3823} INFO - Setting next_dagrun for setup_pagila_sakila to None, run_after=None
[2026-08-20T12:10:08.356+0000] {processor.py:183} INFO - Processing /opt/airflow/dags/setup_pagila_sakila.py took 0.076 seconds
[2026-08-20T12:10:38.531+0000] {processor.py:161} INFO - Started process (PID=565) to work on /opt/airflow/dags/setup_pagila_sakila.py
[2026-08-20T12:10:38.532+0000] {processor.py:830} INFO - Processing file /opt/airflow/dags/setup_pagila_sakila.py for tasks to queue
[2026-08-20T12:10:38.534+0000] {logging_mixin.py:188} INFO - [2026-08-20T12:10:38.534+0000] {dagbag.py:538} INFO - Filling up the DagBag from /opt/airflow/dags/setup_pagila_sakila.py
[2026-08-20T12:10:38.551+0000] {processor.py:840} INFO - DAG(s) 'setup_pagila_sakila' retrieved from /opt/airflow/dags/setup_pagila_sakila.py
[2026-08-20T12:10:38.577+0000] {logging_mixin.py:188} INFO - [2026-08-20T12:10:38.576+0000] {dag.py:3036} INFO - Sync 1 DAGs
[2026-08-20T12:10:38.591+0000] {logging_mixin.py:188} INFO - [2026-08-20T12:10:38.590+0000] {dag.py:3823} INFO - Setting next_dagrun for setup_pagila_sakila to None, run_after=None
[2026-08-20T12:10:38.609+0000] {processor.py:183} INFO - Processing /opt/airflow/dags/setup_pagila_sakila.py took 0.081 seconds
[2026-08-20T12:11:08.727+0000] {processor.py:161} INFO - Started process (PID=570) to work on /opt/airflow/dags/setup_pagila_sakila.py
[2026-08-20T12:11:08.729+0000] {processor.py:830} INFO - Processing file /opt/airflow/dags/setup_pagila_sakila.py for tasks to queue
[2026-08-20T12:11:08.730+0000] {logging_mixin.py:188} INFO - [2026-08-20T12:11:08.730+0000] {dagbag.py:538} INFO - Filling up the DagBag from /opt/airflow/dags/setup_pagila_sakila.py
[2026-08-20T12:11:08.747+0000] {processor.py:840} INFO - DAG(s) 'setup_pagila_sakila' retrieved from /opt/airflow/dags/setup_pagila_sakila.py
[2026-08-20T12:11:08.775+0000] {logging_mixin.py:188} INFO - [2026-08-20T12:11:08.775+0000] {dag.py:3036} INFO - Sync 1 DAGs
[2026-08-20T12:11:08.788+0000] {logging_mixin.py:188} INFO - [2026-08-20T12:11:08.788+0000] {dag.py:3823} INFO - Setting next_dagrun for setup_pagila_sakila to None, run_after=None
[2026-08-20T12:11:08.807+0000] {processor.py:183} INFO - Processing /opt/airflow/dags/setup_pagila_sakila.py took 0.084 seconds
[2026-08-20T12:11:38.973+0000] {processor.py:161} INFO - Started process (PID=575) to work on /opt/airflow/dags/setup_pagila_sakila.py
[2026-08-20T12:11:38.974+0000] {processor.py:830} INFO - Processing file /opt/airflow/dags/setup_pagila_sakila.py for tasks to queue
[2026-08-20T12:11:38.976+0000] {logging_mixin.py:188} INFO - [2026-08-20T12:11:38.975+0000] {dagbag.py:538} INFO - Filling up the DagBag from /opt/airflow/dags/setup_pagila_sakila.py
[2026-08-20T12:11:38.996+0000] {processor.py:840} INFO - DAG(s) 'setup_pagila_sakila' retrieved from /opt/airflow/dags/setup_pagila_sakila.py
[2026-08-20T12:11:39.027+0000] {logging_mixin.py:188} INFO - [2026-08-20T12:11:39.026+0000] {dag.py:3036} INFO - Sync 1 DAGs
[2026-08-20T12:11:39.040+0000] {logging_mixin.py:188} INFO - [2026-08-20T12:11:39.040+0000] {dag.py:3823} INFO - Setting next_dagrun for setup_pagila_sakila to None, run_after=None
[2026-08-20T12:11:39.060+0000] {processor.py:183} INFO - Processing /opt/airflow/dags/setup_pagila_sakila.py took 0.090 seconds
[2026-08-20T12:12:09.116+0000] {processor.py:161} INFO - Started process (PID=580) to work on /opt/airflow/dags/setup_pagila_sakila.py
[2026-08-20T12:12:09.118+0000] {processor.py:830} INFO - Processing file /opt/airflow/dags/setup_pagila_sakila.py for tasks to queue
[2026-08-20T12:12:09.119+0000] {logging_mixin.py:188} INFO - [2026-08-20T12:12:09.119+0000] {dagbag.py:538} INFO - Filling up the DagBag from /opt/airflow/dags/setup_pagila_sakila.py
[2026-08-20T12:12:09.137+0000] {processor.py:840} INFO - DAG(s) 'setup_pagila_sakila' retrieved from /opt/airflow/dags/setup_pagila_sakila.py
[2026-08-20T12:12:09.164+0000] {logging_mixin.py:188} INFO - [2026-08-20T12:12:09.164+0000] {dag.py:3036} INFO - Sync 1 DAGs
[2026-08-20T12:12:09.177+0000] {logging_mixin.py:188} INFO - [2026-08-20T12:12:09.177+0000] {dag.py:3823} INFO - Setting next_dagrun for setup_pagila_sakila to None, run_after=None
[2026-08-20T12:12:09.196+0000] {processor.py:183} INFO - Processing /opt/airflow/dags/setup_pagila_sakila.py took 0.083 seconds
[2026-08-20T12:12:39.377+0000] {processor.py:161} INFO - Started process (PID=585) to work on /opt/airflow/dags/setup_pagila_sakila.py
[2026-08-20T12:12:39.378+0000] {processor.py:830} INFO - Processing file /opt/airflow/dags/setup_pagila_sakila.py for tasks to queue
[2026-08-20T12:12:39.380+0000] {logging_mixin.py:188} INFO - [2026-08-20T12:12:39.380+0000] {dagbag.py:538} INFO - Filling up the DagBag from /opt/airflow/dags/setup_pagila_sakila.py
[2026-08-20T12:12:39.398+0000] {processor.py:840} INFO - DAG(s) 'setup_pagila_sakila' retrieved from /opt/airflow/dags/setup_pagila_sakila.py
[2026-08-20T12:12:39.431+0000] {logging_mixin.py:188} INFO - [2026-08-20T12:12:39.431+0000] {dag.py:3036} INFO - Sync 1 DAGs
[2026-08-20T12:12:39.445+0000] {logging_mixin.py:188} INFO - [2026-08-20T12:12:39.445+0000] {dag.py:3823} INFO - Setting next_dagrun for setup_pagila_sakila to None, run_after=None
[2026-08-20T12:12:39.463+0000] {processor.py:183} INFO - Processing /opt/airflow/dags/setup_pagila_sakila.py took 0.089 seconds
[2026-08-20T12:13:09.559+0000] {processor.py:161} INFO - Started process (PID=590) to work on /opt/airflow/dags/setup_pagila_sakila.py
[2026-08-20T12:13:09.560+0000] {processor.py:830} INFO - Processing file /opt/airflow/dags/setup_pagila_sakila.py for tasks to queue
[2026-08-20T12:13:09.561+0000] {logging_mixin.py:188} INFO - [2026-08-20T12:13:09.561+0000] {dagbag.py:538} INFO - Filling up the DagBag from /opt/airflow/dags/setup_pagila_sakila.py
[2026-08-20T12:13:09.580+0000] {processor.py:840} INFO - DAG(s) 'setup_pagila_sakila' retrieved from /opt/airflow/dags/setup_pagila_sakila.py
[2026-08-20T12:13:09.609+0000] {logging_mixin.py:188} INFO - [2026-08-20T12:13:09.609+0000] {dag.py:3036} INFO - Sync 1 DAGs
[2026-08-20T12:13:09.623+0000] {logging_mixin.py:188} INFO - [2026-08-20T12:13:09.623+0000] {dag.py:3823} INFO - Setting next_dagrun for setup_pagila_sakila to None, run_after=None
[2026-08-20T12:13:09.642+0000] {processor.py:183} INFO - Processing /opt/airflow/dags/setup_pagila_sakila.py took 0.088 seconds
[2026-08-20T12:13:39.761+0000] {processor.py:161} INFO - Started process (PID=595) to work on /opt/airflow/dags/setup_pagila_sakila.py
[2026-08-20T12:13:39.763+0000] {processor.py:830} INFO - Processing file /opt/airflow/dags/setup_pagila_sakila.py for tasks to queue
[2026-08-20T12:13:39.764+0000] {logging_mixin.py:188} INFO - [2026-08-20T12:13:39.764+0000] {dagbag.py:538} INFO - Filling up the DagBag from /opt/airflow/dags/setup_pagila_sakila.py
[2026-08-20T12:13:39.786+0000] {processor.py:840} INFO - DAG(s) 'setup_pagila_sakila' retrieved from /opt/airflow/dags/setup_pagila_sakila.py
[2026-08-20T12:13:39.820+0000] {logging_mixin.py:188} INFO - [2026-08-20T12:13:39.820+0000] {dag.py:3036} INFO - Sync 1 DAGs
[2026-08-20T12:13:39.837+0000] {logging_mixin.py:188} INFO - [2026-08-20T12:13:39.836+0000] {dag.py:3823} INFO - Setting next_dagrun for setup_pagila_sakila to None, run_after=None
[2026-08-20T12:13:39.858+0000] {processor.py:183} INFO - Processing /opt/airflow/dags/setup_pagila_sakila.py took 0.102 seconds
[2026-08-20T12:14:09.906+0000] {processor.py:161} INFO - Started process (PID=600) to work on /opt/airflow/dags/setup_pagila_sakila.py
[2026-08-20T12:14:09.907+0000] {processor.py:830} INFO - Processing file /opt/airflow/dags/setup_pagila_sakila.py for tasks to queue
[2026-08-20T12:14:09.909+0000] {logging_mixin.py:188} INFO - [2026-08-20T12:14:09.908+0000] {dagbag.py:538} INFO - Filling up the DagBag from /opt/airflow/dags/setup_pagila_sakila.py
[2026-08-20T12:14:09.927+0000] {processor.py:840} INFO - DAG(s) 'setup_pagila_sakila' retrieved from /opt/airflow/dags/setup_pagila_sakila.py
[2026-08-20T12:14:09.965+0000] {logging_mixin.py:188} INFO - [2026-08-20T12:14:09.964+0000] {dag.py:3036} INFO - Sync 1 DAGs
[2026-08-20T12:14:09.985+0000] {logging_mixin.py:188} INFO - [2026-08-20T12:14:09.985+0000] {dag.py:3823} INFO - Setting next_dagrun for setup_pagila_sakila to None, run_after=None
[2026-08-20T12:14:10.008+0000] {processor.py:183} INFO - Processing /opt/airflow/dags/setup_pagila_sakila.py took 0.107 seconds
[2026-08-20T12:14:40.138+0000] {processor.py:161} INFO - Started process (PID=605) to work on /opt/airflow/dags/setup_pagila_sakila.py
[2026-08-20T12:14:40.139+0000] {processor.py:830} INFO - Processing file /opt/airflow/dags/setup_pagila_sakila.py for tasks to queue
[2026-08-20T12:14:40.140+0000] {logging_mixin.py:188} INFO - [2026-08-20T12:14:40.139+0000] {dagbag.py:538} INFO - Filling up the DagBag from /opt/airflow/dags/setup_pagila_sakila.py
[2026-08-20T12:14:40.162+0000] {processor.py:840} INFO - DAG(s) 'setup_pagila_sakila' retrieved from /opt/airflow/dags/setup_pagila_sakila.py
[2026-08-20T12:14:40.199+0000] {logging_mixin.py:188} INFO - [2026-08-20T12:14:40.199+0000] {dag.py:3036} INFO - Sync 1 DAGs
[2026-08-20T12:14:40.218+0000] {logging_mixin.py:188} INFO - [2026-08-20T12:14:40.218+0000] {dag.py:3823} INFO - Setting next_dagrun for setup_pagila_sakila to None, run_after=None
[2026-08-20T12:14:40.246+0000] {processor.py:183} INFO - Processing /opt/airflow/dags/setup_pagila_sakila.py took 0.112 seconds
[2026-08-20T12:15:10.315+0000] {processor.py:161} INFO - Started process (PID=610) to work on /opt/airflow/dags/setup_pagila_sakila.py
[2026-08-20T12:15:10.317+0000] {processor.py:830} INFO - Processing file /opt/airflow/dags/setup_pagila_sakila.py for tasks to queue
[2026-08-20T12:15:10.318+0000] {logging_mixin.py:188} INFO - [2026-08-20T12:15:10.318+0000] {dagbag.py:538} INFO - Filling up the DagBag from /opt/airflow/dags/setup_pagila_sakila.py
[2026-08-20T12:15:10.337+0000] {processor.py:840} INFO - DAG(s) 'setup_pagila_sakila' retrieved from /opt/airflow/dags/setup_pagila_sakila.py
[2026-08-20T12:15:10.367+0000] {logging_mixin.py:188} INFO - [2026-08-20T12:15:10.366+0000] {dag.py:3036} INFO - Sync 1 DAGs
[2026-08-20T12:15:10.381+0000] {logging_mixin.py:188} INFO - [2026-08-20T12:15:10.381+0000] {dag.py:3823} INFO - Setting next_dagrun for setup_pagila_sakila to None, run_after=None
[2026-08-20T12:15:10.401+0000] {processor.py:183} INFO - Processing /opt/airflow/dags/setup_pagila_sakila.py took 0.090 seconds
[2026-08-20T12:15:40.622+0000] {processor.py:161} INFO - Started process (PID=615) to work on /opt/airflow/dags/setup_pagila_sakila.py
[2026-08-20T12:15:40.623+0000] {processor.py:830} INFO - Processing file /opt/airflow/dags/setup_pagila_sakila.py for tasks to queue
[2026-08-20T12:15:40.624+0000] {logging_mixin.py:188} INFO - [2026-08-20T12:15:40.624+0000] {dagbag.py:538} INFO - Filling up the DagBag from /opt/airflow/dags/setup_pagila_sakila.py
[2026-08-20T12:15:40.641+0000] {processor.py:840} INFO - DAG(s) 'setup_pagila_sakila' retrieved from /opt/airflow/dags/setup_pagila_sakila.py
[2026-08-20T12:15:40.670+0000] {logging_mixin.py:188} INFO - [2026-08-20T12:15:40.670+0000] {dag.py:3036} INFO - Sync 1 DAGs
[2026-08-20T12:15:40.684+0000] {logging_mixin.py:188} INFO - [2026-08-20T12:15:40.684+0000] {dag.py:3823} INFO - Setting next_dagrun for setup_pagila_sakila to None, run_after=None
[2026-08-20T12:15:40.705+0000] {processor.py:183} INFO - Processing /opt/airflow/dags/setup_pagila_sakila.py took 0.086 seconds
[2026-08-20T12:16:10.790+0000] {processor.py:161} INFO - Started process (PID=620) to work on /opt/airflow/dags/setup_pagila_sakila.py
[2026-08-20T12:16:10.791+0000] {processor.py:830} INFO - Processing file /opt/airflow/dags/setup_pagila_sakila.py for tasks to queue
[2026-08-20T12:16:10.792+0000] {logging_mixin.py:188} INFO - [2026-08-20T12:16:10.792+0000] {dagbag.py:538} INFO - Filling up the DagBag from /opt/airflow/dags/setup_pagila_sakila.py
[2026-08-20T12:16:10.807+0000] {processor.py:840} INFO - DAG(s) 'setup_pagila_sakila' retrieved from /opt/airflow/dags/setup_pagila_sakila.py
[2026-08-20T12:16:10.834+0000] {logging_mixin.py:188} INFO - [2026-08-20T12:16:10.833+0000] {dag.py:3036} INFO - Sync 1 DAGs
[2026-08-20T12:16:10.847+0000] {logging_mixin.py:188} INFO - [2026-08-20T12:16:10.847+0000] {dag.py:3823} INFO - Setting next_dagrun for setup_pagila_sakila to None, run_after=None
[2026-08-20T12:16:10.867+0000] {processor.py:183} INFO - Processing /opt/airflow/dags/setup_pagila_sakila.py took 0.081 seconds
[2026-08-20T12:16:41.022+0000] {processor.py:161} INFO - Started process (PID=625) to work on /opt/airflow/dags/setup_pagila_sakila.py
[2026-08-20T12:16:41.023+0000] {processor.py:830} INFO - Processing file /opt/airflow/dags/setup_pagila_sakila.py for tasks to queue
[2026-08-20T12:16:41.025+0000] {logging_mixin.py:188} INFO - [2026-08-20T12:16:41.024+0000] {dagbag.py:538} INFO - Filling up the DagBag from /opt/airflow/dags/setup_pagila_sakila.py
[2026-08-20T12:16:41.039+0000] {processor.py:840} INFO - DAG(s) 'setup_pagila_sakila' retrieved from /opt/airflow/dags/setup_pagila_sakila.py
[2026-08-20T12:16:41.065+0000] {logging_mixin.py:188} INFO - [2026-08-20T12:16:41.065+0000] {dag.py:3036} INFO - Sync 1 DAGs
[2026-08-20T12:16:41.078+0000] {logging_mixin.py:188} INFO - [2026-08-20T12:16:41.078+0000] {dag.py:3823} INFO - Setting next_dagrun for setup_pagila_sakila to None, run_after=None
[2026-08-20T12:16:41.097+0000] {processor.py:183} INFO - Processing /opt/airflow/dags/setup_pagila_sakila.py took 0.078 seconds
[2026-08-20T12:17:11.175+0000] {processor.py:161} INFO - Started process (PID=630) to work on /opt/airflow/dags/setup_pagila_sakila.py
[2026-08-20T12:17:11.176+0000] {processor.py:830} INFO - Processing file /opt/airflow/dags/setup_pagila_sakila.py for tasks to queue
[2026-08-20T12:17:11.178+0000] {logging_mixin.py:188} INFO - [2026-08-20T12:17:11.177+0000] {dagbag.py:538} INFO - Filling up the DagBag from /opt/airflow/dags/setup_pagila_sakila.py
[2026-08-20T12:17:11.192+0000] {processor.py:840} INFO - DAG(s) 'setup_pagila_sakila' retrieved from /opt/airflow/dags/setup_pagila_sakila.py
[2026-08-20T12:17:11.223+0000] {logging_mixin.py:188} INFO - [2026-08-20T12:17:11.223+0000] {dag.py:3036} INFO - Sync 1 DAGs
[2026-08-20T12:17:11.235+0000] {logging_mixin.py:188} INFO - [2026-08-20T12:17:11.234+0000] {dag.py:3823} INFO - Setting next_dagrun for setup_pagila_sakila to None, run_after=None
[2026-08-20T12:17:11.253+0000] {processor.py:183} INFO - Processing /opt/airflow/dags/setup_pagila_sakila.py took 0.082 seconds
[2026-08-20T12:17:41.448+0000] {processor.py:161} INFO - Started process (PID=635) to work on /opt/airflow/dags/setup_pagila_sakila.py
[2026-08-20T12:17:41.449+0000] {processor.py:830} INFO - Processing file /opt/airflow/dags/setup_pagila_sakila.py for tasks to queue
[2026-08-20T12:17:41.450+0000] {logging_mixin.py:188} INFO - [2026-08-20T12:17:41.450+0000] {dagbag.py:538} INFO - Filling up the DagBag from /opt/airflow/dags/setup_pagila_sakila.py
[2026-08-20T12:17:41.464+0000] {processor.py:840} INFO - DAG(s) 'setup_pagila_sakila' retrieved from /opt/airflow/dags/setup_pagila_sakila.py
[2026-08-20T12:17:41.492+0000] {logging_mixin.py:188} INFO - [2026-08-20T12:17:41.492+0000] {dag.py:3036} INFO - Sync 1 DAGs
[2026-08-20T12:17:41.504+0000] {logging_mixin.py:188} INFO - [2026-08-20T12:17:41.504+0000] {dag.py:3823} INFO - Setting next_dagrun for setup_pagila_sakila to None, run_after=None
[2026-08-20T12:17:41.522+0000] {processor.py:183} INFO - Processing /opt/airflow/dags/setup_pagila_sakila.py took 0.077 seconds
[2026-08-20T12:18:11.645+0000] {processor.py:161} INFO - Started process (PID=640) to work on /opt/airflow/dags/setup_pagila_sakila.py
[2026-08-20T12:18:11.646+0000] {processor.py:830} INFO - Processing file /opt/airflow/dags/setup_pagila_sakila.py for tasks to queue
[2026-08-20T12:18:11.648+0000] {logging_mixin.py:188} INFO - [2026-08-20T12:18:11.647+0000] {dagbag.py:538} INFO - Filling up the DagBag from /opt/airflow/dags/setup_pagila_sakila.py
[2026-08-20T12:18:11.665+0000] {processor.py:840} INFO - DAG(s) 'setup_pagila_sakila' retrieved from /opt/airflow/dags/setup_pagila_sakila.py
[2026-08-20T12:18:11.710+0000] {logging_mixin.py:188} INFO - [2026-08-20T12:18:11.709+0000] {dag.py:3036} INFO - Sync 1 DAGs
[2026-08-20T12:18:11.723+0000] {logging_mixin.py:188} INFO - [2026-08-20T12:18:11.723+0000] {dag.py:3823} INFO - Setting next_dagrun for setup_pagila_sakila to None, run_after=None
[2026-08-20T12:18:11.746+0000] {processor.py:183} INFO - Processing /opt/airflow/dags/setup_pagila_sakila.py took 0.105 seconds
[2026-08-20T12:18:41.837+0000] {processor.py:161} INFO - Started process (PID=645) to work on /opt/airflow/dags/setup_pagila_sakila.py
[2026-08-20T12:18:41.838+0000] {processor.py:830} INFO - Processing file /opt/airflow/dags/setup_pagila_sakila.py for tasks to queue
[2026-08-20T12:18:41.840+0000] {logging_mixin.py:188} INFO - [2026-08-20T12:18:41.839+0000] {dagbag.py:538} INFO - Filling up the DagBag from /opt/airflow/dags/setup_pagila_sakila.py
[2026-08-20T12:18:41.856+0000] {processor.py:840} INFO - DAG(s) 'setup_pagila_sakila' retrieved from /opt/airflow/dags/setup_pagila_sakila.py
[2026-08-20T12:18:41.913+0000] {logging_mixin.py:188} INFO - [2026-08-20T12:18:41.913+0000] {dag.py:3036} INFO - Sync 1 DAGs
[2026-08-20T12:18:41.925+0000] {logging_mixin.py:188} INFO - [2026-08-20T12:18:41.925+0000] {dag.py:3823} INFO - Setting next_dagrun for setup_pagila_sakila to None, run_after=None
[2026-08-20T12:18:41.942+0000] {processor.py:183} INFO - Processing /opt/airflow/dags/setup_pagila_sakila.py took 0.109 seconds
[2026-08-20T12:19:12.069+0000] {processor.py:161} INFO - Started process (PID=650) to work on /opt/airflow/dags/setup_pagila_sakila.py
[2026-08-20T12:19:12.070+0000] {processor.py:830} INFO - Processing file /opt/airflow/dags/setup_pagila_sakila.py for tasks to queue
[2026-08-20T12:19:12.071+0000] {logging_mixin.py:188} INFO - [2026-08-20T12:19:12.071+0000] {dagbag.py:538} INFO - Filling up the DagBag from /opt/airflow/dags/setup_pagila_sakila.py
[2026-08-20T12:19:12.088+0000] {processor.py:840} INFO - DAG(s) 'setup_pagila_sakila' retrieved from /opt/airflow/dags/setup_pagila_sakila.py
[2026-08-20T12:19:12.114+0000] {logging_mixin.py:188} INFO - [2026-08-20T12:19:12.114+0000] {dag.py:3036} INFO - Sync 1 DAGs
[2026-08-20T12:19:12.130+0000] {logging_mixin.py:188} INFO - [2026-08-20T12:19:12.130+0000] {dag.py:3823} INFO - Setting next_dagrun for setup_pagila_sakila to None, run_after=None
[2026-08-20T12:19:12.147+0000] {processor.py:183} INFO - Processing /opt/airflow/dags/setup_pagila_sakila.py took 0.081 seconds
[2026-08-20T12:19:42.248+0000] {processor.py:161} INFO - Started process (PID=655) to work on /opt/airflow/dags/setup_pagila_sakila.py
[2026-08-20T12:19:42.249+0000] {processor.py:830} INFO - Processing file /opt/airflow/dags/setup_pagila_sakila.py for tasks to queue
[2026-08-20T12:19:42.251+0000] {logging_mixin.py:188} INFO - [2026-08-20T12:19:42.251+0000] {dagbag.py:538} INFO - Filling up the DagBag from /opt/airflow/dags/setup_pagila_sakila.py
[2026-08-20T12:19:42.273+0000] {processor.py:840} INFO - DAG(s) 'setup_pagila_sakila' retrieved from /opt/airflow/dags/setup_pagila_sakila.py
[2026-08-20T12:19:42.302+0000] {logging_mixin.py:188} INFO - [2026-08-20T12:19:42.302+0000] {dag.py:3036} INFO - Sync 1 DAGs
[2026-08-20T12:19:42.314+0000] {logging_mixin.py:188} INFO - [2026-08-20T12:19:42.314+0000] {dag.py:3823} INFO - Setting next_dagrun for setup_pagila_sakila to None, run_after=None
[2026-08-20T12:19:42.333+0000] {processor.py:183} INFO - Processing /opt/airflow/dags/setup_pagila_sakila.py took 0.089 seconds
[2026-08-20T12:20:12.484+0000] {processor.py:161} INFO - Started process (PID=660) to work on /opt/airflow/dags/setup_pagila_sakila.py
[2026-08-20T12:20:12.485+0000] {processor.py:830} INFO - Processing file /opt/airflow/dags/setup_pagila_sakila.py for tasks to queue
[2026-08-20T12:20:12.486+0000] {logging_mixin.py:188} INFO - [2026-08-20T12:20:12.486+0000] {dagbag.py:538} INFO - Filling up the DagBag from /opt/airflow/dags/setup_pagila_sakila.py
[2026-08-20T12:20:12.500+0000] {processor.py:840} INFO - DAG(s) 'setup_pagila_sakila' retrieved from /opt/airflow/dags/setup_pagila_sakila.py
[2026-08-20T12:20:12.523+0000] {logging_mixin.py:188} INFO - [2026-08-20T12:20:12.523+0000] {dag.py:3036} INFO - Sync 1 DAGs
[2026-08-20T12:20:12.534+0000] {logging_mixin.py:188} INFO - [2026-08-20T12:20:12.534+0000] {dag.py:3823} INFO - Setting next_dagrun for setup_pagila_sakila to None, run_after=None
[2026-08-20T12:20:12.552+0000] {processor.py:183} INFO - Processing /opt/airflow/dags/setup_pagila_sakila.py took 0.071 seconds
[2026-08-20T12:20:42.678+0000] {processor.py:161} INFO - Started process (PID=665) to work on /opt/airflow/dags/setup_pagila_sakila.py
[2026-08-20T12:20:42.679+0000] {processor.py:830} INFO - Processing file /opt/airflow/dags/setup_pagila_sakila.py for tasks to queue
[2026-08-20T12:20:42.681+0000] {logging_mixin.py:188} INFO - [2026-08-20T12:20:42.680+0000] {dagbag.py:538} INFO - Filling up the DagBag from /opt/airflow/dags/setup_pagila_sakila.py
[2026-08-20T12:20:42.698+0000] {processor.py:840} INFO - DAG(s) 'setup_pagila_sakila' retrieved from /opt/airflow/dags/setup_pagila_sakila.py
[2026-08-20T12:20:42.726+0000] {logging_mixin.py:188} INFO - [2026-08-20T12:20:42.726+0000] {dag.py:3036} INFO - Sync 1 DAGs
[2026-08-20T12:20:42.738+0000] {logging_mixin.py:188} INFO - [2026-08-20T12:20:42.738+0000] {dag.py:3823} INFO - Setting next_dagrun for setup_pagila_sakila to None, run_after=None
[2026-08-20T12:20:42.757+0000] {processor.py:183} INFO - Processing /opt/airflow/dags/setup_pagila_sakila.py took 0.083 seconds
[2026-08-20T12:21:12.897+0000] {processor.py:161} INFO - Started process (PID=670) to work on /opt/airflow/dags/setup_pagila_sakila.py
[2026-08-20T12:21:12.898+0000] {processor.py:830} INFO - Processing file /opt/airflow/dags/setup_pagila_sakila.py for tasks to queue
[2026-08-20T12:21:12.899+0000] {logging_mixin.py:188} INFO - [2026-08-20T12:21:12.899+0000] {dagbag.py:538} INFO - Filling up the DagBag from /opt/airflow/dags/setup_pagila_sakila.py
[2026-08-20T12:21:12.917+0000] {processor.py:840} INFO - DAG(s) 'setup_pagila_sakila' retrieved from /opt/airflow/dags/setup_pagila_sakila.py
[2026-08-20T12:21:12.944+0000] {logging_mixin.py:188} INFO - [2026-08-20T12:21:12.943+0000] {dag.py:3036} INFO - Sync 1 DAGs
[2026-08-20T12:21:12.957+0000] {logging_mixin.py:188} INFO - [2026-08-20T12:21:12.956+0000] {dag.py:3823} INFO - Setting next_dagrun for setup_pagila_sakila to None, run_after=None
[2026-08-20T12:21:12.975+0000] {processor.py:183} INFO - Processing /opt/airflow/dags/setup_pagila_sakila.py took 0.083 seconds
[2026-08-20T12:21:43.085+0000] {processor.py:161} INFO - Started process (PID=675) to work on /opt/airflow/dags/setup_pagila_sakila.py
[2026-08-20T12:21:43.087+0000] {processor.py:830} INFO - Processing file /opt/airflow/dags/setup_pagila_sakila.py for tasks to queue
[2026-08-20T12:21:43.088+0000] {logging_mixin.py:188} INFO - [2026-08-20T12:21:43.088+0000] {dagbag.py:538} INFO - Filling up the DagBag from /opt/airflow/dags/setup_pagila_sakila.py
[2026-08-20T12:21:43.105+0000] {processor.py:840} INFO - DAG(s) 'setup_pagila_sakila' retrieved from /opt/airflow/dags/setup_pagila_sakila.py
[2026-08-20T12:21:43.131+0000] {logging_mixin.py:188} INFO - [2026-08-20T12:21:43.131+0000] {dag.py:3036} INFO - Sync 1 DAGs
[2026-08-20T12:21:43.146+0000] {logging_mixin.py:188} INFO - [2026-08-20T12:21:43.145+0000] {dag.py:3823} INFO - Setting next_dagrun for setup_pagila_sakila to None, run_after=None
[2026-08-20T12:21:43.166+0000] {processor.py:183} INFO - Processing /opt/airflow/dags/setup_pagila_sakila.py took 0.085 seconds
[2026-08-20T12:22:13.266+0000] {processor.py:161} INFO - Started process (PID=680) to work on /opt/airflow/dags/setup_pagila_sakila.py
[2026-08-20T12:22:13.267+0000] {processor.py:830} INFO - Processing file /opt/airflow/dags/setup_pagila_sakila.py for tasks to queue
[2026-08-20T12:22:13.268+0000] {logging_mixin.py:188} INFO - [2026-08-20T12:22:13.268+0000] {dagbag.py:538} INFO - Filling up the DagBag from /opt/airflow/dags/setup_pagila_sakila.py
[2026-08-20T12:22:13.282+0000] {processor.py:840} INFO - DAG(s) 'setup_pagila_sakila' retrieved from /opt/airflow/dags/setup_pagila_sakila.py
[2026-08-20T12:22:13.308+0000] {logging_mixin.py:188} INFO - [2026-08-20T12:22:13.307+0000] {dag.py:3036} INFO - Sync 1 DAGs
[2026-08-20T12:22:13.319+0000] {logging_mixin.py:188} INFO - [2026-08-20T12:22:13.319+0000] {dag.py:3823} INFO - Setting next_dagrun for setup_pagila_sakila to None, run_after=None
[2026-08-20T12:22:13.337+0000] {processor.py:183} INFO - Processing /opt/airflow/dags/setup_pagila_sakila.py took 0.074 seconds
[2026-08-20T12:22:43.496+0000] {processor.py:161} INFO - Started process (PID=685) to work on /opt/airflow/dags/setup_pagila_sakila.py
[2026-08-20T12:22:43.497+0000] {processor.py:830} INFO - Processing file /opt/airflow/dags/setup_pagila_sakila.py for tasks to queue
[2026-08-20T12:22:43.498+0000] {logging_mixin.py:188} INFO - [2026-08-20T12:22:43.497+0000] {dagbag.py:538} INFO - Filling up the DagBag from /opt/airflow/dags/setup_pagila_sakila.py
[2026-08-20T12:22:43.511+0000] {processor.py:840} INFO - DAG(s) 'setup_pagila_sakila' retrieved from /opt/airflow/dags/setup_pagila_sakila.py
[2026-08-20T12:22:43.537+0000] {logging_mixin.py:188} INFO - [2026-08-20T12:22:43.537+0000] {dag.py:3036} INFO - Sync 1 DAGs
[2026-08-20T12:22:43.549+0000] {logging_mixin.py:188} INFO - [2026-08-20T12:22:43.549+0000] {dag.py:3823} INFO - Setting next_dagrun for setup_pagila_sakila to None, run_after=None
[2026-08-20T12:22:43.567+0000] {processor.py:183} INFO - Processing /opt/airflow/dags/setup_pagila_sakila.py took 0.074 seconds
[2026-08-20T12:23:13.689+0000] {processor.py:161} INFO - Started process (PID=690) to work on /opt/airflow/dags/setup_pagila_sakila.py
[2026-08-20T12:23:13.690+0000] {processor.py:830} INFO - Processing file /opt/airflow/dags/setup_pagila_sakila.py for tasks to queue
[2026-08-20T12:23:13.691+0000] {logging_mixin.py:188} INFO - [2026-08-20T12:23:13.691+0000] {dagbag.py:538} INFO - Filling up the DagBag from /opt/airflow/dags/setup_pagila_sakila.py
[2026-08-20T12:23:13.705+0000] {processor.py:840} INFO - DAG(s) 'setup_pagila_sakila' retrieved from /opt/airflow/dags/setup_pagila_sakila.py
[2026-08-20T12:23:13.737+0000] {logging_mixin.py:188} INFO - [2026-08-20T12:23:13.737+0000] {dag.py:3036} INFO - Sync 1 DAGs
[2026-08-20T12:23:13.752+0000] {logging_mixin.py:188} INFO - [2026-08-20T12:23:13.752+0000] {dag.py:3823} INFO - Setting next_dagrun for setup_pagila_sakila to None, run_after=None
[2026-08-20T12:23:13.772+0000] {processor.py:183} INFO - Processing /opt/airflow/dags/setup_pagila_sakila.py took 0.086 seconds
[2026-08-20T12:23:43.909+0000] {processor.py:161} INFO - Started process (PID=695) to work on /opt/airflow/dags/setup_pagila_sakila.py
[2026-08-20T12:23:43.910+0000] {processor.py:830} INFO - Processing file /opt/airflow/dags/setup_pagila_sakila.py for tasks to queue
[2026-08-20T12:23:43.912+0000] {logging_mixin.py:188} INFO - [2026-08-20T12:23:43.911+0000] {dagbag.py:538} INFO - Filling up the DagBag from /opt/airflow/dags/setup_pagila_sakila.py
[2026-08-20T12:23:43.927+0000] {processor.py:840} INFO - DAG(s) 'setup_pagila_sakila' retrieved from /opt/airflow/dags/setup_pagila_sakila.py
[2026-08-20T12:23:43.958+0000] {logging_mixin.py:188} INFO - [2026-08-20T12:23:43.958+0000] {dag.py:3036} INFO - Sync 1 DAGs
[2026-08-20T12:23:43.973+0000] {logging_mixin.py:188} INFO - [2026-08-20T12:23:43.973+0000] {dag.py:3823} INFO - Setting next_dagrun for setup_pagila_sakila to None, run_after=None
[2026-08-20T12:23:43.992+0000] {processor.py:183} INFO - Processing /opt/airflow/dags/setup_pagila_sakila.py took 0.086 seconds
[2026-08-20T12:24:14.081+0000] {processor.py:161} INFO - Started process (PID=700) to work on /opt/airflow/dags/setup_pagila_sakila.py
[2026-08-20T12:24:14.082+0000] {processor.py:830} INFO - Processing file /opt/airflow/dags/setup_pagila_sakila.py for tasks to queue
[2026-08-20T12:24:14.084+0000] {logging_mixin.py:188} INFO - [2026-08-20T12:24:14.083+0000] {dagbag.py:538} INFO - Filling up the DagBag from /opt/airflow/dags/setup_pagila_sakila.py
[2026-08-20T12:24:14.102+0000] {processor.py:840} INFO - DAG(s) 'setup_pagila_sakila' retrieved from /opt/airflow/dags/setup_pagila_sakila.py
[2026-08-20T12:24:14.131+0000] {logging_mixin.py:188} INFO - [2026-08-20T12:24:14.131+0000] {dag.py:3036} INFO - Sync 1 DAGs
[2026-08-20T12:24:14.145+0000] {logging_mixin.py:188} INFO - [2026-08-20T12:24:14.144+0000] {dag.py:3823} INFO - Setting next_dagrun for setup_pagila_sakila to None, run_after=None
[2026-08-20T12:24:14.163+0000] {processor.py:183} INFO - Processing /opt/airflow/dags/setup_pagila_sakila.py took 0.087 seconds
