[2026-08-19T12:42:48.081+0000] {processor.py:161} INFO - Started process (PID=206) to work on /opt/airflow/dags/setup_pagila_sakila.py
[2026-08-19T12:42:48.083+0000] {processor.py:830} INFO - Processing file /opt/airflow/dags/setup_pagila_sakila.py for tasks to queue
[2026-08-19T12:42:48.086+0000] {logging_mixin.py:188} INFO - [2026-08-19T12:42:48.085+0000] {dagbag.py:538} INFO - Filling up the DagBag from /opt/airflow/dags/setup_pagila_sakila.py
[2026-08-19T12:42:48.117+0000] {processor.py:840} INFO - DAG(s) 'setup_pagila_sakila' retrieved from /opt/airflow/dags/setup_pagila_sakila.py
[2026-08-19T12:42:48.296+0000] {logging_mixin.py:188} INFO - [2026-08-19T12:42:48.295+0000] {override.py:1769} INFO - Created Permission View: can edit on DAG:setup_pagila_sakila
[2026-08-19T12:42:48.306+0000] {logging_mixin.py:188} INFO - [2026-08-19T12:42:48.305+0000] {override.py:1769} INFO - Created Permission View: can read on DAG:setup_pagila_sakila
[2026-08-19T12:42:48.312+0000] {logging_mixin.py:188} INFO - [2026-08-19T12:42:48.311+0000] {override.py:1769} INFO - Created Permission View: can delete on DAG:setup_pagila_sakila
[2026-08-19T12:42:48.312+0000] {logging_mixin.py:188} INFO - [2026-08-19T12:42:48.312+0000] {dag.py:3036} INFO - Sync 1 DAGs
[2026-08-19T12:42:48.335+0000] {logging_mixin.py:188} INFO - [2026-08-19T12:42:48.335+0000] {dag.py:3058} INFO - Creating ORM DAG for setup_pagila_sakila
[2026-08-19T12:42:48.336+0000] {logging_mixin.py:188} INFO - [2026-08-19T12:42:48.336+0000] {dag.py:3823} INFO - Setting next_dagrun for setup_pagila_sakila to None, run_after=None
[2026-08-19T12:42:48.358+0000] {processor.py:183} INFO - Processing /opt/airflow/dags/setup_pagila_sakila.py took 0.284 seconds
[2026-08-19T12:43:18.536+0000] {processor.py:161} INFO - Started process (PID=211) to work on /opt/airflow/dags/setup_pagila_sakila.py
[2026-08-19T12:43:18.538+0000] {processor.py:830} INFO - Processing file /opt/airflow/dags/setup_pagila_sakila.py for tasks to queue
[2026-08-19T12:43:18.540+0000] {logging_mixin.py:188} INFO - [2026-08-19T12:43:18.540+0000] {dagbag.py:538} INFO - Filling up the DagBag from /opt/airflow/dags/setup_pagila_sakila.py
[2026-08-19T12:43:18.569+0000] {processor.py:840} INFO - DAG(s) 'setup_pagila_sakila' retrieved from /opt/airflow/dags/setup_pagila_sakila.py
[2026-08-19T12:43:18.605+0000] {logging_mixin.py:188} INFO - [2026-08-19T12:43:18.605+0000] {dag.py:3036} INFO - Sync 1 DAGs
[2026-08-19T12:43:18.620+0000] {logging_mixin.py:188} INFO - [2026-08-19T12:43:18.620+0000] {dag.py:3823} INFO - Setting next_dagrun for setup_pagila_sakila to None, run_after=None
[2026-08-19T12:43:18.643+0000] {processor.py:183} INFO - Processing /opt/airflow/dags/setup_pagila_sakila.py took 0.111 seconds
[2026-08-19T12:43:48.686+0000] {processor.py:161} INFO - Started process (PID=216) to work on /opt/airflow/dags/setup_pagila_sakila.py
[2026-08-19T12:43:48.688+0000] {processor.py:830} INFO - Processing file /opt/airflow/dags/setup_pagila_sakila.py for tasks to queue
[2026-08-19T12:43:48.690+0000] {logging_mixin.py:188} INFO - [2026-08-19T12:43:48.690+0000] {dagbag.py:538} INFO - Filling up the DagBag from /opt/airflow/dags/setup_pagila_sakila.py
[2026-08-19T12:43:48.721+0000] {processor.py:840} INFO - DAG(s) 'setup_pagila_sakila' retrieved from /opt/airflow/dags/setup_pagila_sakila.py
[2026-08-19T12:43:48.771+0000] {logging_mixin.py:188} INFO - [2026-08-19T12:43:48.770+0000] {dag.py:3036} INFO - Sync 1 DAGs
[2026-08-19T12:43:48.805+0000] {logging_mixin.py:188} INFO - [2026-08-19T12:43:48.804+0000] {dag.py:3823} INFO - Setting next_dagrun for setup_pagila_sakila to None, run_after=None
[2026-08-19T12:43:48.838+0000] {processor.py:183} INFO - Processing /opt/airflow/dags/setup_pagila_sakila.py took 0.159 seconds
[2026-08-19T12:44:18.926+0000] {processor.py:161} INFO - Started process (PID=221) to work on /opt/airflow/dags/setup_pagila_sakila.py
[2026-08-19T12:44:18.928+0000] {processor.py:830} INFO - Processing file /opt/airflow/dags/setup_pagila_sakila.py for tasks to queue
[2026-08-19T12:44:18.930+0000] {logging_mixin.py:188} INFO - [2026-08-19T12:44:18.929+0000] {dagbag.py:538} INFO - Filling up the DagBag from /opt/airflow/dags/setup_pagila_sakila.py
[2026-08-19T12:44:18.959+0000] {processor.py:840} INFO - DAG(s) 'setup_pagila_sakila' retrieved from /opt/airflow/dags/setup_pagila_sakila.py
[2026-08-19T12:44:18.996+0000] {logging_mixin.py:188} INFO - [2026-08-19T12:44:18.996+0000] {dag.py:3036} INFO - Sync 1 DAGs
[2026-08-19T12:44:19.019+0000] {logging_mixin.py:188} INFO - [2026-08-19T12:44:19.019+0000] {dag.py:3823} INFO - Setting next_dagrun for setup_pagila_sakila to None, run_after=None
[2026-08-19T12:44:19.047+0000] {processor.py:183} INFO - Processing /opt/airflow/dags/setup_pagila_sakila.py took 0.130 seconds
[2026-08-19T12:44:49.109+0000] {processor.py:161} INFO - Started process (PID=226) to work on /opt/airflow/dags/setup_pagila_sakila.py
[2026-08-19T12:44:49.110+0000] {processor.py:830} INFO - Processing file /opt/airflow/dags/setup_pagila_sakila.py for tasks to queue
[2026-08-19T12:44:49.111+0000] {logging_mixin.py:188} INFO - [2026-08-19T12:44:49.111+0000] {dagbag.py:538} INFO - Filling up the DagBag from /opt/airflow/dags/setup_pagila_sakila.py
[2026-08-19T12:44:49.131+0000] {processor.py:840} INFO - DAG(s) 'setup_pagila_sakila' retrieved from /opt/airflow/dags/setup_pagila_sakila.py
[2026-08-19T12:44:49.173+0000] {logging_mixin.py:188} INFO - [2026-08-19T12:44:49.173+0000] {dag.py:3036} INFO - Sync 1 DAGs
[2026-08-19T12:44:49.191+0000] {logging_mixin.py:188} INFO - [2026-08-19T12:44:49.191+0000] {dag.py:3823} INFO - Setting next_dagrun for setup_pagila_sakila to None, run_after=None
[2026-08-19T12:44:49.215+0000] {processor.py:183} INFO - Processing /opt/airflow/dags/setup_pagila_sakila.py took 0.110 seconds
[2026-08-19T12:45:19.342+0000] {processor.py:161} INFO - Started process (PID=235) to work on /opt/airflow/dags/setup_pagila_sakila.py
[2026-08-19T12:45:19.343+0000] {processor.py:830} INFO - Processing file /opt/airflow/dags/setup_pagila_sakila.py for tasks to queue
[2026-08-19T12:45:19.344+0000] {logging_mixin.py:188} INFO - [2026-08-19T12:45:19.344+0000] {dagbag.py:538} INFO - Filling up the DagBag from /opt/airflow/dags/setup_pagila_sakila.py
[2026-08-19T12:45:19.360+0000] {processor.py:840} INFO - DAG(s) 'setup_pagila_sakila' retrieved from /opt/airflow/dags/setup_pagila_sakila.py
[2026-08-19T12:45:19.387+0000] {logging_mixin.py:188} INFO - [2026-08-19T12:45:19.387+0000] {dag.py:3036} INFO - Sync 1 DAGs
[2026-08-19T12:45:19.400+0000] {logging_mixin.py:188} INFO - [2026-08-19T12:45:19.400+0000] {dag.py:3823} INFO - Setting next_dagrun for setup_pagila_sakila to None, run_after=None
[2026-08-19T12:45:19.419+0000] {processor.py:183} INFO - Processing /opt/airflow/dags/setup_pagila_sakila.py took 0.080 seconds
[2026-08-19T12:45:49.558+0000] {processor.py:161} INFO - Started process (PID=240) to work on /opt/airflow/dags/setup_pagila_sakila.py
[2026-08-19T12:45:49.560+0000] {processor.py:830} INFO - Processing file /opt/airflow/dags/setup_pagila_sakila.py for tasks to queue
[2026-08-19T12:45:49.561+0000] {logging_mixin.py:188} INFO - [2026-08-19T12:45:49.561+0000] {dagbag.py:538} INFO - Filling up the DagBag from /opt/airflow/dags/setup_pagila_sakila.py
[2026-08-19T12:45:49.587+0000] {processor.py:840} INFO - DAG(s) 'setup_pagila_sakila' retrieved from /opt/airflow/dags/setup_pagila_sakila.py
[2026-08-19T12:45:49.620+0000] {logging_mixin.py:188} INFO - [2026-08-19T12:45:49.620+0000] {dag.py:3036} INFO - Sync 1 DAGs
[2026-08-19T12:45:49.633+0000] {logging_mixin.py:188} INFO - [2026-08-19T12:45:49.632+0000] {dag.py:3823} INFO - Setting next_dagrun for setup_pagila_sakila to None, run_after=None
[2026-08-19T12:45:49.651+0000] {processor.py:183} INFO - Processing /opt/airflow/dags/setup_pagila_sakila.py took 0.098 seconds
[2026-08-19T12:46:19.791+0000] {processor.py:161} INFO - Started process (PID=245) to work on /opt/airflow/dags/setup_pagila_sakila.py
[2026-08-19T12:46:19.792+0000] {processor.py:830} INFO - Processing file /opt/airflow/dags/setup_pagila_sakila.py for tasks to queue
[2026-08-19T12:46:19.793+0000] {logging_mixin.py:188} INFO - [2026-08-19T12:46:19.793+0000] {dagbag.py:538} INFO - Filling up the DagBag from /opt/airflow/dags/setup_pagila_sakila.py
[2026-08-19T12:46:19.818+0000] {processor.py:840} INFO - DAG(s) 'setup_pagila_sakila' retrieved from /opt/airflow/dags/setup_pagila_sakila.py
[2026-08-19T12:46:19.847+0000] {logging_mixin.py:188} INFO - [2026-08-19T12:46:19.847+0000] {dag.py:3036} INFO - Sync 1 DAGs
[2026-08-19T12:46:19.862+0000] {logging_mixin.py:188} INFO - [2026-08-19T12:46:19.862+0000] {dag.py:3823} INFO - Setting next_dagrun for setup_pagila_sakila to None, run_after=None
[2026-08-19T12:46:19.881+0000] {processor.py:183} INFO - Processing /opt/airflow/dags/setup_pagila_sakila.py took 0.093 seconds
[2026-08-19T12:46:50.053+0000] {processor.py:161} INFO - Started process (PID=250) to work on /opt/airflow/dags/setup_pagila_sakila.py
[2026-08-19T12:46:50.054+0000] {processor.py:830} INFO - Processing file /opt/airflow/dags/setup_pagila_sakila.py for tasks to queue
[2026-08-19T12:46:50.056+0000] {logging_mixin.py:188} INFO - [2026-08-19T12:46:50.055+0000] {dagbag.py:538} INFO - Filling up the DagBag from /opt/airflow/dags/setup_pagila_sakila.py
[2026-08-19T12:46:50.076+0000] {processor.py:840} INFO - DAG(s) 'setup_pagila_sakila' retrieved from /opt/airflow/dags/setup_pagila_sakila.py
[2026-08-19T12:46:50.107+0000] {logging_mixin.py:188} INFO - [2026-08-19T12:46:50.106+0000] {dag.py:3036} INFO - Sync 1 DAGs
[2026-08-19T12:46:50.122+0000] {logging_mixin.py:188} INFO - [2026-08-19T12:46:50.122+0000] {dag.py:3823} INFO - Setting next_dagrun for setup_pagila_sakila to None, run_after=None
[2026-08-19T12:46:50.143+0000] {processor.py:183} INFO - Processing /opt/airflow/dags/setup_pagila_sakila.py took 0.100 seconds
[2026-08-19T12:47:20.254+0000] {processor.py:161} INFO - Started process (PID=255) to work on /opt/airflow/dags/setup_pagila_sakila.py
[2026-08-19T12:47:20.255+0000] {processor.py:830} INFO - Processing file /opt/airflow/dags/setup_pagila_sakila.py for tasks to queue
[2026-08-19T12:47:20.256+0000] {logging_mixin.py:188} INFO - [2026-08-19T12:47:20.256+0000] {dagbag.py:538} INFO - Filling up the DagBag from /opt/airflow/dags/setup_pagila_sakila.py
[2026-08-19T12:47:20.275+0000] {processor.py:840} INFO - DAG(s) 'setup_pagila_sakila' retrieved from /opt/airflow/dags/setup_pagila_sakila.py
[2026-08-19T12:47:20.311+0000] {logging_mixin.py:188} INFO - [2026-08-19T12:47:20.310+0000] {dag.py:3036} INFO - Sync 1 DAGs
[2026-08-19T12:47:20.326+0000] {logging_mixin.py:188} INFO - [2026-08-19T12:47:20.326+0000] {dag.py:3823} INFO - Setting next_dagrun for setup_pagila_sakila to None, run_after=None
[2026-08-19T12:47:20.345+0000] {processor.py:183} INFO - Processing /opt/airflow/dags/setup_pagila_sakila.py took 0.095 seconds
[2026-08-19T12:47:50.488+0000] {processor.py:161} INFO - Started process (PID=260) to work on /opt/airflow/dags/setup_pagila_sakila.py
[2026-08-19T12:47:50.489+0000] {processor.py:830} INFO - Processing file /opt/airflow/dags/setup_pagila_sakila.py for tasks to queue
[2026-08-19T12:47:50.491+0000] {logging_mixin.py:188} INFO - [2026-08-19T12:47:50.490+0000] {dagbag.py:538} INFO - Filling up the DagBag from /opt/airflow/dags/setup_pagila_sakila.py
[2026-08-19T12:47:50.512+0000] {processor.py:840} INFO - DAG(s) 'setup_pagila_sakila' retrieved from /opt/airflow/dags/setup_pagila_sakila.py
[2026-08-19T12:47:50.547+0000] {logging_mixin.py:188} INFO - [2026-08-19T12:47:50.547+0000] {dag.py:3036} INFO - Sync 1 DAGs
[2026-08-19T12:47:50.562+0000] {logging_mixin.py:188} INFO - [2026-08-19T12:47:50.562+0000] {dag.py:3823} INFO - Setting next_dagrun for setup_pagila_sakila to None, run_after=None
[2026-08-19T12:47:50.582+0000] {processor.py:183} INFO - Processing /opt/airflow/dags/setup_pagila_sakila.py took 0.097 seconds
[2026-08-19T12:48:20.654+0000] {processor.py:161} INFO - Started process (PID=265) to work on /opt/airflow/dags/setup_pagila_sakila.py
[2026-08-19T12:48:20.656+0000] {processor.py:830} INFO - Processing file /opt/airflow/dags/setup_pagila_sakila.py for tasks to queue
[2026-08-19T12:48:20.657+0000] {logging_mixin.py:188} INFO - [2026-08-19T12:48:20.657+0000] {dagbag.py:538} INFO - Filling up the DagBag from /opt/airflow/dags/setup_pagila_sakila.py
[2026-08-19T12:48:20.677+0000] {processor.py:840} INFO - DAG(s) 'setup_pagila_sakila' retrieved from /opt/airflow/dags/setup_pagila_sakila.py
[2026-08-19T12:48:20.711+0000] {logging_mixin.py:188} INFO - [2026-08-19T12:48:20.710+0000] {dag.py:3036} INFO - Sync 1 DAGs
[2026-08-19T12:48:20.727+0000] {logging_mixin.py:188} INFO - [2026-08-19T12:48:20.726+0000] {dag.py:3823} INFO - Setting next_dagrun for setup_pagila_sakila to None, run_after=None
[2026-08-19T12:48:20.748+0000] {processor.py:183} INFO - Processing /opt/airflow/dags/setup_pagila_sakila.py took 0.099 seconds
[2026-08-19T12:48:50.861+0000] {processor.py:161} INFO - Started process (PID=270) to work on /opt/airflow/dags/setup_pagila_sakila.py
[2026-08-19T12:48:50.862+0000] {processor.py:830} INFO - Processing file /opt/airflow/dags/setup_pagila_sakila.py for tasks to queue
[2026-08-19T12:48:50.863+0000] {logging_mixin.py:188} INFO - [2026-08-19T12:48:50.863+0000] {dagbag.py:538} INFO - Filling up the DagBag from /opt/airflow/dags/setup_pagila_sakila.py
[2026-08-19T12:48:50.879+0000] {processor.py:840} INFO - DAG(s) 'setup_pagila_sakila' retrieved from /opt/airflow/dags/setup_pagila_sakila.py
[2026-08-19T12:48:50.906+0000] {logging_mixin.py:188} INFO - [2026-08-19T12:48:50.905+0000] {dag.py:3036} INFO - Sync 1 DAGs
[2026-08-19T12:48:50.920+0000] {logging_mixin.py:188} INFO - [2026-08-19T12:48:50.920+0000] {dag.py:3823} INFO - Setting next_dagrun for setup_pagila_sakila to None, run_after=None
[2026-08-19T12:48:50.944+0000] {processor.py:183} INFO - Processing /opt/airflow/dags/setup_pagila_sakila.py took 0.086 seconds
[2026-08-19T12:49:21.030+0000] {processor.py:161} INFO - Started process (PID=275) to work on /opt/airflow/dags/setup_pagila_sakila.py
[2026-08-19T12:49:21.031+0000] {processor.py:830} INFO - Processing file /opt/airflow/dags/setup_pagila_sakila.py for tasks to queue
[2026-08-19T12:49:21.033+0000] {logging_mixin.py:188} INFO - [2026-08-19T12:49:21.033+0000] {dagbag.py:538} INFO - Filling up the DagBag from /opt/airflow/dags/setup_pagila_sakila.py
[2026-08-19T12:49:21.051+0000] {processor.py:840} INFO - DAG(s) 'setup_pagila_sakila' retrieved from /opt/airflow/dags/setup_pagila_sakila.py
[2026-08-19T12:49:21.085+0000] {logging_mixin.py:188} INFO - [2026-08-19T12:49:21.085+0000] {dag.py:3036} INFO - Sync 1 DAGs
[2026-08-19T12:49:21.101+0000] {logging_mixin.py:188} INFO - [2026-08-19T12:49:21.101+0000] {dag.py:3823} INFO - Setting next_dagrun for setup_pagila_sakila to None, run_after=None
[2026-08-19T12:49:21.121+0000] {processor.py:183} INFO - Processing /opt/airflow/dags/setup_pagila_sakila.py took 0.097 seconds
[2026-08-19T12:49:51.265+0000] {processor.py:161} INFO - Started process (PID=280) to work on /opt/airflow/dags/setup_pagila_sakila.py
[2026-08-19T12:49:51.266+0000] {processor.py:830} INFO - Processing file /opt/airflow/dags/setup_pagila_sakila.py for tasks to queue
[2026-08-19T12:49:51.267+0000] {logging_mixin.py:188} INFO - [2026-08-19T12:49:51.267+0000] {dagbag.py:538} INFO - Filling up the DagBag from /opt/airflow/dags/setup_pagila_sakila.py
[2026-08-19T12:49:51.281+0000] {processor.py:840} INFO - DAG(s) 'setup_pagila_sakila' retrieved from /opt/airflow/dags/setup_pagila_sakila.py
[2026-08-19T12:49:51.308+0000] {logging_mixin.py:188} INFO - [2026-08-19T12:49:51.308+0000] {dag.py:3036} INFO - Sync 1 DAGs
[2026-08-19T12:49:51.321+0000] {logging_mixin.py:188} INFO - [2026-08-19T12:49:51.320+0000] {dag.py:3823} INFO - Setting next_dagrun for setup_pagila_sakila to None, run_after=None
[2026-08-19T12:49:51.344+0000] {processor.py:183} INFO - Processing /opt/airflow/dags/setup_pagila_sakila.py took 0.082 seconds
[2026-08-19T12:50:21.446+0000] {processor.py:161} INFO - Started process (PID=289) to work on /opt/airflow/dags/setup_pagila_sakila.py
[2026-08-19T12:50:21.447+0000] {processor.py:830} INFO - Processing file /opt/airflow/dags/setup_pagila_sakila.py for tasks to queue
[2026-08-19T12:50:21.448+0000] {logging_mixin.py:188} INFO - [2026-08-19T12:50:21.447+0000] {dagbag.py:538} INFO - Filling up the DagBag from /opt/airflow/dags/setup_pagila_sakila.py
[2026-08-19T12:50:21.462+0000] {processor.py:840} INFO - DAG(s) 'setup_pagila_sakila' retrieved from /opt/airflow/dags/setup_pagila_sakila.py
[2026-08-19T12:50:21.487+0000] {logging_mixin.py:188} INFO - [2026-08-19T12:50:21.487+0000] {dag.py:3036} INFO - Sync 1 DAGs
[2026-08-19T12:50:21.500+0000] {logging_mixin.py:188} INFO - [2026-08-19T12:50:21.499+0000] {dag.py:3823} INFO - Setting next_dagrun for setup_pagila_sakila to None, run_after=None
[2026-08-19T12:50:21.518+0000] {processor.py:183} INFO - Processing /opt/airflow/dags/setup_pagila_sakila.py took 0.076 seconds
[2026-08-19T12:50:51.660+0000] {processor.py:161} INFO - Started process (PID=294) to work on /opt/airflow/dags/setup_pagila_sakila.py
[2026-08-19T12:50:51.661+0000] {processor.py:830} INFO - Processing file /opt/airflow/dags/setup_pagila_sakila.py for tasks to queue
[2026-08-19T12:50:51.662+0000] {logging_mixin.py:188} INFO - [2026-08-19T12:50:51.662+0000] {dagbag.py:538} INFO - Filling up the DagBag from /opt/airflow/dags/setup_pagila_sakila.py
[2026-08-19T12:50:51.681+0000] {processor.py:840} INFO - DAG(s) 'setup_pagila_sakila' retrieved from /opt/airflow/dags/setup_pagila_sakila.py
[2026-08-19T12:50:51.708+0000] {logging_mixin.py:188} INFO - [2026-08-19T12:50:51.707+0000] {dag.py:3036} INFO - Sync 1 DAGs
[2026-08-19T12:50:51.721+0000] {logging_mixin.py:188} INFO - [2026-08-19T12:50:51.721+0000] {dag.py:3823} INFO - Setting next_dagrun for setup_pagila_sakila to None, run_after=None
[2026-08-19T12:50:51.738+0000] {processor.py:183} INFO - Processing /opt/airflow/dags/setup_pagila_sakila.py took 0.081 seconds
[2026-08-19T12:51:21.938+0000] {processor.py:161} INFO - Started process (PID=299) to work on /opt/airflow/dags/setup_pagila_sakila.py
[2026-08-19T12:51:21.939+0000] {processor.py:830} INFO - Processing file /opt/airflow/dags/setup_pagila_sakila.py for tasks to queue
[2026-08-19T12:51:21.941+0000] {logging_mixin.py:188} INFO - [2026-08-19T12:51:21.941+0000] {dagbag.py:538} INFO - Filling up the DagBag from /opt/airflow/dags/setup_pagila_sakila.py
[2026-08-19T12:51:21.973+0000] {processor.py:840} INFO - DAG(s) 'setup_pagila_sakila' retrieved from /opt/airflow/dags/setup_pagila_sakila.py
[2026-08-19T12:51:22.023+0000] {logging_mixin.py:188} INFO - [2026-08-19T12:51:22.023+0000] {dag.py:3036} INFO - Sync 1 DAGs
[2026-08-19T12:51:22.051+0000] {logging_mixin.py:188} INFO - [2026-08-19T12:51:22.050+0000] {dag.py:3823} INFO - Setting next_dagrun for setup_pagila_sakila to None, run_after=None
[2026-08-19T12:51:22.085+0000] {processor.py:183} INFO - Processing /opt/airflow/dags/setup_pagila_sakila.py took 0.155 seconds
[2026-08-19T12:51:52.253+0000] {processor.py:161} INFO - Started process (PID=304) to work on /opt/airflow/dags/setup_pagila_sakila.py
[2026-08-19T12:51:52.255+0000] {processor.py:830} INFO - Processing file /opt/airflow/dags/setup_pagila_sakila.py for tasks to queue
[2026-08-19T12:51:52.257+0000] {logging_mixin.py:188} INFO - [2026-08-19T12:51:52.256+0000] {dagbag.py:538} INFO - Filling up the DagBag from /opt/airflow/dags/setup_pagila_sakila.py
[2026-08-19T12:51:52.274+0000] {processor.py:840} INFO - DAG(s) 'setup_pagila_sakila' retrieved from /opt/airflow/dags/setup_pagila_sakila.py
[2026-08-19T12:51:52.301+0000] {logging_mixin.py:188} INFO - [2026-08-19T12:51:52.301+0000] {dag.py:3036} INFO - Sync 1 DAGs
[2026-08-19T12:51:52.313+0000] {logging_mixin.py:188} INFO - [2026-08-19T12:51:52.313+0000] {dag.py:3823} INFO - Setting next_dagrun for setup_pagila_sakila to None, run_after=None
[2026-08-19T12:51:52.331+0000] {processor.py:183} INFO - Processing /opt/airflow/dags/setup_pagila_sakila.py took 0.082 seconds
[2026-08-19T12:52:22.399+0000] {processor.py:161} INFO - Started process (PID=309) to work on /opt/airflow/dags/setup_pagila_sakila.py
[2026-08-19T12:52:22.401+0000] {processor.py:830} INFO - Processing file /opt/airflow/dags/setup_pagila_sakila.py for tasks to queue
[2026-08-19T12:52:22.404+0000] {logging_mixin.py:188} INFO - [2026-08-19T12:52:22.403+0000] {dagbag.py:538} INFO - Filling up the DagBag from /opt/airflow/dags/setup_pagila_sakila.py
[2026-08-19T12:52:22.429+0000] {processor.py:840} INFO - DAG(s) 'setup_pagila_sakila' retrieved from /opt/airflow/dags/setup_pagila_sakila.py
[2026-08-19T12:52:22.475+0000] {logging_mixin.py:188} INFO - [2026-08-19T12:52:22.474+0000] {dag.py:3036} INFO - Sync 1 DAGs
[2026-08-19T12:52:22.498+0000] {logging_mixin.py:188} INFO - [2026-08-19T12:52:22.498+0000] {dag.py:3823} INFO - Setting next_dagrun for setup_pagila_sakila to None, run_after=None
[2026-08-19T12:52:22.528+0000] {processor.py:183} INFO - Processing /opt/airflow/dags/setup_pagila_sakila.py took 0.134 seconds
[2026-08-19T12:52:52.589+0000] {processor.py:161} INFO - Started process (PID=314) to work on /opt/airflow/dags/setup_pagila_sakila.py
[2026-08-19T12:52:52.590+0000] {processor.py:830} INFO - Processing file /opt/airflow/dags/setup_pagila_sakila.py for tasks to queue
[2026-08-19T12:52:52.594+0000] {logging_mixin.py:188} INFO - [2026-08-19T12:52:52.591+0000] {dagbag.py:538} INFO - Filling up the DagBag from /opt/airflow/dags/setup_pagila_sakila.py
[2026-08-19T12:52:52.615+0000] {processor.py:840} INFO - DAG(s) 'setup_pagila_sakila' retrieved from /opt/airflow/dags/setup_pagila_sakila.py
[2026-08-19T12:52:52.649+0000] {logging_mixin.py:188} INFO - [2026-08-19T12:52:52.648+0000] {dag.py:3036} INFO - Sync 1 DAGs
[2026-08-19T12:52:52.662+0000] {logging_mixin.py:188} INFO - [2026-08-19T12:52:52.662+0000] {dag.py:3823} INFO - Setting next_dagrun for setup_pagila_sakila to None, run_after=None
[2026-08-19T12:52:52.682+0000] {processor.py:183} INFO - Processing /opt/airflow/dags/setup_pagila_sakila.py took 0.096 seconds
[2026-08-19T12:53:22.837+0000] {processor.py:161} INFO - Started process (PID=319) to work on /opt/airflow/dags/setup_pagila_sakila.py
[2026-08-19T12:53:22.838+0000] {processor.py:830} INFO - Processing file /opt/airflow/dags/setup_pagila_sakila.py for tasks to queue
[2026-08-19T12:53:22.839+0000] {logging_mixin.py:188} INFO - [2026-08-19T12:53:22.839+0000] {dagbag.py:538} INFO - Filling up the DagBag from /opt/airflow/dags/setup_pagila_sakila.py
[2026-08-19T12:53:22.854+0000] {processor.py:840} INFO - DAG(s) 'setup_pagila_sakila' retrieved from /opt/airflow/dags/setup_pagila_sakila.py
[2026-08-19T12:53:22.881+0000] {logging_mixin.py:188} INFO - [2026-08-19T12:53:22.880+0000] {dag.py:3036} INFO - Sync 1 DAGs
[2026-08-19T12:53:22.893+0000] {logging_mixin.py:188} INFO - [2026-08-19T12:53:22.893+0000] {dag.py:3823} INFO - Setting next_dagrun for setup_pagila_sakila to None, run_after=None
[2026-08-19T12:53:22.917+0000] {processor.py:183} INFO - Processing /opt/airflow/dags/setup_pagila_sakila.py took 0.083 seconds
[2026-08-19T12:53:52.982+0000] {processor.py:161} INFO - Started process (PID=324) to work on /opt/airflow/dags/setup_pagila_sakila.py
[2026-08-19T12:53:52.984+0000] {processor.py:830} INFO - Processing file /opt/airflow/dags/setup_pagila_sakila.py for tasks to queue
[2026-08-19T12:53:52.985+0000] {logging_mixin.py:188} INFO - [2026-08-19T12:53:52.985+0000] {dagbag.py:538} INFO - Filling up the DagBag from /opt/airflow/dags/setup_pagila_sakila.py
[2026-08-19T12:53:53.004+0000] {processor.py:840} INFO - DAG(s) 'setup_pagila_sakila' retrieved from /opt/airflow/dags/setup_pagila_sakila.py
[2026-08-19T12:53:53.036+0000] {logging_mixin.py:188} INFO - [2026-08-19T12:53:53.036+0000] {dag.py:3036} INFO - Sync 1 DAGs
[2026-08-19T12:53:53.052+0000] {logging_mixin.py:188} INFO - [2026-08-19T12:53:53.052+0000] {dag.py:3823} INFO - Setting next_dagrun for setup_pagila_sakila to None, run_after=None
[2026-08-19T12:53:53.073+0000] {processor.py:183} INFO - Processing /opt/airflow/dags/setup_pagila_sakila.py took 0.094 seconds
[2026-08-19T12:54:23.277+0000] {processor.py:161} INFO - Started process (PID=333) to work on /opt/airflow/dags/setup_pagila_sakila.py
[2026-08-19T12:54:23.278+0000] {processor.py:830} INFO - Processing file /opt/airflow/dags/setup_pagila_sakila.py for tasks to queue
[2026-08-19T12:54:23.280+0000] {logging_mixin.py:188} INFO - [2026-08-19T12:54:23.279+0000] {dagbag.py:538} INFO - Filling up the DagBag from /opt/airflow/dags/setup_pagila_sakila.py
[2026-08-19T12:54:23.302+0000] {processor.py:840} INFO - DAG(s) 'setup_pagila_sakila' retrieved from /opt/airflow/dags/setup_pagila_sakila.py
[2026-08-19T12:54:23.338+0000] {logging_mixin.py:188} INFO - [2026-08-19T12:54:23.337+0000] {dag.py:3036} INFO - Sync 1 DAGs
[2026-08-19T12:54:23.353+0000] {logging_mixin.py:188} INFO - [2026-08-19T12:54:23.353+0000] {dag.py:3823} INFO - Setting next_dagrun for setup_pagila_sakila to None, run_after=None
[2026-08-19T12:54:23.375+0000] {processor.py:183} INFO - Processing /opt/airflow/dags/setup_pagila_sakila.py took 0.102 seconds
[2026-08-19T12:54:53.460+0000] {processor.py:161} INFO - Started process (PID=338) to work on /opt/airflow/dags/setup_pagila_sakila.py
[2026-08-19T12:54:53.462+0000] {processor.py:830} INFO - Processing file /opt/airflow/dags/setup_pagila_sakila.py for tasks to queue
[2026-08-19T12:54:53.463+0000] {logging_mixin.py:188} INFO - [2026-08-19T12:54:53.463+0000] {dagbag.py:538} INFO - Filling up the DagBag from /opt/airflow/dags/setup_pagila_sakila.py
[2026-08-19T12:54:53.483+0000] {processor.py:840} INFO - DAG(s) 'setup_pagila_sakila' retrieved from /opt/airflow/dags/setup_pagila_sakila.py
[2026-08-19T12:54:53.515+0000] {logging_mixin.py:188} INFO - [2026-08-19T12:54:53.514+0000] {dag.py:3036} INFO - Sync 1 DAGs
[2026-08-19T12:54:53.529+0000] {logging_mixin.py:188} INFO - [2026-08-19T12:54:53.529+0000] {dag.py:3823} INFO - Setting next_dagrun for setup_pagila_sakila to None, run_after=None
[2026-08-19T12:54:53.546+0000] {processor.py:183} INFO - Processing /opt/airflow/dags/setup_pagila_sakila.py took 0.090 seconds
[2026-08-19T12:55:23.646+0000] {processor.py:161} INFO - Started process (PID=343) to work on /opt/airflow/dags/setup_pagila_sakila.py
[2026-08-19T12:55:23.647+0000] {processor.py:830} INFO - Processing file /opt/airflow/dags/setup_pagila_sakila.py for tasks to queue
[2026-08-19T12:55:23.648+0000] {logging_mixin.py:188} INFO - [2026-08-19T12:55:23.648+0000] {dagbag.py:538} INFO - Filling up the DagBag from /opt/airflow/dags/setup_pagila_sakila.py
[2026-08-19T12:55:23.673+0000] {processor.py:840} INFO - DAG(s) 'setup_pagila_sakila' retrieved from /opt/airflow/dags/setup_pagila_sakila.py
[2026-08-19T12:55:23.711+0000] {logging_mixin.py:188} INFO - [2026-08-19T12:55:23.711+0000] {dag.py:3036} INFO - Sync 1 DAGs
[2026-08-19T12:55:23.729+0000] {logging_mixin.py:188} INFO - [2026-08-19T12:55:23.728+0000] {dag.py:3823} INFO - Setting next_dagrun for setup_pagila_sakila to None, run_after=None
[2026-08-19T12:55:23.751+0000] {processor.py:183} INFO - Processing /opt/airflow/dags/setup_pagila_sakila.py took 0.111 seconds
[2026-08-19T12:55:53.826+0000] {processor.py:161} INFO - Started process (PID=348) to work on /opt/airflow/dags/setup_pagila_sakila.py
[2026-08-19T12:55:53.828+0000] {processor.py:830} INFO - Processing file /opt/airflow/dags/setup_pagila_sakila.py for tasks to queue
[2026-08-19T12:55:53.829+0000] {logging_mixin.py:188} INFO - [2026-08-19T12:55:53.829+0000] {dagbag.py:538} INFO - Filling up the DagBag from /opt/airflow/dags/setup_pagila_sakila.py
[2026-08-19T12:55:53.852+0000] {processor.py:840} INFO - DAG(s) 'setup_pagila_sakila' retrieved from /opt/airflow/dags/setup_pagila_sakila.py
[2026-08-19T12:55:53.885+0000] {logging_mixin.py:188} INFO - [2026-08-19T12:55:53.885+0000] {dag.py:3036} INFO - Sync 1 DAGs
[2026-08-19T12:55:53.902+0000] {logging_mixin.py:188} INFO - [2026-08-19T12:55:53.901+0000] {dag.py:3823} INFO - Setting next_dagrun for setup_pagila_sakila to None, run_after=None
[2026-08-19T12:55:53.924+0000] {processor.py:183} INFO - Processing /opt/airflow/dags/setup_pagila_sakila.py took 0.102 seconds
[2026-08-19T12:56:24.013+0000] {processor.py:161} INFO - Started process (PID=353) to work on /opt/airflow/dags/setup_pagila_sakila.py
[2026-08-19T12:56:24.014+0000] {processor.py:830} INFO - Processing file /opt/airflow/dags/setup_pagila_sakila.py for tasks to queue
[2026-08-19T12:56:24.016+0000] {logging_mixin.py:188} INFO - [2026-08-19T12:56:24.015+0000] {dagbag.py:538} INFO - Filling up the DagBag from /opt/airflow/dags/setup_pagila_sakila.py
[2026-08-19T12:56:24.037+0000] {processor.py:840} INFO - DAG(s) 'setup_pagila_sakila' retrieved from /opt/airflow/dags/setup_pagila_sakila.py
[2026-08-19T12:56:24.072+0000] {logging_mixin.py:188} INFO - [2026-08-19T12:56:24.071+0000] {dag.py:3036} INFO - Sync 1 DAGs
[2026-08-19T12:56:24.091+0000] {logging_mixin.py:188} INFO - [2026-08-19T12:56:24.091+0000] {dag.py:3823} INFO - Setting next_dagrun for setup_pagila_sakila to None, run_after=None
[2026-08-19T12:56:24.116+0000] {processor.py:183} INFO - Processing /opt/airflow/dags/setup_pagila_sakila.py took 0.107 seconds
[2026-08-19T12:56:54.193+0000] {processor.py:161} INFO - Started process (PID=358) to work on /opt/airflow/dags/setup_pagila_sakila.py
[2026-08-19T12:56:54.194+0000] {processor.py:830} INFO - Processing file /opt/airflow/dags/setup_pagila_sakila.py for tasks to queue
[2026-08-19T12:56:54.196+0000] {logging_mixin.py:188} INFO - [2026-08-19T12:56:54.195+0000] {dagbag.py:538} INFO - Filling up the DagBag from /opt/airflow/dags/setup_pagila_sakila.py
[2026-08-19T12:56:54.222+0000] {processor.py:840} INFO - DAG(s) 'setup_pagila_sakila' retrieved from /opt/airflow/dags/setup_pagila_sakila.py
[2026-08-19T12:56:54.267+0000] {logging_mixin.py:188} INFO - [2026-08-19T12:56:54.266+0000] {dag.py:3036} INFO - Sync 1 DAGs
[2026-08-19T12:56:54.300+0000] {logging_mixin.py:188} INFO - [2026-08-19T12:56:54.300+0000] {dag.py:3823} INFO - Setting next_dagrun for setup_pagila_sakila to None, run_after=None
[2026-08-19T12:56:54.328+0000] {processor.py:183} INFO - Processing /opt/airflow/dags/setup_pagila_sakila.py took 0.140 seconds
[2026-08-19T12:57:24.386+0000] {processor.py:161} INFO - Started process (PID=363) to work on /opt/airflow/dags/setup_pagila_sakila.py
[2026-08-19T12:57:24.388+0000] {processor.py:830} INFO - Processing file /opt/airflow/dags/setup_pagila_sakila.py for tasks to queue
[2026-08-19T12:57:24.389+0000] {logging_mixin.py:188} INFO - [2026-08-19T12:57:24.389+0000] {dagbag.py:538} INFO - Filling up the DagBag from /opt/airflow/dags/setup_pagila_sakila.py
[2026-08-19T12:57:24.407+0000] {processor.py:840} INFO - DAG(s) 'setup_pagila_sakila' retrieved from /opt/airflow/dags/setup_pagila_sakila.py
[2026-08-19T12:57:24.437+0000] {logging_mixin.py:188} INFO - [2026-08-19T12:57:24.437+0000] {dag.py:3036} INFO - Sync 1 DAGs
[2026-08-19T12:57:24.450+0000] {logging_mixin.py:188} INFO - [2026-08-19T12:57:24.450+0000] {dag.py:3823} INFO - Setting next_dagrun for setup_pagila_sakila to None, run_after=None
[2026-08-19T12:57:24.469+0000] {processor.py:183} INFO - Processing /opt/airflow/dags/setup_pagila_sakila.py took 0.087 seconds
[2026-08-19T12:57:54.639+0000] {processor.py:161} INFO - Started process (PID=368) to work on /opt/airflow/dags/setup_pagila_sakila.py
[2026-08-19T12:57:54.640+0000] {processor.py:830} INFO - Processing file /opt/airflow/dags/setup_pagila_sakila.py for tasks to queue
[2026-08-19T12:57:54.642+0000] {logging_mixin.py:188} INFO - [2026-08-19T12:57:54.642+0000] {dagbag.py:538} INFO - Filling up the DagBag from /opt/airflow/dags/setup_pagila_sakila.py
[2026-08-19T12:57:54.670+0000] {processor.py:840} INFO - DAG(s) 'setup_pagila_sakila' retrieved from /opt/airflow/dags/setup_pagila_sakila.py
[2026-08-19T12:57:54.711+0000] {logging_mixin.py:188} INFO - [2026-08-19T12:57:54.711+0000] {dag.py:3036} INFO - Sync 1 DAGs
[2026-08-19T12:57:54.733+0000] {logging_mixin.py:188} INFO - [2026-08-19T12:57:54.732+0000] {dag.py:3823} INFO - Setting next_dagrun for setup_pagila_sakila to None, run_after=None
[2026-08-19T12:57:54.764+0000] {processor.py:183} INFO - Processing /opt/airflow/dags/setup_pagila_sakila.py took 0.129 seconds
[2026-08-19T12:58:24.841+0000] {processor.py:161} INFO - Started process (PID=379) to work on /opt/airflow/dags/setup_pagila_sakila.py
[2026-08-19T12:58:24.843+0000] {processor.py:830} INFO - Processing file /opt/airflow/dags/setup_pagila_sakila.py for tasks to queue
[2026-08-19T12:58:24.844+0000] {logging_mixin.py:188} INFO - [2026-08-19T12:58:24.844+0000] {dagbag.py:538} INFO - Filling up the DagBag from /opt/airflow/dags/setup_pagila_sakila.py
[2026-08-19T12:58:24.861+0000] {processor.py:840} INFO - DAG(s) 'setup_pagila_sakila' retrieved from /opt/airflow/dags/setup_pagila_sakila.py
[2026-08-19T12:58:24.893+0000] {logging_mixin.py:188} INFO - [2026-08-19T12:58:24.893+0000] {dag.py:3036} INFO - Sync 1 DAGs
[2026-08-19T12:58:24.908+0000] {logging_mixin.py:188} INFO - [2026-08-19T12:58:24.907+0000] {dag.py:3823} INFO - Setting next_dagrun for setup_pagila_sakila to None, run_after=None
[2026-08-19T12:58:24.926+0000] {processor.py:183} INFO - Processing /opt/airflow/dags/setup_pagila_sakila.py took 0.089 seconds
[2026-08-19T12:58:55.040+0000] {processor.py:161} INFO - Started process (PID=384) to work on /opt/airflow/dags/setup_pagila_sakila.py
[2026-08-19T12:58:55.041+0000] {processor.py:830} INFO - Processing file /opt/airflow/dags/setup_pagila_sakila.py for tasks to queue
[2026-08-19T12:58:55.045+0000] {logging_mixin.py:188} INFO - [2026-08-19T12:58:55.045+0000] {dagbag.py:538} INFO - Filling up the DagBag from /opt/airflow/dags/setup_pagila_sakila.py
[2026-08-19T12:58:55.068+0000] {processor.py:840} INFO - DAG(s) 'setup_pagila_sakila' retrieved from /opt/airflow/dags/setup_pagila_sakila.py
[2026-08-19T12:58:55.101+0000] {logging_mixin.py:188} INFO - [2026-08-19T12:58:55.100+0000] {dag.py:3036} INFO - Sync 1 DAGs
[2026-08-19T12:58:55.118+0000] {logging_mixin.py:188} INFO - [2026-08-19T12:58:55.117+0000] {dag.py:3823} INFO - Setting next_dagrun for setup_pagila_sakila to None, run_after=None
[2026-08-19T12:58:55.136+0000] {processor.py:183} INFO - Processing /opt/airflow/dags/setup_pagila_sakila.py took 0.101 seconds
[2026-08-19T12:59:25.253+0000] {processor.py:161} INFO - Started process (PID=391) to work on /opt/airflow/dags/setup_pagila_sakila.py
[2026-08-19T12:59:25.254+0000] {processor.py:830} INFO - Processing file /opt/airflow/dags/setup_pagila_sakila.py for tasks to queue
[2026-08-19T12:59:25.256+0000] {logging_mixin.py:188} INFO - [2026-08-19T12:59:25.256+0000] {dagbag.py:538} INFO - Filling up the DagBag from /opt/airflow/dags/setup_pagila_sakila.py
[2026-08-19T12:59:25.275+0000] {processor.py:840} INFO - DAG(s) 'setup_pagila_sakila' retrieved from /opt/airflow/dags/setup_pagila_sakila.py
[2026-08-19T12:59:25.315+0000] {logging_mixin.py:188} INFO - [2026-08-19T12:59:25.315+0000] {dag.py:3036} INFO - Sync 1 DAGs
[2026-08-19T12:59:25.330+0000] {logging_mixin.py:188} INFO - [2026-08-19T12:59:25.330+0000] {dag.py:3823} INFO - Setting next_dagrun for setup_pagila_sakila to None, run_after=None
[2026-08-19T12:59:25.350+0000] {processor.py:183} INFO - Processing /opt/airflow/dags/setup_pagila_sakila.py took 0.101 seconds
[2026-08-19T12:59:55.460+0000] {processor.py:161} INFO - Started process (PID=396) to work on /opt/airflow/dags/setup_pagila_sakila.py
[2026-08-19T12:59:55.461+0000] {processor.py:830} INFO - Processing file /opt/airflow/dags/setup_pagila_sakila.py for tasks to queue
[2026-08-19T12:59:55.464+0000] {logging_mixin.py:188} INFO - [2026-08-19T12:59:55.463+0000] {dagbag.py:538} INFO - Filling up the DagBag from /opt/airflow/dags/setup_pagila_sakila.py
[2026-08-19T12:59:55.486+0000] {processor.py:840} INFO - DAG(s) 'setup_pagila_sakila' retrieved from /opt/airflow/dags/setup_pagila_sakila.py
[2026-08-19T12:59:55.526+0000] {logging_mixin.py:188} INFO - [2026-08-19T12:59:55.525+0000] {dag.py:3036} INFO - Sync 1 DAGs
[2026-08-19T12:59:55.552+0000] {logging_mixin.py:188} INFO - [2026-08-19T12:59:55.552+0000] {dag.py:3823} INFO - Setting next_dagrun for setup_pagila_sakila to None, run_after=None
[2026-08-19T12:59:55.586+0000] {processor.py:183} INFO - Processing /opt/airflow/dags/setup_pagila_sakila.py took 0.132 seconds
[2026-08-19T13:00:25.633+0000] {processor.py:161} INFO - Started process (PID=401) to work on /opt/airflow/dags/setup_pagila_sakila.py
[2026-08-19T13:00:25.636+0000] {processor.py:830} INFO - Processing file /opt/airflow/dags/setup_pagila_sakila.py for tasks to queue
[2026-08-19T13:00:25.638+0000] {logging_mixin.py:188} INFO - [2026-08-19T13:00:25.637+0000] {dagbag.py:538} INFO - Filling up the DagBag from /opt/airflow/dags/setup_pagila_sakila.py
[2026-08-19T13:00:25.658+0000] {processor.py:840} INFO - DAG(s) 'setup_pagila_sakila' retrieved from /opt/airflow/dags/setup_pagila_sakila.py
[2026-08-19T13:00:25.690+0000] {logging_mixin.py:188} INFO - [2026-08-19T13:00:25.689+0000] {dag.py:3036} INFO - Sync 1 DAGs
[2026-08-19T13:00:25.705+0000] {logging_mixin.py:188} INFO - [2026-08-19T13:00:25.705+0000] {dag.py:3823} INFO - Setting next_dagrun for setup_pagila_sakila to None, run_after=None
[2026-08-19T13:00:25.728+0000] {processor.py:183} INFO - Processing /opt/airflow/dags/setup_pagila_sakila.py took 0.101 seconds
[2026-08-19T13:00:55.874+0000] {processor.py:161} INFO - Started process (PID=406) to work on /opt/airflow/dags/setup_pagila_sakila.py
[2026-08-19T13:00:55.875+0000] {processor.py:830} INFO - Processing file /opt/airflow/dags/setup_pagila_sakila.py for tasks to queue
[2026-08-19T13:00:55.877+0000] {logging_mixin.py:188} INFO - [2026-08-19T13:00:55.876+0000] {dagbag.py:538} INFO - Filling up the DagBag from /opt/airflow/dags/setup_pagila_sakila.py
[2026-08-19T13:00:55.897+0000] {processor.py:840} INFO - DAG(s) 'setup_pagila_sakila' retrieved from /opt/airflow/dags/setup_pagila_sakila.py
[2026-08-19T13:00:55.924+0000] {logging_mixin.py:188} INFO - [2026-08-19T13:00:55.924+0000] {dag.py:3036} INFO - Sync 1 DAGs
[2026-08-19T13:00:55.937+0000] {logging_mixin.py:188} INFO - [2026-08-19T13:00:55.937+0000] {dag.py:3823} INFO - Setting next_dagrun for setup_pagila_sakila to None, run_after=None
[2026-08-19T13:00:55.955+0000] {processor.py:183} INFO - Processing /opt/airflow/dags/setup_pagila_sakila.py took 0.085 seconds
[2026-08-19T13:01:26.035+0000] {processor.py:161} INFO - Started process (PID=411) to work on /opt/airflow/dags/setup_pagila_sakila.py
[2026-08-19T13:01:26.036+0000] {processor.py:830} INFO - Processing file /opt/airflow/dags/setup_pagila_sakila.py for tasks to queue
[2026-08-19T13:01:26.037+0000] {logging_mixin.py:188} INFO - [2026-08-19T13:01:26.037+0000] {dagbag.py:538} INFO - Filling up the DagBag from /opt/airflow/dags/setup_pagila_sakila.py
[2026-08-19T13:01:26.054+0000] {processor.py:840} INFO - DAG(s) 'setup_pagila_sakila' retrieved from /opt/airflow/dags/setup_pagila_sakila.py
[2026-08-19T13:01:26.084+0000] {logging_mixin.py:188} INFO - [2026-08-19T13:01:26.084+0000] {dag.py:3036} INFO - Sync 1 DAGs
[2026-08-19T13:01:26.097+0000] {logging_mixin.py:188} INFO - [2026-08-19T13:01:26.097+0000] {dag.py:3823} INFO - Setting next_dagrun for setup_pagila_sakila to None, run_after=None
[2026-08-19T13:01:26.121+0000] {processor.py:183} INFO - Processing /opt/airflow/dags/setup_pagila_sakila.py took 0.090 seconds
[2026-08-19T13:01:56.295+0000] {processor.py:161} INFO - Started process (PID=416) to work on /opt/airflow/dags/setup_pagila_sakila.py
[2026-08-19T13:01:56.296+0000] {processor.py:830} INFO - Processing file /opt/airflow/dags/setup_pagila_sakila.py for tasks to queue
[2026-08-19T13:01:56.297+0000] {logging_mixin.py:188} INFO - [2026-08-19T13:01:56.297+0000] {dagbag.py:538} INFO - Filling up the DagBag from /opt/airflow/dags/setup_pagila_sakila.py
[2026-08-19T13:01:56.312+0000] {processor.py:840} INFO - DAG(s) 'setup_pagila_sakila' retrieved from /opt/airflow/dags/setup_pagila_sakila.py
[2026-08-19T13:01:56.338+0000] {logging_mixin.py:188} INFO - [2026-08-19T13:01:56.338+0000] {dag.py:3036} INFO - Sync 1 DAGs
[2026-08-19T13:01:56.352+0000] {logging_mixin.py:188} INFO - [2026-08-19T13:01:56.352+0000] {dag.py:3823} INFO - Setting next_dagrun for setup_pagila_sakila to None, run_after=None
[2026-08-19T13:01:56.370+0000] {processor.py:183} INFO - Processing /opt/airflow/dags/setup_pagila_sakila.py took 0.079 seconds
[2026-08-19T13:02:26.445+0000] {processor.py:161} INFO - Started process (PID=421) to work on /opt/airflow/dags/setup_pagila_sakila.py
[2026-08-19T13:02:26.446+0000] {processor.py:830} INFO - Processing file /opt/airflow/dags/setup_pagila_sakila.py for tasks to queue
[2026-08-19T13:02:26.447+0000] {logging_mixin.py:188} INFO - [2026-08-19T13:02:26.447+0000] {dagbag.py:538} INFO - Filling up the DagBag from /opt/airflow/dags/setup_pagila_sakila.py
[2026-08-19T13:02:26.465+0000] {processor.py:840} INFO - DAG(s) 'setup_pagila_sakila' retrieved from /opt/airflow/dags/setup_pagila_sakila.py
[2026-08-19T13:02:26.493+0000] {logging_mixin.py:188} INFO - [2026-08-19T13:02:26.493+0000] {dag.py:3036} INFO - Sync 1 DAGs
[2026-08-19T13:02:26.508+0000] {logging_mixin.py:188} INFO - [2026-08-19T13:02:26.507+0000] {dag.py:3823} INFO - Setting next_dagrun for setup_pagila_sakila to None, run_after=None
[2026-08-19T13:02:26.526+0000] {processor.py:183} INFO - Processing /opt/airflow/dags/setup_pagila_sakila.py took 0.086 seconds
[2026-08-19T13:02:56.659+0000] {processor.py:161} INFO - Started process (PID=426) to work on /opt/airflow/dags/setup_pagila_sakila.py
[2026-08-19T13:02:56.661+0000] {processor.py:830} INFO - Processing file /opt/airflow/dags/setup_pagila_sakila.py for tasks to queue
[2026-08-19T13:02:56.663+0000] {logging_mixin.py:188} INFO - [2026-08-19T13:02:56.662+0000] {dagbag.py:538} INFO - Filling up the DagBag from /opt/airflow/dags/setup_pagila_sakila.py
[2026-08-19T13:02:56.685+0000] {processor.py:840} INFO - DAG(s) 'setup_pagila_sakila' retrieved from /opt/airflow/dags/setup_pagila_sakila.py
[2026-08-19T13:02:56.718+0000] {logging_mixin.py:188} INFO - [2026-08-19T13:02:56.717+0000] {dag.py:3036} INFO - Sync 1 DAGs
[2026-08-19T13:02:56.732+0000] {logging_mixin.py:188} INFO - [2026-08-19T13:02:56.732+0000] {dag.py:3823} INFO - Setting next_dagrun for setup_pagila_sakila to None, run_after=None
[2026-08-19T13:02:56.754+0000] {processor.py:183} INFO - Processing /opt/airflow/dags/setup_pagila_sakila.py took 0.099 seconds
[2026-08-19T13:03:26.854+0000] {processor.py:161} INFO - Started process (PID=435) to work on /opt/airflow/dags/setup_pagila_sakila.py
[2026-08-19T13:03:26.855+0000] {processor.py:830} INFO - Processing file /opt/airflow/dags/setup_pagila_sakila.py for tasks to queue
[2026-08-19T13:03:26.856+0000] {logging_mixin.py:188} INFO - [2026-08-19T13:03:26.856+0000] {dagbag.py:538} INFO - Filling up the DagBag from /opt/airflow/dags/setup_pagila_sakila.py
[2026-08-19T13:03:26.873+0000] {processor.py:840} INFO - DAG(s) 'setup_pagila_sakila' retrieved from /opt/airflow/dags/setup_pagila_sakila.py
[2026-08-19T13:03:26.910+0000] {logging_mixin.py:188} INFO - [2026-08-19T13:03:26.909+0000] {dag.py:3036} INFO - Sync 1 DAGs
[2026-08-19T13:03:26.925+0000] {logging_mixin.py:188} INFO - [2026-08-19T13:03:26.925+0000] {dag.py:3823} INFO - Setting next_dagrun for setup_pagila_sakila to None, run_after=None
[2026-08-19T13:03:26.944+0000] {processor.py:183} INFO - Processing /opt/airflow/dags/setup_pagila_sakila.py took 0.093 seconds
[2026-08-19T13:03:57.030+0000] {processor.py:161} INFO - Started process (PID=440) to work on /opt/airflow/dags/setup_pagila_sakila.py
[2026-08-19T13:03:57.032+0000] {processor.py:830} INFO - Processing file /opt/airflow/dags/setup_pagila_sakila.py for tasks to queue
[2026-08-19T13:03:57.033+0000] {logging_mixin.py:188} INFO - [2026-08-19T13:03:57.032+0000] {dagbag.py:538} INFO - Filling up the DagBag from /opt/airflow/dags/setup_pagila_sakila.py
[2026-08-19T13:03:57.049+0000] {processor.py:840} INFO - DAG(s) 'setup_pagila_sakila' retrieved from /opt/airflow/dags/setup_pagila_sakila.py
[2026-08-19T13:03:57.076+0000] {logging_mixin.py:188} INFO - [2026-08-19T13:03:57.076+0000] {dag.py:3036} INFO - Sync 1 DAGs
[2026-08-19T13:03:57.090+0000] {logging_mixin.py:188} INFO - [2026-08-19T13:03:57.089+0000] {dag.py:3823} INFO - Setting next_dagrun for setup_pagila_sakila to None, run_after=None
[2026-08-19T13:03:57.117+0000] {processor.py:183} INFO - Processing /opt/airflow/dags/setup_pagila_sakila.py took 0.091 seconds
[2026-08-19T13:04:27.289+0000] {processor.py:161} INFO - Started process (PID=445) to work on /opt/airflow/dags/setup_pagila_sakila.py
[2026-08-19T13:04:27.290+0000] {processor.py:830} INFO - Processing file /opt/airflow/dags/setup_pagila_sakila.py for tasks to queue
[2026-08-19T13:04:27.291+0000] {logging_mixin.py:188} INFO - [2026-08-19T13:04:27.291+0000] {dagbag.py:538} INFO - Filling up the DagBag from /opt/airflow/dags/setup_pagila_sakila.py
[2026-08-19T13:04:27.307+0000] {processor.py:840} INFO - DAG(s) 'setup_pagila_sakila' retrieved from /opt/airflow/dags/setup_pagila_sakila.py
[2026-08-19T13:04:27.336+0000] {logging_mixin.py:188} INFO - [2026-08-19T13:04:27.336+0000] {dag.py:3036} INFO - Sync 1 DAGs
[2026-08-19T13:04:27.348+0000] {logging_mixin.py:188} INFO - [2026-08-19T13:04:27.348+0000] {dag.py:3823} INFO - Setting next_dagrun for setup_pagila_sakila to None, run_after=None
[2026-08-19T13:04:27.377+0000] {processor.py:183} INFO - Processing /opt/airflow/dags/setup_pagila_sakila.py took 0.091 seconds
[2026-08-19T13:04:57.489+0000] {processor.py:161} INFO - Started process (PID=450) to work on /opt/airflow/dags/setup_pagila_sakila.py
[2026-08-19T13:04:57.490+0000] {processor.py:830} INFO - Processing file /opt/airflow/dags/setup_pagila_sakila.py for tasks to queue
[2026-08-19T13:04:57.492+0000] {logging_mixin.py:188} INFO - [2026-08-19T13:04:57.491+0000] {dagbag.py:538} INFO - Filling up the DagBag from /opt/airflow/dags/setup_pagila_sakila.py
[2026-08-19T13:04:57.508+0000] {processor.py:840} INFO - DAG(s) 'setup_pagila_sakila' retrieved from /opt/airflow/dags/setup_pagila_sakila.py
[2026-08-19T13:04:57.536+0000] {logging_mixin.py:188} INFO - [2026-08-19T13:04:57.536+0000] {dag.py:3036} INFO - Sync 1 DAGs
[2026-08-19T13:04:57.551+0000] {logging_mixin.py:188} INFO - [2026-08-19T13:04:57.551+0000] {dag.py:3823} INFO - Setting next_dagrun for setup_pagila_sakila to None, run_after=None
[2026-08-19T13:04:57.577+0000] {processor.py:183} INFO - Processing /opt/airflow/dags/setup_pagila_sakila.py took 0.092 seconds
[2026-08-19T13:05:27.680+0000] {processor.py:161} INFO - Started process (PID=455) to work on /opt/airflow/dags/setup_pagila_sakila.py
[2026-08-19T13:05:27.681+0000] {processor.py:830} INFO - Processing file /opt/airflow/dags/setup_pagila_sakila.py for tasks to queue
[2026-08-19T13:05:27.682+0000] {logging_mixin.py:188} INFO - [2026-08-19T13:05:27.682+0000] {dagbag.py:538} INFO - Filling up the DagBag from /opt/airflow/dags/setup_pagila_sakila.py
[2026-08-19T13:05:27.698+0000] {processor.py:840} INFO - DAG(s) 'setup_pagila_sakila' retrieved from /opt/airflow/dags/setup_pagila_sakila.py
[2026-08-19T13:05:27.730+0000] {logging_mixin.py:188} INFO - [2026-08-19T13:05:27.729+0000] {dag.py:3036} INFO - Sync 1 DAGs
[2026-08-19T13:05:27.748+0000] {logging_mixin.py:188} INFO - [2026-08-19T13:05:27.748+0000] {dag.py:3823} INFO - Setting next_dagrun for setup_pagila_sakila to None, run_after=None
[2026-08-19T13:05:27.769+0000] {processor.py:183} INFO - Processing /opt/airflow/dags/setup_pagila_sakila.py took 0.092 seconds
[2026-08-19T13:05:57.859+0000] {processor.py:161} INFO - Started process (PID=462) to work on /opt/airflow/dags/setup_pagila_sakila.py
[2026-08-19T13:05:57.860+0000] {processor.py:830} INFO - Processing file /opt/airflow/dags/setup_pagila_sakila.py for tasks to queue
[2026-08-19T13:05:57.862+0000] {logging_mixin.py:188} INFO - [2026-08-19T13:05:57.862+0000] {dagbag.py:538} INFO - Filling up the DagBag from /opt/airflow/dags/setup_pagila_sakila.py
[2026-08-19T13:05:57.880+0000] {processor.py:840} INFO - DAG(s) 'setup_pagila_sakila' retrieved from /opt/airflow/dags/setup_pagila_sakila.py
[2026-08-19T13:05:57.910+0000] {logging_mixin.py:188} INFO - [2026-08-19T13:05:57.910+0000] {dag.py:3036} INFO - Sync 1 DAGs
[2026-08-19T13:05:57.924+0000] {logging_mixin.py:188} INFO - [2026-08-19T13:05:57.924+0000] {dag.py:3823} INFO - Setting next_dagrun for setup_pagila_sakila to None, run_after=None
[2026-08-19T13:05:57.945+0000] {processor.py:183} INFO - Processing /opt/airflow/dags/setup_pagila_sakila.py took 0.089 seconds
[2026-08-19T13:06:28.030+0000] {processor.py:161} INFO - Started process (PID=467) to work on /opt/airflow/dags/setup_pagila_sakila.py
[2026-08-19T13:06:28.031+0000] {processor.py:830} INFO - Processing file /opt/airflow/dags/setup_pagila_sakila.py for tasks to queue
[2026-08-19T13:06:28.033+0000] {logging_mixin.py:188} INFO - [2026-08-19T13:06:28.032+0000] {dagbag.py:538} INFO - Filling up the DagBag from /opt/airflow/dags/setup_pagila_sakila.py
[2026-08-19T13:06:28.053+0000] {processor.py:840} INFO - DAG(s) 'setup_pagila_sakila' retrieved from /opt/airflow/dags/setup_pagila_sakila.py
[2026-08-19T13:06:28.083+0000] {logging_mixin.py:188} INFO - [2026-08-19T13:06:28.083+0000] {dag.py:3036} INFO - Sync 1 DAGs
[2026-08-19T13:06:28.099+0000] {logging_mixin.py:188} INFO - [2026-08-19T13:06:28.098+0000] {dag.py:3823} INFO - Setting next_dagrun for setup_pagila_sakila to None, run_after=None
[2026-08-19T13:06:28.120+0000] {processor.py:183} INFO - Processing /opt/airflow/dags/setup_pagila_sakila.py took 0.094 seconds
[2026-08-19T13:06:58.281+0000] {processor.py:161} INFO - Started process (PID=472) to work on /opt/airflow/dags/setup_pagila_sakila.py
[2026-08-19T13:06:58.282+0000] {processor.py:830} INFO - Processing file /opt/airflow/dags/setup_pagila_sakila.py for tasks to queue
[2026-08-19T13:06:58.285+0000] {logging_mixin.py:188} INFO - [2026-08-19T13:06:58.284+0000] {dagbag.py:538} INFO - Filling up the DagBag from /opt/airflow/dags/setup_pagila_sakila.py
[2026-08-19T13:06:58.303+0000] {processor.py:840} INFO - DAG(s) 'setup_pagila_sakila' retrieved from /opt/airflow/dags/setup_pagila_sakila.py
[2026-08-19T13:06:58.329+0000] {logging_mixin.py:188} INFO - [2026-08-19T13:06:58.329+0000] {dag.py:3036} INFO - Sync 1 DAGs
[2026-08-19T13:06:58.341+0000] {logging_mixin.py:188} INFO - [2026-08-19T13:06:58.341+0000] {dag.py:3823} INFO - Setting next_dagrun for setup_pagila_sakila to None, run_after=None
[2026-08-19T13:06:58.359+0000] {processor.py:183} INFO - Processing /opt/airflow/dags/setup_pagila_sakila.py took 0.081 seconds
[2026-08-19T13:07:28.473+0000] {processor.py:161} INFO - Started process (PID=477) to work on /opt/airflow/dags/setup_pagila_sakila.py
[2026-08-19T13:07:28.474+0000] {processor.py:830} INFO - Processing file /opt/airflow/dags/setup_pagila_sakila.py for tasks to queue
[2026-08-19T13:07:28.475+0000] {logging_mixin.py:188} INFO - [2026-08-19T13:07:28.475+0000] {dagbag.py:538} INFO - Filling up the DagBag from /opt/airflow/dags/setup_pagila_sakila.py
[2026-08-19T13:07:28.491+0000] {processor.py:840} INFO - DAG(s) 'setup_pagila_sakila' retrieved from /opt/airflow/dags/setup_pagila_sakila.py
[2026-08-19T13:07:28.518+0000] {logging_mixin.py:188} INFO - [2026-08-19T13:07:28.518+0000] {dag.py:3036} INFO - Sync 1 DAGs
[2026-08-19T13:07:28.531+0000] {logging_mixin.py:188} INFO - [2026-08-19T13:07:28.530+0000] {dag.py:3823} INFO - Setting next_dagrun for setup_pagila_sakila to None, run_after=None
[2026-08-19T13:07:28.548+0000] {processor.py:183} INFO - Processing /opt/airflow/dags/setup_pagila_sakila.py took 0.078 seconds
[2026-08-19T13:07:58.642+0000] {processor.py:161} INFO - Started process (PID=482) to work on /opt/airflow/dags/setup_pagila_sakila.py
[2026-08-19T13:07:58.644+0000] {processor.py:830} INFO - Processing file /opt/airflow/dags/setup_pagila_sakila.py for tasks to queue
[2026-08-19T13:07:58.646+0000] {logging_mixin.py:188} INFO - [2026-08-19T13:07:58.645+0000] {dagbag.py:538} INFO - Filling up the DagBag from /opt/airflow/dags/setup_pagila_sakila.py
[2026-08-19T13:07:58.668+0000] {processor.py:840} INFO - DAG(s) 'setup_pagila_sakila' retrieved from /opt/airflow/dags/setup_pagila_sakila.py
[2026-08-19T13:07:58.695+0000] {logging_mixin.py:188} INFO - [2026-08-19T13:07:58.695+0000] {dag.py:3036} INFO - Sync 1 DAGs
[2026-08-19T13:07:58.713+0000] {logging_mixin.py:188} INFO - [2026-08-19T13:07:58.713+0000] {dag.py:3823} INFO - Setting next_dagrun for setup_pagila_sakila to None, run_after=None
[2026-08-19T13:07:58.737+0000] {processor.py:183} INFO - Processing /opt/airflow/dags/setup_pagila_sakila.py took 0.100 seconds
[2026-08-19T13:08:28.820+0000] {processor.py:161} INFO - Started process (PID=487) to work on /opt/airflow/dags/setup_pagila_sakila.py
[2026-08-19T13:08:28.821+0000] {processor.py:830} INFO - Processing file /opt/airflow/dags/setup_pagila_sakila.py for tasks to queue
[2026-08-19T13:08:28.822+0000] {logging_mixin.py:188} INFO - [2026-08-19T13:08:28.822+0000] {dagbag.py:538} INFO - Filling up the DagBag from /opt/airflow/dags/setup_pagila_sakila.py
[2026-08-19T13:08:28.837+0000] {processor.py:840} INFO - DAG(s) 'setup_pagila_sakila' retrieved from /opt/airflow/dags/setup_pagila_sakila.py
[2026-08-19T13:08:28.862+0000] {logging_mixin.py:188} INFO - [2026-08-19T13:08:28.862+0000] {dag.py:3036} INFO - Sync 1 DAGs
[2026-08-19T13:08:28.874+0000] {logging_mixin.py:188} INFO - [2026-08-19T13:08:28.874+0000] {dag.py:3823} INFO - Setting next_dagrun for setup_pagila_sakila to None, run_after=None
[2026-08-19T13:08:28.901+0000] {processor.py:183} INFO - Processing /opt/airflow/dags/setup_pagila_sakila.py took 0.084 seconds
[2026-08-19T13:08:55.567+0000] {processor.py:161} INFO - Started process (PID=204) to work on /opt/airflow/dags/setup_pagila_sakila.py
[2026-08-19T13:08:55.568+0000] {processor.py:830} INFO - Processing file /opt/airflow/dags/setup_pagila_sakila.py for tasks to queue
[2026-08-19T13:08:55.570+0000] {logging_mixin.py:188} INFO - [2026-08-19T13:08:55.570+0000] {dagbag.py:538} INFO - Filling up the DagBag from /opt/airflow/dags/setup_pagila_sakila.py
[2026-08-19T13:08:55.588+0000] {processor.py:840} INFO - DAG(s) 'setup_pagila_sakila' retrieved from /opt/airflow/dags/setup_pagila_sakila.py
[2026-08-19T13:08:55.615+0000] {logging_mixin.py:188} INFO - [2026-08-19T13:08:55.615+0000] {dag.py:3036} INFO - Sync 1 DAGs
[2026-08-19T13:08:55.630+0000] {logging_mixin.py:188} INFO - [2026-08-19T13:08:55.630+0000] {dag.py:3823} INFO - Setting next_dagrun for setup_pagila_sakila to None, run_after=None
[2026-08-19T13:08:55.649+0000] {processor.py:183} INFO - Processing /opt/airflow/dags/setup_pagila_sakila.py took 0.087 seconds
[2026-08-19T13:09:25.768+0000] {processor.py:161} INFO - Started process (PID=210) to work on /opt/airflow/dags/setup_pagila_sakila.py
[2026-08-19T13:09:25.769+0000] {processor.py:830} INFO - Processing file /opt/airflow/dags/setup_pagila_sakila.py for tasks to queue
[2026-08-19T13:09:25.771+0000] {logging_mixin.py:188} INFO - [2026-08-19T13:09:25.771+0000] {dagbag.py:538} INFO - Filling up the DagBag from /opt/airflow/dags/setup_pagila_sakila.py
[2026-08-19T13:09:25.790+0000] {processor.py:840} INFO - DAG(s) 'setup_pagila_sakila' retrieved from /opt/airflow/dags/setup_pagila_sakila.py
[2026-08-19T13:09:25.883+0000] {logging_mixin.py:188} INFO - [2026-08-19T13:09:25.882+0000] {dag.py:3036} INFO - Sync 1 DAGs
[2026-08-19T13:09:25.893+0000] {logging_mixin.py:188} INFO - [2026-08-19T13:09:25.893+0000] {dag.py:3823} INFO - Setting next_dagrun for setup_pagila_sakila to None, run_after=None
[2026-08-19T13:09:25.911+0000] {processor.py:183} INFO - Processing /opt/airflow/dags/setup_pagila_sakila.py took 0.147 seconds
[2026-08-19T13:09:56.015+0000] {processor.py:161} INFO - Started process (PID=215) to work on /opt/airflow/dags/setup_pagila_sakila.py
[2026-08-19T13:09:56.017+0000] {processor.py:830} INFO - Processing file /opt/airflow/dags/setup_pagila_sakila.py for tasks to queue
[2026-08-19T13:09:56.018+0000] {logging_mixin.py:188} INFO - [2026-08-19T13:09:56.017+0000] {dagbag.py:538} INFO - Filling up the DagBag from /opt/airflow/dags/setup_pagila_sakila.py
[2026-08-19T13:09:56.036+0000] {processor.py:840} INFO - DAG(s) 'setup_pagila_sakila' retrieved from /opt/airflow/dags/setup_pagila_sakila.py
[2026-08-19T13:09:56.063+0000] {logging_mixin.py:188} INFO - [2026-08-19T13:09:56.063+0000] {dag.py:3036} INFO - Sync 1 DAGs
[2026-08-19T13:09:56.076+0000] {logging_mixin.py:188} INFO - [2026-08-19T13:09:56.076+0000] {dag.py:3823} INFO - Setting next_dagrun for setup_pagila_sakila to None, run_after=None
[2026-08-19T13:09:56.098+0000] {processor.py:183} INFO - Processing /opt/airflow/dags/setup_pagila_sakila.py took 0.087 seconds
[2026-08-19T13:10:26.313+0000] {processor.py:161} INFO - Started process (PID=220) to work on /opt/airflow/dags/setup_pagila_sakila.py
[2026-08-19T13:10:26.314+0000] {processor.py:830} INFO - Processing file /opt/airflow/dags/setup_pagila_sakila.py for tasks to queue
[2026-08-19T13:10:26.315+0000] {logging_mixin.py:188} INFO - [2026-08-19T13:10:26.315+0000] {dagbag.py:538} INFO - Filling up the DagBag from /opt/airflow/dags/setup_pagila_sakila.py
[2026-08-19T13:10:26.331+0000] {processor.py:840} INFO - DAG(s) 'setup_pagila_sakila' retrieved from /opt/airflow/dags/setup_pagila_sakila.py
[2026-08-19T13:10:26.361+0000] {logging_mixin.py:188} INFO - [2026-08-19T13:10:26.361+0000] {dag.py:3036} INFO - Sync 1 DAGs
[2026-08-19T13:10:26.375+0000] {logging_mixin.py:188} INFO - [2026-08-19T13:10:26.374+0000] {dag.py:3823} INFO - Setting next_dagrun for setup_pagila_sakila to None, run_after=None
[2026-08-19T13:10:26.395+0000] {processor.py:183} INFO - Processing /opt/airflow/dags/setup_pagila_sakila.py took 0.086 seconds
[2026-08-19T13:10:56.521+0000] {processor.py:161} INFO - Started process (PID=227) to work on /opt/airflow/dags/setup_pagila_sakila.py
[2026-08-19T13:10:56.522+0000] {processor.py:830} INFO - Processing file /opt/airflow/dags/setup_pagila_sakila.py for tasks to queue
[2026-08-19T13:10:56.523+0000] {logging_mixin.py:188} INFO - [2026-08-19T13:10:56.523+0000] {dagbag.py:538} INFO - Filling up the DagBag from /opt/airflow/dags/setup_pagila_sakila.py
[2026-08-19T13:10:56.542+0000] {processor.py:840} INFO - DAG(s) 'setup_pagila_sakila' retrieved from /opt/airflow/dags/setup_pagila_sakila.py
[2026-08-19T13:10:56.567+0000] {logging_mixin.py:188} INFO - [2026-08-19T13:10:56.567+0000] {dag.py:3036} INFO - Sync 1 DAGs
[2026-08-19T13:10:56.581+0000] {logging_mixin.py:188} INFO - [2026-08-19T13:10:56.581+0000] {dag.py:3823} INFO - Setting next_dagrun for setup_pagila_sakila to None, run_after=None
[2026-08-19T13:10:56.598+0000] {processor.py:183} INFO - Processing /opt/airflow/dags/setup_pagila_sakila.py took 0.080 seconds
[2026-08-19T13:11:26.770+0000] {processor.py:161} INFO - Started process (PID=232) to work on /opt/airflow/dags/setup_pagila_sakila.py
[2026-08-19T13:11:26.772+0000] {processor.py:830} INFO - Processing file /opt/airflow/dags/setup_pagila_sakila.py for tasks to queue
[2026-08-19T13:11:26.773+0000] {logging_mixin.py:188} INFO - [2026-08-19T13:11:26.773+0000] {dagbag.py:538} INFO - Filling up the DagBag from /opt/airflow/dags/setup_pagila_sakila.py
[2026-08-19T13:11:26.792+0000] {processor.py:840} INFO - DAG(s) 'setup_pagila_sakila' retrieved from /opt/airflow/dags/setup_pagila_sakila.py
[2026-08-19T13:11:26.820+0000] {logging_mixin.py:188} INFO - [2026-08-19T13:11:26.819+0000] {dag.py:3036} INFO - Sync 1 DAGs
[2026-08-19T13:11:26.831+0000] {logging_mixin.py:188} INFO - [2026-08-19T13:11:26.831+0000] {dag.py:3823} INFO - Setting next_dagrun for setup_pagila_sakila to None, run_after=None
[2026-08-19T13:11:26.849+0000] {processor.py:183} INFO - Processing /opt/airflow/dags/setup_pagila_sakila.py took 0.083 seconds
[2026-08-19T13:11:57.007+0000] {processor.py:161} INFO - Started process (PID=237) to work on /opt/airflow/dags/setup_pagila_sakila.py
[2026-08-19T13:11:57.008+0000] {processor.py:830} INFO - Processing file /opt/airflow/dags/setup_pagila_sakila.py for tasks to queue
[2026-08-19T13:11:57.009+0000] {logging_mixin.py:188} INFO - [2026-08-19T13:11:57.009+0000] {dagbag.py:538} INFO - Filling up the DagBag from /opt/airflow/dags/setup_pagila_sakila.py
[2026-08-19T13:11:57.026+0000] {processor.py:840} INFO - DAG(s) 'setup_pagila_sakila' retrieved from /opt/airflow/dags/setup_pagila_sakila.py
[2026-08-19T13:11:57.051+0000] {logging_mixin.py:188} INFO - [2026-08-19T13:11:57.051+0000] {dag.py:3036} INFO - Sync 1 DAGs
[2026-08-19T13:11:57.064+0000] {logging_mixin.py:188} INFO - [2026-08-19T13:11:57.063+0000] {dag.py:3823} INFO - Setting next_dagrun for setup_pagila_sakila to None, run_after=None
[2026-08-19T13:11:57.082+0000] {processor.py:183} INFO - Processing /opt/airflow/dags/setup_pagila_sakila.py took 0.079 seconds
[2026-08-19T13:12:27.188+0000] {processor.py:161} INFO - Started process (PID=242) to work on /opt/airflow/dags/setup_pagila_sakila.py
[2026-08-19T13:12:27.189+0000] {processor.py:830} INFO - Processing file /opt/airflow/dags/setup_pagila_sakila.py for tasks to queue
[2026-08-19T13:12:27.190+0000] {logging_mixin.py:188} INFO - [2026-08-19T13:12:27.190+0000] {dagbag.py:538} INFO - Filling up the DagBag from /opt/airflow/dags/setup_pagila_sakila.py
[2026-08-19T13:12:27.207+0000] {processor.py:840} INFO - DAG(s) 'setup_pagila_sakila' retrieved from /opt/airflow/dags/setup_pagila_sakila.py
[2026-08-19T13:12:27.235+0000] {logging_mixin.py:188} INFO - [2026-08-19T13:12:27.234+0000] {dag.py:3036} INFO - Sync 1 DAGs
[2026-08-19T13:12:27.247+0000] {logging_mixin.py:188} INFO - [2026-08-19T13:12:27.246+0000] {dag.py:3823} INFO - Setting next_dagrun for setup_pagila_sakila to None, run_after=None
[2026-08-19T13:12:27.263+0000] {processor.py:183} INFO - Processing /opt/airflow/dags/setup_pagila_sakila.py took 0.080 seconds
[2026-08-19T13:12:57.509+0000] {processor.py:161} INFO - Started process (PID=247) to work on /opt/airflow/dags/setup_pagila_sakila.py
[2026-08-19T13:12:57.510+0000] {processor.py:830} INFO - Processing file /opt/airflow/dags/setup_pagila_sakila.py for tasks to queue
[2026-08-19T13:12:57.511+0000] {logging_mixin.py:188} INFO - [2026-08-19T13:12:57.511+0000] {dagbag.py:538} INFO - Filling up the DagBag from /opt/airflow/dags/setup_pagila_sakila.py
[2026-08-19T13:12:57.524+0000] {processor.py:840} INFO - DAG(s) 'setup_pagila_sakila' retrieved from /opt/airflow/dags/setup_pagila_sakila.py
[2026-08-19T13:12:57.550+0000] {logging_mixin.py:188} INFO - [2026-08-19T13:12:57.550+0000] {dag.py:3036} INFO - Sync 1 DAGs
[2026-08-19T13:12:57.562+0000] {logging_mixin.py:188} INFO - [2026-08-19T13:12:57.562+0000] {dag.py:3823} INFO - Setting next_dagrun for setup_pagila_sakila to None, run_after=None
[2026-08-19T13:12:57.581+0000] {processor.py:183} INFO - Processing /opt/airflow/dags/setup_pagila_sakila.py took 0.074 seconds
[2026-08-19T13:13:27.723+0000] {processor.py:161} INFO - Started process (PID=252) to work on /opt/airflow/dags/setup_pagila_sakila.py
[2026-08-19T13:13:27.725+0000] {processor.py:830} INFO - Processing file /opt/airflow/dags/setup_pagila_sakila.py for tasks to queue
[2026-08-19T13:13:27.727+0000] {logging_mixin.py:188} INFO - [2026-08-19T13:13:27.726+0000] {dagbag.py:538} INFO - Filling up the DagBag from /opt/airflow/dags/setup_pagila_sakila.py
[2026-08-19T13:13:27.745+0000] {processor.py:840} INFO - DAG(s) 'setup_pagila_sakila' retrieved from /opt/airflow/dags/setup_pagila_sakila.py
[2026-08-19T13:13:27.776+0000] {logging_mixin.py:188} INFO - [2026-08-19T13:13:27.775+0000] {dag.py:3036} INFO - Sync 1 DAGs
[2026-08-19T13:13:27.788+0000] {logging_mixin.py:188} INFO - [2026-08-19T13:13:27.788+0000] {dag.py:3823} INFO - Setting next_dagrun for setup_pagila_sakila to None, run_after=None
[2026-08-19T13:13:27.805+0000] {processor.py:183} INFO - Processing /opt/airflow/dags/setup_pagila_sakila.py took 0.086 seconds
[2026-08-19T13:13:57.904+0000] {processor.py:161} INFO - Started process (PID=257) to work on /opt/airflow/dags/setup_pagila_sakila.py
[2026-08-19T13:13:57.905+0000] {processor.py:830} INFO - Processing file /opt/airflow/dags/setup_pagila_sakila.py for tasks to queue
[2026-08-19T13:13:57.907+0000] {logging_mixin.py:188} INFO - [2026-08-19T13:13:57.906+0000] {dagbag.py:538} INFO - Filling up the DagBag from /opt/airflow/dags/setup_pagila_sakila.py
[2026-08-19T13:13:57.924+0000] {processor.py:840} INFO - DAG(s) 'setup_pagila_sakila' retrieved from /opt/airflow/dags/setup_pagila_sakila.py
[2026-08-19T13:13:57.955+0000] {logging_mixin.py:188} INFO - [2026-08-19T13:13:57.955+0000] {dag.py:3036} INFO - Sync 1 DAGs
[2026-08-19T13:13:57.970+0000] {logging_mixin.py:188} INFO - [2026-08-19T13:13:57.969+0000] {dag.py:3823} INFO - Setting next_dagrun for setup_pagila_sakila to None, run_after=None
[2026-08-19T13:13:57.992+0000] {processor.py:183} INFO - Processing /opt/airflow/dags/setup_pagila_sakila.py took 0.092 seconds
[2026-08-19T13:14:28.225+0000] {processor.py:161} INFO - Started process (PID=262) to work on /opt/airflow/dags/setup_pagila_sakila.py
[2026-08-19T13:14:28.226+0000] {processor.py:830} INFO - Processing file /opt/airflow/dags/setup_pagila_sakila.py for tasks to queue
[2026-08-19T13:14:28.229+0000] {logging_mixin.py:188} INFO - [2026-08-19T13:14:28.228+0000] {dagbag.py:538} INFO - Filling up the DagBag from /opt/airflow/dags/setup_pagila_sakila.py
[2026-08-19T13:14:28.254+0000] {processor.py:840} INFO - DAG(s) 'setup_pagila_sakila' retrieved from /opt/airflow/dags/setup_pagila_sakila.py
[2026-08-19T13:14:28.286+0000] {logging_mixin.py:188} INFO - [2026-08-19T13:14:28.286+0000] {dag.py:3036} INFO - Sync 1 DAGs
[2026-08-19T13:14:28.300+0000] {logging_mixin.py:188} INFO - [2026-08-19T13:14:28.300+0000] {dag.py:3823} INFO - Setting next_dagrun for setup_pagila_sakila to None, run_after=None
[2026-08-19T13:14:28.322+0000] {processor.py:183} INFO - Processing /opt/airflow/dags/setup_pagila_sakila.py took 0.102 seconds
[2026-08-19T13:14:58.475+0000] {processor.py:161} INFO - Started process (PID=267) to work on /opt/airflow/dags/setup_pagila_sakila.py
[2026-08-19T13:14:58.477+0000] {processor.py:830} INFO - Processing file /opt/airflow/dags/setup_pagila_sakila.py for tasks to queue
[2026-08-19T13:14:58.480+0000] {logging_mixin.py:188} INFO - [2026-08-19T13:14:58.479+0000] {dagbag.py:538} INFO - Filling up the DagBag from /opt/airflow/dags/setup_pagila_sakila.py
[2026-08-19T13:14:58.497+0000] {processor.py:840} INFO - DAG(s) 'setup_pagila_sakila' retrieved from /opt/airflow/dags/setup_pagila_sakila.py
[2026-08-19T13:14:58.524+0000] {logging_mixin.py:188} INFO - [2026-08-19T13:14:58.523+0000] {dag.py:3036} INFO - Sync 1 DAGs
[2026-08-19T13:14:58.535+0000] {logging_mixin.py:188} INFO - [2026-08-19T13:14:58.535+0000] {dag.py:3823} INFO - Setting next_dagrun for setup_pagila_sakila to None, run_after=None
[2026-08-19T13:14:58.553+0000] {processor.py:183} INFO - Processing /opt/airflow/dags/setup_pagila_sakila.py took 0.081 seconds
[2026-08-19T13:15:28.768+0000] {processor.py:161} INFO - Started process (PID=272) to work on /opt/airflow/dags/setup_pagila_sakila.py
[2026-08-19T13:15:28.769+0000] {processor.py:830} INFO - Processing file /opt/airflow/dags/setup_pagila_sakila.py for tasks to queue
[2026-08-19T13:15:28.770+0000] {logging_mixin.py:188} INFO - [2026-08-19T13:15:28.770+0000] {dagbag.py:538} INFO - Filling up the DagBag from /opt/airflow/dags/setup_pagila_sakila.py
[2026-08-19T13:15:28.788+0000] {processor.py:840} INFO - DAG(s) 'setup_pagila_sakila' retrieved from /opt/airflow/dags/setup_pagila_sakila.py
[2026-08-19T13:15:28.819+0000] {logging_mixin.py:188} INFO - [2026-08-19T13:15:28.819+0000] {dag.py:3036} INFO - Sync 1 DAGs
[2026-08-19T13:15:28.832+0000] {logging_mixin.py:188} INFO - [2026-08-19T13:15:28.832+0000] {dag.py:3823} INFO - Setting next_dagrun for setup_pagila_sakila to None, run_after=None
[2026-08-19T13:15:28.850+0000] {processor.py:183} INFO - Processing /opt/airflow/dags/setup_pagila_sakila.py took 0.086 seconds
[2026-08-19T13:15:58.956+0000] {processor.py:161} INFO - Started process (PID=277) to work on /opt/airflow/dags/setup_pagila_sakila.py
[2026-08-19T13:15:58.958+0000] {processor.py:830} INFO - Processing file /opt/airflow/dags/setup_pagila_sakila.py for tasks to queue
[2026-08-19T13:15:58.959+0000] {logging_mixin.py:188} INFO - [2026-08-19T13:15:58.959+0000] {dagbag.py:538} INFO - Filling up the DagBag from /opt/airflow/dags/setup_pagila_sakila.py
[2026-08-19T13:15:58.980+0000] {processor.py:840} INFO - DAG(s) 'setup_pagila_sakila' retrieved from /opt/airflow/dags/setup_pagila_sakila.py
[2026-08-19T13:15:59.010+0000] {logging_mixin.py:188} INFO - [2026-08-19T13:15:59.010+0000] {dag.py:3036} INFO - Sync 1 DAGs
[2026-08-19T13:15:59.023+0000] {logging_mixin.py:188} INFO - [2026-08-19T13:15:59.023+0000] {dag.py:3823} INFO - Setting next_dagrun for setup_pagila_sakila to None, run_after=None
[2026-08-19T13:15:59.040+0000] {processor.py:183} INFO - Processing /opt/airflow/dags/setup_pagila_sakila.py took 0.089 seconds
[2026-08-19T13:16:29.236+0000] {processor.py:161} INFO - Started process (PID=282) to work on /opt/airflow/dags/setup_pagila_sakila.py
[2026-08-19T13:16:29.237+0000] {processor.py:830} INFO - Processing file /opt/airflow/dags/setup_pagila_sakila.py for tasks to queue
[2026-08-19T13:16:29.239+0000] {logging_mixin.py:188} INFO - [2026-08-19T13:16:29.238+0000] {dagbag.py:538} INFO - Filling up the DagBag from /opt/airflow/dags/setup_pagila_sakila.py
[2026-08-19T13:16:29.254+0000] {processor.py:840} INFO - DAG(s) 'setup_pagila_sakila' retrieved from /opt/airflow/dags/setup_pagila_sakila.py
[2026-08-19T13:16:29.280+0000] {logging_mixin.py:188} INFO - [2026-08-19T13:16:29.280+0000] {dag.py:3036} INFO - Sync 1 DAGs
[2026-08-19T13:16:29.295+0000] {logging_mixin.py:188} INFO - [2026-08-19T13:16:29.295+0000] {dag.py:3823} INFO - Setting next_dagrun for setup_pagila_sakila to None, run_after=None
[2026-08-19T13:16:29.313+0000] {processor.py:183} INFO - Processing /opt/airflow/dags/setup_pagila_sakila.py took 0.081 seconds
[2026-08-19T13:16:59.380+0000] {processor.py:161} INFO - Started process (PID=289) to work on /opt/airflow/dags/setup_pagila_sakila.py
[2026-08-19T13:16:59.382+0000] {processor.py:830} INFO - Processing file /opt/airflow/dags/setup_pagila_sakila.py for tasks to queue
[2026-08-19T13:16:59.383+0000] {logging_mixin.py:188} INFO - [2026-08-19T13:16:59.383+0000] {dagbag.py:538} INFO - Filling up the DagBag from /opt/airflow/dags/setup_pagila_sakila.py
[2026-08-19T13:16:59.411+0000] {processor.py:840} INFO - DAG(s) 'setup_pagila_sakila' retrieved from /opt/airflow/dags/setup_pagila_sakila.py
[2026-08-19T13:16:59.443+0000] {logging_mixin.py:188} INFO - [2026-08-19T13:16:59.443+0000] {dag.py:3036} INFO - Sync 1 DAGs
[2026-08-19T13:16:59.458+0000] {logging_mixin.py:188} INFO - [2026-08-19T13:16:59.458+0000] {dag.py:3823} INFO - Setting next_dagrun for setup_pagila_sakila to None, run_after=None
[2026-08-19T13:16:59.477+0000] {processor.py:183} INFO - Processing /opt/airflow/dags/setup_pagila_sakila.py took 0.103 seconds
[2026-08-19T13:17:29.618+0000] {processor.py:161} INFO - Started process (PID=294) to work on /opt/airflow/dags/setup_pagila_sakila.py
[2026-08-19T13:17:29.620+0000] {processor.py:830} INFO - Processing file /opt/airflow/dags/setup_pagila_sakila.py for tasks to queue
[2026-08-19T13:17:29.622+0000] {logging_mixin.py:188} INFO - [2026-08-19T13:17:29.622+0000] {dagbag.py:538} INFO - Filling up the DagBag from /opt/airflow/dags/setup_pagila_sakila.py
[2026-08-19T13:17:29.645+0000] {processor.py:840} INFO - DAG(s) 'setup_pagila_sakila' retrieved from /opt/airflow/dags/setup_pagila_sakila.py
[2026-08-19T13:17:29.674+0000] {logging_mixin.py:188} INFO - [2026-08-19T13:17:29.674+0000] {dag.py:3036} INFO - Sync 1 DAGs
[2026-08-19T13:17:29.688+0000] {logging_mixin.py:188} INFO - [2026-08-19T13:17:29.688+0000] {dag.py:3823} INFO - Setting next_dagrun for setup_pagila_sakila to None, run_after=None
[2026-08-19T13:17:29.710+0000] {processor.py:183} INFO - Processing /opt/airflow/dags/setup_pagila_sakila.py took 0.095 seconds
[2026-08-19T13:17:59.795+0000] {processor.py:161} INFO - Started process (PID=299) to work on /opt/airflow/dags/setup_pagila_sakila.py
[2026-08-19T13:17:59.796+0000] {processor.py:830} INFO - Processing file /opt/airflow/dags/setup_pagila_sakila.py for tasks to queue
[2026-08-19T13:17:59.798+0000] {logging_mixin.py:188} INFO - [2026-08-19T13:17:59.798+0000] {dagbag.py:538} INFO - Filling up the DagBag from /opt/airflow/dags/setup_pagila_sakila.py
[2026-08-19T13:17:59.817+0000] {processor.py:840} INFO - DAG(s) 'setup_pagila_sakila' retrieved from /opt/airflow/dags/setup_pagila_sakila.py
[2026-08-19T13:17:59.845+0000] {logging_mixin.py:188} INFO - [2026-08-19T13:17:59.845+0000] {dag.py:3036} INFO - Sync 1 DAGs
[2026-08-19T13:17:59.858+0000] {logging_mixin.py:188} INFO - [2026-08-19T13:17:59.858+0000] {dag.py:3823} INFO - Setting next_dagrun for setup_pagila_sakila to None, run_after=None
[2026-08-19T13:17:59.877+0000] {processor.py:183} INFO - Processing /opt/airflow/dags/setup_pagila_sakila.py took 0.085 seconds
[2026-08-19T13:18:29.981+0000] {processor.py:161} INFO - Started process (PID=304) to work on /opt/airflow/dags/setup_pagila_sakila.py
[2026-08-19T13:18:29.983+0000] {processor.py:830} INFO - Processing file /opt/airflow/dags/setup_pagila_sakila.py for tasks to queue
[2026-08-19T13:18:29.984+0000] {logging_mixin.py:188} INFO - [2026-08-19T13:18:29.984+0000] {dagbag.py:538} INFO - Filling up the DagBag from /opt/airflow/dags/setup_pagila_sakila.py
[2026-08-19T13:18:29.999+0000] {processor.py:840} INFO - DAG(s) 'setup_pagila_sakila' retrieved from /opt/airflow/dags/setup_pagila_sakila.py
[2026-08-19T13:18:30.029+0000] {logging_mixin.py:188} INFO - [2026-08-19T13:18:30.029+0000] {dag.py:3036} INFO - Sync 1 DAGs
[2026-08-19T13:18:30.048+0000] {logging_mixin.py:188} INFO - [2026-08-19T13:18:30.047+0000] {dag.py:3823} INFO - Setting next_dagrun for setup_pagila_sakila to None, run_after=None
[2026-08-19T13:18:30.067+0000] {processor.py:183} INFO - Processing /opt/airflow/dags/setup_pagila_sakila.py took 0.090 seconds
[2026-08-19T13:19:00.167+0000] {processor.py:161} INFO - Started process (PID=309) to work on /opt/airflow/dags/setup_pagila_sakila.py
[2026-08-19T13:19:00.168+0000] {processor.py:830} INFO - Processing file /opt/airflow/dags/setup_pagila_sakila.py for tasks to queue
[2026-08-19T13:19:00.170+0000] {logging_mixin.py:188} INFO - [2026-08-19T13:19:00.170+0000] {dagbag.py:538} INFO - Filling up the DagBag from /opt/airflow/dags/setup_pagila_sakila.py
[2026-08-19T13:19:00.195+0000] {processor.py:840} INFO - DAG(s) 'setup_pagila_sakila' retrieved from /opt/airflow/dags/setup_pagila_sakila.py
[2026-08-19T13:19:00.224+0000] {logging_mixin.py:188} INFO - [2026-08-19T13:19:00.224+0000] {dag.py:3036} INFO - Sync 1 DAGs
[2026-08-19T13:19:00.243+0000] {logging_mixin.py:188} INFO - [2026-08-19T13:19:00.242+0000] {dag.py:3823} INFO - Setting next_dagrun for setup_pagila_sakila to None, run_after=None
[2026-08-19T13:19:00.264+0000] {processor.py:183} INFO - Processing /opt/airflow/dags/setup_pagila_sakila.py took 0.103 seconds
[2026-08-19T13:24:46.935+0000] {processor.py:161} INFO - Started process (PID=212) to work on /opt/airflow/dags/setup_pagila_sakila.py
[2026-08-19T13:24:46.936+0000] {processor.py:830} INFO - Processing file /opt/airflow/dags/setup_pagila_sakila.py for tasks to queue
[2026-08-19T13:24:46.937+0000] {logging_mixin.py:188} INFO - [2026-08-19T13:24:46.937+0000] {dagbag.py:538} INFO - Filling up the DagBag from /opt/airflow/dags/setup_pagila_sakila.py
[2026-08-19T13:24:46.954+0000] {processor.py:840} INFO - DAG(s) 'setup_pagila_sakila' retrieved from /opt/airflow/dags/setup_pagila_sakila.py
[2026-08-19T13:24:47.086+0000] {logging_mixin.py:188} INFO - [2026-08-19T13:24:47.086+0000] {dag.py:3036} INFO - Sync 1 DAGs
[2026-08-19T13:24:47.097+0000] {logging_mixin.py:188} INFO - [2026-08-19T13:24:47.096+0000] {dag.py:3823} INFO - Setting next_dagrun for setup_pagila_sakila to None, run_after=None
[2026-08-19T13:24:47.114+0000] {processor.py:183} INFO - Processing /opt/airflow/dags/setup_pagila_sakila.py took 0.183 seconds
[2026-08-19T13:25:17.292+0000] {processor.py:161} INFO - Started process (PID=219) to work on /opt/airflow/dags/setup_pagila_sakila.py
[2026-08-19T13:25:17.294+0000] {processor.py:830} INFO - Processing file /opt/airflow/dags/setup_pagila_sakila.py for tasks to queue
[2026-08-19T13:25:17.295+0000] {logging_mixin.py:188} INFO - [2026-08-19T13:25:17.295+0000] {dagbag.py:538} INFO - Filling up the DagBag from /opt/airflow/dags/setup_pagila_sakila.py
[2026-08-19T13:25:17.314+0000] {processor.py:840} INFO - DAG(s) 'setup_pagila_sakila' retrieved from /opt/airflow/dags/setup_pagila_sakila.py
[2026-08-19T13:25:17.346+0000] {logging_mixin.py:188} INFO - [2026-08-19T13:25:17.346+0000] {dag.py:3036} INFO - Sync 1 DAGs
[2026-08-19T13:25:17.361+0000] {logging_mixin.py:188} INFO - [2026-08-19T13:25:17.361+0000] {dag.py:3823} INFO - Setting next_dagrun for setup_pagila_sakila to None, run_after=None
[2026-08-19T13:25:17.381+0000] {processor.py:183} INFO - Processing /opt/airflow/dags/setup_pagila_sakila.py took 0.094 seconds
[2026-08-19T13:25:47.448+0000] {processor.py:161} INFO - Started process (PID=224) to work on /opt/airflow/dags/setup_pagila_sakila.py
[2026-08-19T13:25:47.450+0000] {processor.py:830} INFO - Processing file /opt/airflow/dags/setup_pagila_sakila.py for tasks to queue
[2026-08-19T13:25:47.453+0000] {logging_mixin.py:188} INFO - [2026-08-19T13:25:47.452+0000] {dagbag.py:538} INFO - Filling up the DagBag from /opt/airflow/dags/setup_pagila_sakila.py
[2026-08-19T13:25:47.484+0000] {processor.py:840} INFO - DAG(s) 'setup_pagila_sakila' retrieved from /opt/airflow/dags/setup_pagila_sakila.py
[2026-08-19T13:25:47.527+0000] {logging_mixin.py:188} INFO - [2026-08-19T13:25:47.526+0000] {dag.py:3036} INFO - Sync 1 DAGs
[2026-08-19T13:25:47.546+0000] {logging_mixin.py:188} INFO - [2026-08-19T13:25:47.546+0000] {dag.py:3823} INFO - Setting next_dagrun for setup_pagila_sakila to None, run_after=None
[2026-08-19T13:25:47.569+0000] {processor.py:183} INFO - Processing /opt/airflow/dags/setup_pagila_sakila.py took 0.128 seconds
[2026-08-19T13:26:17.700+0000] {processor.py:161} INFO - Started process (PID=229) to work on /opt/airflow/dags/setup_pagila_sakila.py
[2026-08-19T13:26:17.701+0000] {processor.py:830} INFO - Processing file /opt/airflow/dags/setup_pagila_sakila.py for tasks to queue
[2026-08-19T13:26:17.703+0000] {logging_mixin.py:188} INFO - [2026-08-19T13:26:17.702+0000] {dagbag.py:538} INFO - Filling up the DagBag from /opt/airflow/dags/setup_pagila_sakila.py
[2026-08-19T13:26:17.722+0000] {processor.py:840} INFO - DAG(s) 'setup_pagila_sakila' retrieved from /opt/airflow/dags/setup_pagila_sakila.py
[2026-08-19T13:26:17.753+0000] {logging_mixin.py:188} INFO - [2026-08-19T13:26:17.752+0000] {dag.py:3036} INFO - Sync 1 DAGs
[2026-08-19T13:26:17.766+0000] {logging_mixin.py:188} INFO - [2026-08-19T13:26:17.766+0000] {dag.py:3823} INFO - Setting next_dagrun for setup_pagila_sakila to None, run_after=None
[2026-08-19T13:26:17.784+0000] {processor.py:183} INFO - Processing /opt/airflow/dags/setup_pagila_sakila.py took 0.088 seconds
[2026-08-19T13:26:47.863+0000] {processor.py:161} INFO - Started process (PID=234) to work on /opt/airflow/dags/setup_pagila_sakila.py
[2026-08-19T13:26:47.864+0000] {processor.py:830} INFO - Processing file /opt/airflow/dags/setup_pagila_sakila.py for tasks to queue
[2026-08-19T13:26:47.865+0000] {logging_mixin.py:188} INFO - [2026-08-19T13:26:47.865+0000] {dagbag.py:538} INFO - Filling up the DagBag from /opt/airflow/dags/setup_pagila_sakila.py
[2026-08-19T13:26:47.883+0000] {processor.py:840} INFO - DAG(s) 'setup_pagila_sakila' retrieved from /opt/airflow/dags/setup_pagila_sakila.py
[2026-08-19T13:26:47.915+0000] {logging_mixin.py:188} INFO - [2026-08-19T13:26:47.915+0000] {dag.py:3036} INFO - Sync 1 DAGs
[2026-08-19T13:26:47.931+0000] {logging_mixin.py:188} INFO - [2026-08-19T13:26:47.930+0000] {dag.py:3823} INFO - Setting next_dagrun for setup_pagila_sakila to None, run_after=None
[2026-08-19T13:26:47.948+0000] {processor.py:183} INFO - Processing /opt/airflow/dags/setup_pagila_sakila.py took 0.089 seconds
[2026-08-19T13:27:18.101+0000] {processor.py:161} INFO - Started process (PID=239) to work on /opt/airflow/dags/setup_pagila_sakila.py
[2026-08-19T13:27:18.102+0000] {processor.py:830} INFO - Processing file /opt/airflow/dags/setup_pagila_sakila.py for tasks to queue
[2026-08-19T13:27:18.104+0000] {logging_mixin.py:188} INFO - [2026-08-19T13:27:18.103+0000] {dagbag.py:538} INFO - Filling up the DagBag from /opt/airflow/dags/setup_pagila_sakila.py
[2026-08-19T13:27:18.118+0000] {processor.py:840} INFO - DAG(s) 'setup_pagila_sakila' retrieved from /opt/airflow/dags/setup_pagila_sakila.py
[2026-08-19T13:27:18.144+0000] {logging_mixin.py:188} INFO - [2026-08-19T13:27:18.144+0000] {dag.py:3036} INFO - Sync 1 DAGs
[2026-08-19T13:27:18.161+0000] {logging_mixin.py:188} INFO - [2026-08-19T13:27:18.161+0000] {dag.py:3823} INFO - Setting next_dagrun for setup_pagila_sakila to None, run_after=None
[2026-08-19T13:27:18.184+0000] {processor.py:183} INFO - Processing /opt/airflow/dags/setup_pagila_sakila.py took 0.085 seconds
[2026-08-19T13:27:48.270+0000] {processor.py:161} INFO - Started process (PID=244) to work on /opt/airflow/dags/setup_pagila_sakila.py
[2026-08-19T13:27:48.272+0000] {processor.py:830} INFO - Processing file /opt/airflow/dags/setup_pagila_sakila.py for tasks to queue
[2026-08-19T13:27:48.273+0000] {logging_mixin.py:188} INFO - [2026-08-19T13:27:48.273+0000] {dagbag.py:538} INFO - Filling up the DagBag from /opt/airflow/dags/setup_pagila_sakila.py
[2026-08-19T13:27:48.295+0000] {processor.py:840} INFO - DAG(s) 'setup_pagila_sakila' retrieved from /opt/airflow/dags/setup_pagila_sakila.py
[2026-08-19T13:27:48.327+0000] {logging_mixin.py:188} INFO - [2026-08-19T13:27:48.326+0000] {dag.py:3036} INFO - Sync 1 DAGs
[2026-08-19T13:27:48.341+0000] {logging_mixin.py:188} INFO - [2026-08-19T13:27:48.341+0000] {dag.py:3823} INFO - Setting next_dagrun for setup_pagila_sakila to None, run_after=None
[2026-08-19T13:27:48.367+0000] {processor.py:183} INFO - Processing /opt/airflow/dags/setup_pagila_sakila.py took 0.101 seconds
[2026-08-19T13:28:18.483+0000] {processor.py:161} INFO - Started process (PID=251) to work on /opt/airflow/dags/setup_pagila_sakila.py
[2026-08-19T13:28:18.484+0000] {processor.py:830} INFO - Processing file /opt/airflow/dags/setup_pagila_sakila.py for tasks to queue
[2026-08-19T13:28:18.485+0000] {logging_mixin.py:188} INFO - [2026-08-19T13:28:18.485+0000] {dagbag.py:538} INFO - Filling up the DagBag from /opt/airflow/dags/setup_pagila_sakila.py
[2026-08-19T13:28:18.499+0000] {processor.py:840} INFO - DAG(s) 'setup_pagila_sakila' retrieved from /opt/airflow/dags/setup_pagila_sakila.py
[2026-08-19T13:28:18.525+0000] {logging_mixin.py:188} INFO - [2026-08-19T13:28:18.525+0000] {dag.py:3036} INFO - Sync 1 DAGs
[2026-08-19T13:28:18.549+0000] {logging_mixin.py:188} INFO - [2026-08-19T13:28:18.548+0000] {dag.py:3823} INFO - Setting next_dagrun for setup_pagila_sakila to None, run_after=None
[2026-08-19T13:28:18.576+0000] {processor.py:183} INFO - Processing /opt/airflow/dags/setup_pagila_sakila.py took 0.096 seconds
[2026-08-19T13:28:48.725+0000] {processor.py:161} INFO - Started process (PID=256) to work on /opt/airflow/dags/setup_pagila_sakila.py
[2026-08-19T13:28:48.730+0000] {processor.py:830} INFO - Processing file /opt/airflow/dags/setup_pagila_sakila.py for tasks to queue
[2026-08-19T13:28:48.732+0000] {logging_mixin.py:188} INFO - [2026-08-19T13:28:48.731+0000] {dagbag.py:538} INFO - Filling up the DagBag from /opt/airflow/dags/setup_pagila_sakila.py
[2026-08-19T13:28:48.771+0000] {processor.py:840} INFO - DAG(s) 'setup_pagila_sakila' retrieved from /opt/airflow/dags/setup_pagila_sakila.py
[2026-08-19T13:28:48.824+0000] {logging_mixin.py:188} INFO - [2026-08-19T13:28:48.823+0000] {dag.py:3036} INFO - Sync 1 DAGs
[2026-08-19T13:28:48.858+0000] {logging_mixin.py:188} INFO - [2026-08-19T13:28:48.858+0000] {dag.py:3823} INFO - Setting next_dagrun for setup_pagila_sakila to None, run_after=None
[2026-08-19T13:28:48.883+0000] {processor.py:183} INFO - Processing /opt/airflow/dags/setup_pagila_sakila.py took 0.163 seconds
[2026-08-19T13:29:18.922+0000] {processor.py:161} INFO - Started process (PID=261) to work on /opt/airflow/dags/setup_pagila_sakila.py
[2026-08-19T13:29:18.923+0000] {processor.py:830} INFO - Processing file /opt/airflow/dags/setup_pagila_sakila.py for tasks to queue
[2026-08-19T13:29:18.924+0000] {logging_mixin.py:188} INFO - [2026-08-19T13:29:18.924+0000] {dagbag.py:538} INFO - Filling up the DagBag from /opt/airflow/dags/setup_pagila_sakila.py
[2026-08-19T13:29:18.941+0000] {processor.py:840} INFO - DAG(s) 'setup_pagila_sakila' retrieved from /opt/airflow/dags/setup_pagila_sakila.py
[2026-08-19T13:29:18.971+0000] {logging_mixin.py:188} INFO - [2026-08-19T13:29:18.971+0000] {dag.py:3036} INFO - Sync 1 DAGs
[2026-08-19T13:29:18.984+0000] {logging_mixin.py:188} INFO - [2026-08-19T13:29:18.984+0000] {dag.py:3823} INFO - Setting next_dagrun for setup_pagila_sakila to None, run_after=None
[2026-08-19T13:29:19.011+0000] {processor.py:183} INFO - Processing /opt/airflow/dags/setup_pagila_sakila.py took 0.093 seconds
[2026-08-19T13:29:49.106+0000] {processor.py:161} INFO - Started process (PID=266) to work on /opt/airflow/dags/setup_pagila_sakila.py
[2026-08-19T13:29:49.108+0000] {processor.py:830} INFO - Processing file /opt/airflow/dags/setup_pagila_sakila.py for tasks to queue
[2026-08-19T13:29:49.110+0000] {logging_mixin.py:188} INFO - [2026-08-19T13:29:49.109+0000] {dagbag.py:538} INFO - Filling up the DagBag from /opt/airflow/dags/setup_pagila_sakila.py
[2026-08-19T13:29:49.141+0000] {processor.py:840} INFO - DAG(s) 'setup_pagila_sakila' retrieved from /opt/airflow/dags/setup_pagila_sakila.py
[2026-08-19T13:29:49.193+0000] {logging_mixin.py:188} INFO - [2026-08-19T13:29:49.193+0000] {dag.py:3036} INFO - Sync 1 DAGs
[2026-08-19T13:29:49.219+0000] {logging_mixin.py:188} INFO - [2026-08-19T13:29:49.219+0000] {dag.py:3823} INFO - Setting next_dagrun for setup_pagila_sakila to None, run_after=None
[2026-08-19T13:29:49.246+0000] {processor.py:183} INFO - Processing /opt/airflow/dags/setup_pagila_sakila.py took 0.144 seconds
[2026-08-19T13:30:19.331+0000] {processor.py:161} INFO - Started process (PID=271) to work on /opt/airflow/dags/setup_pagila_sakila.py
[2026-08-19T13:30:19.333+0000] {processor.py:830} INFO - Processing file /opt/airflow/dags/setup_pagila_sakila.py for tasks to queue
[2026-08-19T13:30:19.334+0000] {logging_mixin.py:188} INFO - [2026-08-19T13:30:19.334+0000] {dagbag.py:538} INFO - Filling up the DagBag from /opt/airflow/dags/setup_pagila_sakila.py
[2026-08-19T13:30:19.357+0000] {processor.py:840} INFO - DAG(s) 'setup_pagila_sakila' retrieved from /opt/airflow/dags/setup_pagila_sakila.py
[2026-08-19T13:30:19.397+0000] {logging_mixin.py:188} INFO - [2026-08-19T13:30:19.397+0000] {dag.py:3036} INFO - Sync 1 DAGs
[2026-08-19T13:30:19.425+0000] {logging_mixin.py:188} INFO - [2026-08-19T13:30:19.424+0000] {dag.py:3823} INFO - Setting next_dagrun for setup_pagila_sakila to None, run_after=None
[2026-08-19T13:30:19.447+0000] {processor.py:183} INFO - Processing /opt/airflow/dags/setup_pagila_sakila.py took 0.119 seconds
[2026-08-19T13:30:49.589+0000] {processor.py:161} INFO - Started process (PID=276) to work on /opt/airflow/dags/setup_pagila_sakila.py
[2026-08-19T13:30:49.593+0000] {processor.py:830} INFO - Processing file /opt/airflow/dags/setup_pagila_sakila.py for tasks to queue
[2026-08-19T13:30:49.596+0000] {logging_mixin.py:188} INFO - [2026-08-19T13:30:49.595+0000] {dagbag.py:538} INFO - Filling up the DagBag from /opt/airflow/dags/setup_pagila_sakila.py
[2026-08-19T13:30:49.692+0000] {processor.py:840} INFO - DAG(s) 'setup_pagila_sakila' retrieved from /opt/airflow/dags/setup_pagila_sakila.py
[2026-08-19T13:30:49.774+0000] {logging_mixin.py:188} INFO - [2026-08-19T13:30:49.774+0000] {dag.py:3036} INFO - Sync 1 DAGs
[2026-08-19T13:30:49.819+0000] {logging_mixin.py:188} INFO - [2026-08-19T13:30:49.819+0000] {dag.py:3823} INFO - Setting next_dagrun for setup_pagila_sakila to None, run_after=None
[2026-08-19T13:30:49.855+0000] {processor.py:183} INFO - Processing /opt/airflow/dags/setup_pagila_sakila.py took 0.293 seconds
[2026-08-19T13:31:20.055+0000] {processor.py:161} INFO - Started process (PID=281) to work on /opt/airflow/dags/setup_pagila_sakila.py
[2026-08-19T13:31:20.056+0000] {processor.py:830} INFO - Processing file /opt/airflow/dags/setup_pagila_sakila.py for tasks to queue
[2026-08-19T13:31:20.059+0000] {logging_mixin.py:188} INFO - [2026-08-19T13:31:20.058+0000] {dagbag.py:538} INFO - Filling up the DagBag from /opt/airflow/dags/setup_pagila_sakila.py
[2026-08-19T13:31:20.127+0000] {processor.py:840} INFO - DAG(s) 'setup_pagila_sakila' retrieved from /opt/airflow/dags/setup_pagila_sakila.py
[2026-08-19T13:31:20.190+0000] {logging_mixin.py:188} INFO - [2026-08-19T13:31:20.190+0000] {dag.py:3036} INFO - Sync 1 DAGs
[2026-08-19T13:31:20.223+0000] {logging_mixin.py:188} INFO - [2026-08-19T13:31:20.223+0000] {dag.py:3823} INFO - Setting next_dagrun for setup_pagila_sakila to None, run_after=None
[2026-08-19T13:31:20.257+0000] {processor.py:183} INFO - Processing /opt/airflow/dags/setup_pagila_sakila.py took 0.209 seconds
[2026-08-19T13:45:18.814+0000] {processor.py:161} INFO - Started process (PID=225) to work on /opt/airflow/dags/setup_pagila_sakila.py
[2026-08-19T13:45:18.815+0000] {processor.py:830} INFO - Processing file /opt/airflow/dags/setup_pagila_sakila.py for tasks to queue
[2026-08-19T13:45:18.817+0000] {logging_mixin.py:188} INFO - [2026-08-19T13:45:18.816+0000] {dagbag.py:538} INFO - Filling up the DagBag from /opt/airflow/dags/setup_pagila_sakila.py
[2026-08-19T13:45:18.877+0000] {processor.py:840} INFO - DAG(s) 'setup_pagila_sakila' retrieved from /opt/airflow/dags/setup_pagila_sakila.py
[2026-08-19T13:45:19.131+0000] {logging_mixin.py:188} INFO - [2026-08-19T13:45:19.130+0000] {dag.py:3036} INFO - Sync 1 DAGs
[2026-08-19T13:45:19.146+0000] {logging_mixin.py:188} INFO - [2026-08-19T13:45:19.145+0000] {dag.py:3823} INFO - Setting next_dagrun for setup_pagila_sakila to None, run_after=None
[2026-08-19T13:45:19.171+0000] {processor.py:183} INFO - Processing /opt/airflow/dags/setup_pagila_sakila.py took 0.364 seconds
[2026-08-19T13:45:49.361+0000] {processor.py:161} INFO - Started process (PID=232) to work on /opt/airflow/dags/setup_pagila_sakila.py
[2026-08-19T13:45:49.366+0000] {processor.py:830} INFO - Processing file /opt/airflow/dags/setup_pagila_sakila.py for tasks to queue
[2026-08-19T13:45:49.368+0000] {logging_mixin.py:188} INFO - [2026-08-19T13:45:49.367+0000] {dagbag.py:538} INFO - Filling up the DagBag from /opt/airflow/dags/setup_pagila_sakila.py
[2026-08-19T13:45:49.385+0000] {processor.py:840} INFO - DAG(s) 'setup_pagila_sakila' retrieved from /opt/airflow/dags/setup_pagila_sakila.py
[2026-08-19T13:45:49.420+0000] {logging_mixin.py:188} INFO - [2026-08-19T13:45:49.420+0000] {dag.py:3036} INFO - Sync 1 DAGs
[2026-08-19T13:45:49.443+0000] {logging_mixin.py:188} INFO - [2026-08-19T13:45:49.442+0000] {dag.py:3823} INFO - Setting next_dagrun for setup_pagila_sakila to None, run_after=None
[2026-08-19T13:45:49.461+0000] {processor.py:183} INFO - Processing /opt/airflow/dags/setup_pagila_sakila.py took 0.116 seconds
[2026-08-19T13:46:19.506+0000] {processor.py:161} INFO - Started process (PID=243) to work on /opt/airflow/dags/setup_pagila_sakila.py
[2026-08-19T13:46:19.508+0000] {processor.py:830} INFO - Processing file /opt/airflow/dags/setup_pagila_sakila.py for tasks to queue
[2026-08-19T13:46:19.509+0000] {logging_mixin.py:188} INFO - [2026-08-19T13:46:19.509+0000] {dagbag.py:538} INFO - Filling up the DagBag from /opt/airflow/dags/setup_pagila_sakila.py
[2026-08-19T13:46:19.526+0000] {processor.py:840} INFO - DAG(s) 'setup_pagila_sakila' retrieved from /opt/airflow/dags/setup_pagila_sakila.py
[2026-08-19T13:46:19.553+0000] {logging_mixin.py:188} INFO - [2026-08-19T13:46:19.553+0000] {dag.py:3036} INFO - Sync 1 DAGs
[2026-08-19T13:46:19.568+0000] {logging_mixin.py:188} INFO - [2026-08-19T13:46:19.567+0000] {dag.py:3823} INFO - Setting next_dagrun for setup_pagila_sakila to None, run_after=None
[2026-08-19T13:46:19.586+0000] {processor.py:183} INFO - Processing /opt/airflow/dags/setup_pagila_sakila.py took 0.085 seconds
[2026-08-19T13:46:49.741+0000] {processor.py:161} INFO - Started process (PID=248) to work on /opt/airflow/dags/setup_pagila_sakila.py
[2026-08-19T13:46:49.742+0000] {processor.py:830} INFO - Processing file /opt/airflow/dags/setup_pagila_sakila.py for tasks to queue
[2026-08-19T13:46:49.743+0000] {logging_mixin.py:188} INFO - [2026-08-19T13:46:49.743+0000] {dagbag.py:538} INFO - Filling up the DagBag from /opt/airflow/dags/setup_pagila_sakila.py
[2026-08-19T13:46:49.757+0000] {processor.py:840} INFO - DAG(s) 'setup_pagila_sakila' retrieved from /opt/airflow/dags/setup_pagila_sakila.py
[2026-08-19T13:46:49.784+0000] {logging_mixin.py:188} INFO - [2026-08-19T13:46:49.783+0000] {dag.py:3036} INFO - Sync 1 DAGs
[2026-08-19T13:46:49.795+0000] {logging_mixin.py:188} INFO - [2026-08-19T13:46:49.795+0000] {dag.py:3823} INFO - Setting next_dagrun for setup_pagila_sakila to None, run_after=None
[2026-08-19T13:46:49.812+0000] {processor.py:183} INFO - Processing /opt/airflow/dags/setup_pagila_sakila.py took 0.073 seconds
[2026-08-19T13:47:19.889+0000] {processor.py:161} INFO - Started process (PID=253) to work on /opt/airflow/dags/setup_pagila_sakila.py
[2026-08-19T13:47:19.890+0000] {processor.py:830} INFO - Processing file /opt/airflow/dags/setup_pagila_sakila.py for tasks to queue
[2026-08-19T13:47:19.891+0000] {logging_mixin.py:188} INFO - [2026-08-19T13:47:19.891+0000] {dagbag.py:538} INFO - Filling up the DagBag from /opt/airflow/dags/setup_pagila_sakila.py
[2026-08-19T13:47:19.909+0000] {processor.py:840} INFO - DAG(s) 'setup_pagila_sakila' retrieved from /opt/airflow/dags/setup_pagila_sakila.py
[2026-08-19T13:47:19.952+0000] {logging_mixin.py:188} INFO - [2026-08-19T13:47:19.952+0000] {dag.py:3036} INFO - Sync 1 DAGs
[2026-08-19T13:47:19.966+0000] {logging_mixin.py:188} INFO - [2026-08-19T13:47:19.965+0000] {dag.py:3823} INFO - Setting next_dagrun for setup_pagila_sakila to None, run_after=None
[2026-08-19T13:47:19.986+0000] {processor.py:183} INFO - Processing /opt/airflow/dags/setup_pagila_sakila.py took 0.102 seconds
[2026-08-19T13:47:50.091+0000] {processor.py:161} INFO - Started process (PID=258) to work on /opt/airflow/dags/setup_pagila_sakila.py
[2026-08-19T13:47:50.093+0000] {processor.py:830} INFO - Processing file /opt/airflow/dags/setup_pagila_sakila.py for tasks to queue
[2026-08-19T13:47:50.095+0000] {logging_mixin.py:188} INFO - [2026-08-19T13:47:50.094+0000] {dagbag.py:538} INFO - Filling up the DagBag from /opt/airflow/dags/setup_pagila_sakila.py
[2026-08-19T13:47:50.127+0000] {processor.py:840} INFO - DAG(s) 'setup_pagila_sakila' retrieved from /opt/airflow/dags/setup_pagila_sakila.py
[2026-08-19T13:47:50.179+0000] {logging_mixin.py:188} INFO - [2026-08-19T13:47:50.178+0000] {dag.py:3036} INFO - Sync 1 DAGs
[2026-08-19T13:47:50.193+0000] {logging_mixin.py:188} INFO - [2026-08-19T13:47:50.193+0000] {dag.py:3823} INFO - Setting next_dagrun for setup_pagila_sakila to None, run_after=None
[2026-08-19T13:47:50.211+0000] {processor.py:183} INFO - Processing /opt/airflow/dags/setup_pagila_sakila.py took 0.125 seconds
[2026-08-19T13:48:20.289+0000] {processor.py:161} INFO - Started process (PID=263) to work on /opt/airflow/dags/setup_pagila_sakila.py
[2026-08-19T13:48:20.291+0000] {processor.py:830} INFO - Processing file /opt/airflow/dags/setup_pagila_sakila.py for tasks to queue
[2026-08-19T13:48:20.293+0000] {logging_mixin.py:188} INFO - [2026-08-19T13:48:20.292+0000] {dagbag.py:538} INFO - Filling up the DagBag from /opt/airflow/dags/setup_pagila_sakila.py
[2026-08-19T13:48:20.322+0000] {processor.py:840} INFO - DAG(s) 'setup_pagila_sakila' retrieved from /opt/airflow/dags/setup_pagila_sakila.py
[2026-08-19T13:48:20.413+0000] {logging_mixin.py:188} INFO - [2026-08-19T13:48:20.413+0000] {dag.py:3036} INFO - Sync 1 DAGs
[2026-08-19T13:48:20.465+0000] {logging_mixin.py:188} INFO - [2026-08-19T13:48:20.465+0000] {dag.py:3823} INFO - Setting next_dagrun for setup_pagila_sakila to None, run_after=None
[2026-08-19T13:48:20.503+0000] {processor.py:183} INFO - Processing /opt/airflow/dags/setup_pagila_sakila.py took 0.218 seconds
[2026-08-19T13:48:50.676+0000] {processor.py:161} INFO - Started process (PID=274) to work on /opt/airflow/dags/setup_pagila_sakila.py
[2026-08-19T13:48:50.678+0000] {processor.py:830} INFO - Processing file /opt/airflow/dags/setup_pagila_sakila.py for tasks to queue
[2026-08-19T13:48:50.679+0000] {logging_mixin.py:188} INFO - [2026-08-19T13:48:50.678+0000] {dagbag.py:538} INFO - Filling up the DagBag from /opt/airflow/dags/setup_pagila_sakila.py
[2026-08-19T13:48:50.693+0000] {processor.py:840} INFO - DAG(s) 'setup_pagila_sakila' retrieved from /opt/airflow/dags/setup_pagila_sakila.py
[2026-08-19T13:48:50.722+0000] {logging_mixin.py:188} INFO - [2026-08-19T13:48:50.722+0000] {dag.py:3036} INFO - Sync 1 DAGs
[2026-08-19T13:48:50.746+0000] {logging_mixin.py:188} INFO - [2026-08-19T13:48:50.746+0000] {dag.py:3823} INFO - Setting next_dagrun for setup_pagila_sakila to None, run_after=None
[2026-08-19T13:48:50.779+0000] {processor.py:183} INFO - Processing /opt/airflow/dags/setup_pagila_sakila.py took 0.106 seconds
[2026-08-19T13:49:20.840+0000] {processor.py:161} INFO - Started process (PID=279) to work on /opt/airflow/dags/setup_pagila_sakila.py
[2026-08-19T13:49:20.841+0000] {processor.py:830} INFO - Processing file /opt/airflow/dags/setup_pagila_sakila.py for tasks to queue
[2026-08-19T13:49:20.842+0000] {logging_mixin.py:188} INFO - [2026-08-19T13:49:20.842+0000] {dagbag.py:538} INFO - Filling up the DagBag from /opt/airflow/dags/setup_pagila_sakila.py
[2026-08-19T13:49:20.857+0000] {processor.py:840} INFO - DAG(s) 'setup_pagila_sakila' retrieved from /opt/airflow/dags/setup_pagila_sakila.py
[2026-08-19T13:49:20.884+0000] {logging_mixin.py:188} INFO - [2026-08-19T13:49:20.884+0000] {dag.py:3036} INFO - Sync 1 DAGs
[2026-08-19T13:49:20.903+0000] {logging_mixin.py:188} INFO - [2026-08-19T13:49:20.902+0000] {dag.py:3823} INFO - Setting next_dagrun for setup_pagila_sakila to None, run_after=None
[2026-08-19T13:49:20.920+0000] {processor.py:183} INFO - Processing /opt/airflow/dags/setup_pagila_sakila.py took 0.084 seconds
[2026-08-19T13:49:51.104+0000] {processor.py:161} INFO - Started process (PID=284) to work on /opt/airflow/dags/setup_pagila_sakila.py
[2026-08-19T13:49:51.105+0000] {processor.py:830} INFO - Processing file /opt/airflow/dags/setup_pagila_sakila.py for tasks to queue
[2026-08-19T13:49:51.107+0000] {logging_mixin.py:188} INFO - [2026-08-19T13:49:51.106+0000] {dagbag.py:538} INFO - Filling up the DagBag from /opt/airflow/dags/setup_pagila_sakila.py
[2026-08-19T13:49:51.125+0000] {processor.py:840} INFO - DAG(s) 'setup_pagila_sakila' retrieved from /opt/airflow/dags/setup_pagila_sakila.py
[2026-08-19T13:49:51.155+0000] {logging_mixin.py:188} INFO - [2026-08-19T13:49:51.155+0000] {dag.py:3036} INFO - Sync 1 DAGs
[2026-08-19T13:49:51.169+0000] {logging_mixin.py:188} INFO - [2026-08-19T13:49:51.169+0000] {dag.py:3823} INFO - Setting next_dagrun for setup_pagila_sakila to None, run_after=None
[2026-08-19T13:49:51.187+0000] {processor.py:183} INFO - Processing /opt/airflow/dags/setup_pagila_sakila.py took 0.086 seconds
[2026-08-19T13:50:21.290+0000] {processor.py:161} INFO - Started process (PID=289) to work on /opt/airflow/dags/setup_pagila_sakila.py
[2026-08-19T13:50:21.291+0000] {processor.py:830} INFO - Processing file /opt/airflow/dags/setup_pagila_sakila.py for tasks to queue
[2026-08-19T13:50:21.292+0000] {logging_mixin.py:188} INFO - [2026-08-19T13:50:21.292+0000] {dagbag.py:538} INFO - Filling up the DagBag from /opt/airflow/dags/setup_pagila_sakila.py
[2026-08-19T13:50:21.317+0000] {processor.py:840} INFO - DAG(s) 'setup_pagila_sakila' retrieved from /opt/airflow/dags/setup_pagila_sakila.py
[2026-08-19T13:50:21.351+0000] {logging_mixin.py:188} INFO - [2026-08-19T13:50:21.350+0000] {dag.py:3036} INFO - Sync 1 DAGs
[2026-08-19T13:50:21.366+0000] {logging_mixin.py:188} INFO - [2026-08-19T13:50:21.365+0000] {dag.py:3823} INFO - Setting next_dagrun for setup_pagila_sakila to None, run_after=None
[2026-08-19T13:50:21.386+0000] {processor.py:183} INFO - Processing /opt/airflow/dags/setup_pagila_sakila.py took 0.102 seconds
[2026-08-19T13:50:51.503+0000] {processor.py:161} INFO - Started process (PID=294) to work on /opt/airflow/dags/setup_pagila_sakila.py
[2026-08-19T13:50:51.504+0000] {processor.py:830} INFO - Processing file /opt/airflow/dags/setup_pagila_sakila.py for tasks to queue
[2026-08-19T13:50:51.505+0000] {logging_mixin.py:188} INFO - [2026-08-19T13:50:51.505+0000] {dagbag.py:538} INFO - Filling up the DagBag from /opt/airflow/dags/setup_pagila_sakila.py
[2026-08-19T13:50:51.531+0000] {processor.py:840} INFO - DAG(s) 'setup_pagila_sakila' retrieved from /opt/airflow/dags/setup_pagila_sakila.py
[2026-08-19T13:50:51.566+0000] {logging_mixin.py:188} INFO - [2026-08-19T13:50:51.566+0000] {dag.py:3036} INFO - Sync 1 DAGs
[2026-08-19T13:50:51.602+0000] {logging_mixin.py:188} INFO - [2026-08-19T13:50:51.602+0000] {dag.py:3823} INFO - Setting next_dagrun for setup_pagila_sakila to None, run_after=None
[2026-08-19T13:50:51.625+0000] {processor.py:183} INFO - Processing /opt/airflow/dags/setup_pagila_sakila.py took 0.127 seconds
[2026-08-19T13:51:21.718+0000] {processor.py:161} INFO - Started process (PID=305) to work on /opt/airflow/dags/setup_pagila_sakila.py
[2026-08-19T13:51:21.719+0000] {processor.py:830} INFO - Processing file /opt/airflow/dags/setup_pagila_sakila.py for tasks to queue
[2026-08-19T13:51:21.720+0000] {logging_mixin.py:188} INFO - [2026-08-19T13:51:21.720+0000] {dagbag.py:538} INFO - Filling up the DagBag from /opt/airflow/dags/setup_pagila_sakila.py
[2026-08-19T13:51:21.739+0000] {processor.py:840} INFO - DAG(s) 'setup_pagila_sakila' retrieved from /opt/airflow/dags/setup_pagila_sakila.py
[2026-08-19T13:51:21.769+0000] {logging_mixin.py:188} INFO - [2026-08-19T13:51:21.768+0000] {dag.py:3036} INFO - Sync 1 DAGs
[2026-08-19T13:51:21.783+0000] {logging_mixin.py:188} INFO - [2026-08-19T13:51:21.783+0000] {dag.py:3823} INFO - Setting next_dagrun for setup_pagila_sakila to None, run_after=None
[2026-08-19T13:51:21.803+0000] {processor.py:183} INFO - Processing /opt/airflow/dags/setup_pagila_sakila.py took 0.089 seconds
[2026-08-19T13:51:51.946+0000] {processor.py:161} INFO - Started process (PID=310) to work on /opt/airflow/dags/setup_pagila_sakila.py
[2026-08-19T13:51:51.948+0000] {processor.py:830} INFO - Processing file /opt/airflow/dags/setup_pagila_sakila.py for tasks to queue
[2026-08-19T13:51:51.949+0000] {logging_mixin.py:188} INFO - [2026-08-19T13:51:51.949+0000] {dagbag.py:538} INFO - Filling up the DagBag from /opt/airflow/dags/setup_pagila_sakila.py
[2026-08-19T13:51:51.964+0000] {processor.py:840} INFO - DAG(s) 'setup_pagila_sakila' retrieved from /opt/airflow/dags/setup_pagila_sakila.py
[2026-08-19T13:51:51.992+0000] {logging_mixin.py:188} INFO - [2026-08-19T13:51:51.992+0000] {dag.py:3036} INFO - Sync 1 DAGs
[2026-08-19T13:51:52.005+0000] {logging_mixin.py:188} INFO - [2026-08-19T13:51:52.005+0000] {dag.py:3823} INFO - Setting next_dagrun for setup_pagila_sakila to None, run_after=None
[2026-08-19T13:51:52.024+0000] {processor.py:183} INFO - Processing /opt/airflow/dags/setup_pagila_sakila.py took 0.081 seconds
[2026-08-19T13:52:22.118+0000] {processor.py:161} INFO - Started process (PID=315) to work on /opt/airflow/dags/setup_pagila_sakila.py
[2026-08-19T13:52:22.121+0000] {processor.py:830} INFO - Processing file /opt/airflow/dags/setup_pagila_sakila.py for tasks to queue
[2026-08-19T13:52:22.123+0000] {logging_mixin.py:188} INFO - [2026-08-19T13:52:22.122+0000] {dagbag.py:538} INFO - Filling up the DagBag from /opt/airflow/dags/setup_pagila_sakila.py
[2026-08-19T13:52:22.148+0000] {processor.py:840} INFO - DAG(s) 'setup_pagila_sakila' retrieved from /opt/airflow/dags/setup_pagila_sakila.py
[2026-08-19T13:52:22.201+0000] {logging_mixin.py:188} INFO - [2026-08-19T13:52:22.200+0000] {dag.py:3036} INFO - Sync 1 DAGs
[2026-08-19T13:52:22.220+0000] {logging_mixin.py:188} INFO - [2026-08-19T13:52:22.219+0000] {dag.py:3823} INFO - Setting next_dagrun for setup_pagila_sakila to None, run_after=None
[2026-08-19T13:52:22.246+0000] {processor.py:183} INFO - Processing /opt/airflow/dags/setup_pagila_sakila.py took 0.132 seconds
[2026-08-19T13:52:52.299+0000] {processor.py:161} INFO - Started process (PID=320) to work on /opt/airflow/dags/setup_pagila_sakila.py
[2026-08-19T13:52:52.300+0000] {processor.py:830} INFO - Processing file /opt/airflow/dags/setup_pagila_sakila.py for tasks to queue
[2026-08-19T13:52:52.301+0000] {logging_mixin.py:188} INFO - [2026-08-19T13:52:52.301+0000] {dagbag.py:538} INFO - Filling up the DagBag from /opt/airflow/dags/setup_pagila_sakila.py
[2026-08-19T13:52:52.317+0000] {processor.py:840} INFO - DAG(s) 'setup_pagila_sakila' retrieved from /opt/airflow/dags/setup_pagila_sakila.py
[2026-08-19T13:52:52.348+0000] {logging_mixin.py:188} INFO - [2026-08-19T13:52:52.347+0000] {dag.py:3036} INFO - Sync 1 DAGs
[2026-08-19T13:52:52.363+0000] {logging_mixin.py:188} INFO - [2026-08-19T13:52:52.362+0000] {dag.py:3823} INFO - Setting next_dagrun for setup_pagila_sakila to None, run_after=None
[2026-08-19T13:52:52.391+0000] {processor.py:183} INFO - Processing /opt/airflow/dags/setup_pagila_sakila.py took 0.095 seconds
[2026-08-19T13:53:22.530+0000] {processor.py:161} INFO - Started process (PID=325) to work on /opt/airflow/dags/setup_pagila_sakila.py
[2026-08-19T13:53:22.531+0000] {processor.py:830} INFO - Processing file /opt/airflow/dags/setup_pagila_sakila.py for tasks to queue
[2026-08-19T13:53:22.533+0000] {logging_mixin.py:188} INFO - [2026-08-19T13:53:22.533+0000] {dagbag.py:538} INFO - Filling up the DagBag from /opt/airflow/dags/setup_pagila_sakila.py
[2026-08-19T13:53:22.557+0000] {processor.py:840} INFO - DAG(s) 'setup_pagila_sakila' retrieved from /opt/airflow/dags/setup_pagila_sakila.py
[2026-08-19T13:53:22.594+0000] {logging_mixin.py:188} INFO - [2026-08-19T13:53:22.594+0000] {dag.py:3036} INFO - Sync 1 DAGs
[2026-08-19T13:53:22.611+0000] {logging_mixin.py:188} INFO - [2026-08-19T13:53:22.611+0000] {dag.py:3823} INFO - Setting next_dagrun for setup_pagila_sakila to None, run_after=None
[2026-08-19T13:53:22.636+0000] {processor.py:183} INFO - Processing /opt/airflow/dags/setup_pagila_sakila.py took 0.110 seconds
[2026-08-19T13:53:52.688+0000] {processor.py:161} INFO - Started process (PID=330) to work on /opt/airflow/dags/setup_pagila_sakila.py
[2026-08-19T13:53:52.690+0000] {processor.py:830} INFO - Processing file /opt/airflow/dags/setup_pagila_sakila.py for tasks to queue
[2026-08-19T13:53:52.692+0000] {logging_mixin.py:188} INFO - [2026-08-19T13:53:52.691+0000] {dagbag.py:538} INFO - Filling up the DagBag from /opt/airflow/dags/setup_pagila_sakila.py
[2026-08-19T13:53:52.717+0000] {processor.py:840} INFO - DAG(s) 'setup_pagila_sakila' retrieved from /opt/airflow/dags/setup_pagila_sakila.py
[2026-08-19T13:53:52.760+0000] {logging_mixin.py:188} INFO - [2026-08-19T13:53:52.760+0000] {dag.py:3036} INFO - Sync 1 DAGs
[2026-08-19T13:53:52.780+0000] {logging_mixin.py:188} INFO - [2026-08-19T13:53:52.780+0000] {dag.py:3823} INFO - Setting next_dagrun for setup_pagila_sakila to None, run_after=None
[2026-08-19T13:53:52.808+0000] {processor.py:183} INFO - Processing /opt/airflow/dags/setup_pagila_sakila.py took 0.125 seconds
[2026-08-19T13:54:22.922+0000] {processor.py:161} INFO - Started process (PID=341) to work on /opt/airflow/dags/setup_pagila_sakila.py
[2026-08-19T13:54:22.924+0000] {processor.py:830} INFO - Processing file /opt/airflow/dags/setup_pagila_sakila.py for tasks to queue
[2026-08-19T13:54:22.925+0000] {logging_mixin.py:188} INFO - [2026-08-19T13:54:22.925+0000] {dagbag.py:538} INFO - Filling up the DagBag from /opt/airflow/dags/setup_pagila_sakila.py
[2026-08-19T13:54:22.942+0000] {processor.py:840} INFO - DAG(s) 'setup_pagila_sakila' retrieved from /opt/airflow/dags/setup_pagila_sakila.py
[2026-08-19T13:54:23.053+0000] {logging_mixin.py:188} INFO - [2026-08-19T13:54:23.052+0000] {dag.py:3036} INFO - Sync 1 DAGs
[2026-08-19T13:54:23.065+0000] {logging_mixin.py:188} INFO - [2026-08-19T13:54:23.064+0000] {dag.py:3823} INFO - Setting next_dagrun for setup_pagila_sakila to None, run_after=None
[2026-08-19T13:54:23.085+0000] {processor.py:183} INFO - Processing /opt/airflow/dags/setup_pagila_sakila.py took 0.166 seconds
[2026-08-19T13:54:53.163+0000] {processor.py:161} INFO - Started process (PID=350) to work on /opt/airflow/dags/setup_pagila_sakila.py
[2026-08-19T13:54:53.165+0000] {processor.py:830} INFO - Processing file /opt/airflow/dags/setup_pagila_sakila.py for tasks to queue
[2026-08-19T13:54:53.166+0000] {logging_mixin.py:188} INFO - [2026-08-19T13:54:53.166+0000] {dagbag.py:538} INFO - Filling up the DagBag from /opt/airflow/dags/setup_pagila_sakila.py
[2026-08-19T13:54:53.192+0000] {processor.py:840} INFO - DAG(s) 'setup_pagila_sakila' retrieved from /opt/airflow/dags/setup_pagila_sakila.py
[2026-08-19T13:54:53.218+0000] {logging_mixin.py:188} INFO - [2026-08-19T13:54:53.218+0000] {dag.py:3036} INFO - Sync 1 DAGs
[2026-08-19T13:54:53.231+0000] {logging_mixin.py:188} INFO - [2026-08-19T13:54:53.231+0000] {dag.py:3823} INFO - Setting next_dagrun for setup_pagila_sakila to None, run_after=None
[2026-08-19T13:54:53.249+0000] {processor.py:183} INFO - Processing /opt/airflow/dags/setup_pagila_sakila.py took 0.100 seconds
[2026-08-19T13:55:23.401+0000] {processor.py:161} INFO - Started process (PID=355) to work on /opt/airflow/dags/setup_pagila_sakila.py
[2026-08-19T13:55:23.402+0000] {processor.py:830} INFO - Processing file /opt/airflow/dags/setup_pagila_sakila.py for tasks to queue
[2026-08-19T13:55:23.403+0000] {logging_mixin.py:188} INFO - [2026-08-19T13:55:23.403+0000] {dagbag.py:538} INFO - Filling up the DagBag from /opt/airflow/dags/setup_pagila_sakila.py
[2026-08-19T13:55:23.419+0000] {processor.py:840} INFO - DAG(s) 'setup_pagila_sakila' retrieved from /opt/airflow/dags/setup_pagila_sakila.py
[2026-08-19T13:55:23.474+0000] {logging_mixin.py:188} INFO - [2026-08-19T13:55:23.474+0000] {dag.py:3036} INFO - Sync 1 DAGs
[2026-08-19T13:55:23.504+0000] {logging_mixin.py:188} INFO - [2026-08-19T13:55:23.504+0000] {dag.py:3823} INFO - Setting next_dagrun for setup_pagila_sakila to None, run_after=None
[2026-08-19T13:55:23.524+0000] {processor.py:183} INFO - Processing /opt/airflow/dags/setup_pagila_sakila.py took 0.125 seconds
[2026-08-19T13:55:53.658+0000] {processor.py:161} INFO - Started process (PID=360) to work on /opt/airflow/dags/setup_pagila_sakila.py
[2026-08-19T13:55:53.660+0000] {processor.py:830} INFO - Processing file /opt/airflow/dags/setup_pagila_sakila.py for tasks to queue
[2026-08-19T13:55:53.661+0000] {logging_mixin.py:188} INFO - [2026-08-19T13:55:53.661+0000] {dagbag.py:538} INFO - Filling up the DagBag from /opt/airflow/dags/setup_pagila_sakila.py
[2026-08-19T13:55:53.677+0000] {processor.py:840} INFO - DAG(s) 'setup_pagila_sakila' retrieved from /opt/airflow/dags/setup_pagila_sakila.py
[2026-08-19T13:55:53.705+0000] {logging_mixin.py:188} INFO - [2026-08-19T13:55:53.705+0000] {dag.py:3036} INFO - Sync 1 DAGs
[2026-08-19T13:55:53.718+0000] {logging_mixin.py:188} INFO - [2026-08-19T13:55:53.718+0000] {dag.py:3823} INFO - Setting next_dagrun for setup_pagila_sakila to None, run_after=None
[2026-08-19T13:55:53.735+0000] {processor.py:183} INFO - Processing /opt/airflow/dags/setup_pagila_sakila.py took 0.081 seconds
[2026-08-19T13:56:23.830+0000] {processor.py:161} INFO - Started process (PID=365) to work on /opt/airflow/dags/setup_pagila_sakila.py
[2026-08-19T13:56:23.831+0000] {processor.py:830} INFO - Processing file /opt/airflow/dags/setup_pagila_sakila.py for tasks to queue
[2026-08-19T13:56:23.833+0000] {logging_mixin.py:188} INFO - [2026-08-19T13:56:23.832+0000] {dagbag.py:538} INFO - Filling up the DagBag from /opt/airflow/dags/setup_pagila_sakila.py
[2026-08-19T13:56:23.851+0000] {processor.py:840} INFO - DAG(s) 'setup_pagila_sakila' retrieved from /opt/airflow/dags/setup_pagila_sakila.py
[2026-08-19T13:56:23.906+0000] {logging_mixin.py:188} INFO - [2026-08-19T13:56:23.906+0000] {dag.py:3036} INFO - Sync 1 DAGs
[2026-08-19T13:56:23.925+0000] {logging_mixin.py:188} INFO - [2026-08-19T13:56:23.925+0000] {dag.py:3823} INFO - Setting next_dagrun for setup_pagila_sakila to None, run_after=None
[2026-08-19T13:56:23.944+0000] {processor.py:183} INFO - Processing /opt/airflow/dags/setup_pagila_sakila.py took 0.118 seconds
[2026-08-19T13:56:54.063+0000] {processor.py:161} INFO - Started process (PID=370) to work on /opt/airflow/dags/setup_pagila_sakila.py
[2026-08-19T13:56:54.065+0000] {processor.py:830} INFO - Processing file /opt/airflow/dags/setup_pagila_sakila.py for tasks to queue
[2026-08-19T13:56:54.067+0000] {logging_mixin.py:188} INFO - [2026-08-19T13:56:54.067+0000] {dagbag.py:538} INFO - Filling up the DagBag from /opt/airflow/dags/setup_pagila_sakila.py
[2026-08-19T13:56:54.099+0000] {processor.py:840} INFO - DAG(s) 'setup_pagila_sakila' retrieved from /opt/airflow/dags/setup_pagila_sakila.py
[2026-08-19T13:56:54.151+0000] {logging_mixin.py:188} INFO - [2026-08-19T13:56:54.151+0000] {dag.py:3036} INFO - Sync 1 DAGs
[2026-08-19T13:56:54.170+0000] {logging_mixin.py:188} INFO - [2026-08-19T13:56:54.170+0000] {dag.py:3823} INFO - Setting next_dagrun for setup_pagila_sakila to None, run_after=None
[2026-08-19T13:56:54.195+0000] {processor.py:183} INFO - Processing /opt/airflow/dags/setup_pagila_sakila.py took 0.139 seconds
[2026-08-19T13:57:24.345+0000] {processor.py:161} INFO - Started process (PID=375) to work on /opt/airflow/dags/setup_pagila_sakila.py
[2026-08-19T13:57:24.347+0000] {processor.py:830} INFO - Processing file /opt/airflow/dags/setup_pagila_sakila.py for tasks to queue
[2026-08-19T13:57:24.348+0000] {logging_mixin.py:188} INFO - [2026-08-19T13:57:24.348+0000] {dagbag.py:538} INFO - Filling up the DagBag from /opt/airflow/dags/setup_pagila_sakila.py
[2026-08-19T13:57:24.387+0000] {processor.py:840} INFO - DAG(s) 'setup_pagila_sakila' retrieved from /opt/airflow/dags/setup_pagila_sakila.py
[2026-08-19T13:57:24.498+0000] {logging_mixin.py:188} INFO - [2026-08-19T13:57:24.497+0000] {dag.py:3036} INFO - Sync 1 DAGs
[2026-08-19T13:57:24.520+0000] {logging_mixin.py:188} INFO - [2026-08-19T13:57:24.519+0000] {dag.py:3823} INFO - Setting next_dagrun for setup_pagila_sakila to None, run_after=None
[2026-08-19T13:57:24.540+0000] {processor.py:183} INFO - Processing /opt/airflow/dags/setup_pagila_sakila.py took 0.211 seconds
[2026-08-19T13:57:54.713+0000] {processor.py:161} INFO - Started process (PID=380) to work on /opt/airflow/dags/setup_pagila_sakila.py
[2026-08-19T13:57:54.723+0000] {processor.py:830} INFO - Processing file /opt/airflow/dags/setup_pagila_sakila.py for tasks to queue
[2026-08-19T13:57:54.725+0000] {logging_mixin.py:188} INFO - [2026-08-19T13:57:54.725+0000] {dagbag.py:538} INFO - Filling up the DagBag from /opt/airflow/dags/setup_pagila_sakila.py
[2026-08-19T13:57:54.767+0000] {processor.py:840} INFO - DAG(s) 'setup_pagila_sakila' retrieved from /opt/airflow/dags/setup_pagila_sakila.py
[2026-08-19T13:57:54.844+0000] {logging_mixin.py:188} INFO - [2026-08-19T13:57:54.844+0000] {dag.py:3036} INFO - Sync 1 DAGs
[2026-08-19T13:57:54.861+0000] {logging_mixin.py:188} INFO - [2026-08-19T13:57:54.861+0000] {dag.py:3823} INFO - Setting next_dagrun for setup_pagila_sakila to None, run_after=None
[2026-08-19T13:57:54.880+0000] {processor.py:183} INFO - Processing /opt/airflow/dags/setup_pagila_sakila.py took 0.199 seconds
[2026-08-19T13:58:25.061+0000] {processor.py:161} INFO - Started process (PID=385) to work on /opt/airflow/dags/setup_pagila_sakila.py
[2026-08-19T13:58:25.071+0000] {processor.py:830} INFO - Processing file /opt/airflow/dags/setup_pagila_sakila.py for tasks to queue
[2026-08-19T13:58:25.074+0000] {logging_mixin.py:188} INFO - [2026-08-19T13:58:25.074+0000] {dagbag.py:538} INFO - Filling up the DagBag from /opt/airflow/dags/setup_pagila_sakila.py
[2026-08-19T13:58:25.129+0000] {processor.py:840} INFO - DAG(s) 'setup_pagila_sakila' retrieved from /opt/airflow/dags/setup_pagila_sakila.py
[2026-08-19T13:58:25.189+0000] {logging_mixin.py:188} INFO - [2026-08-19T13:58:25.188+0000] {dag.py:3036} INFO - Sync 1 DAGs
[2026-08-19T13:58:25.237+0000] {logging_mixin.py:188} INFO - [2026-08-19T13:58:25.237+0000] {dag.py:3823} INFO - Setting next_dagrun for setup_pagila_sakila to None, run_after=None
[2026-08-19T13:58:25.284+0000] {processor.py:183} INFO - Processing /opt/airflow/dags/setup_pagila_sakila.py took 0.253 seconds
[2026-08-19T13:58:55.465+0000] {processor.py:161} INFO - Started process (PID=392) to work on /opt/airflow/dags/setup_pagila_sakila.py
[2026-08-19T13:58:55.467+0000] {processor.py:830} INFO - Processing file /opt/airflow/dags/setup_pagila_sakila.py for tasks to queue
[2026-08-19T13:58:55.468+0000] {logging_mixin.py:188} INFO - [2026-08-19T13:58:55.468+0000] {dagbag.py:538} INFO - Filling up the DagBag from /opt/airflow/dags/setup_pagila_sakila.py
[2026-08-19T13:58:55.487+0000] {processor.py:840} INFO - DAG(s) 'setup_pagila_sakila' retrieved from /opt/airflow/dags/setup_pagila_sakila.py
[2026-08-19T13:58:55.520+0000] {logging_mixin.py:188} INFO - [2026-08-19T13:58:55.520+0000] {dag.py:3036} INFO - Sync 1 DAGs
[2026-08-19T13:58:55.537+0000] {logging_mixin.py:188} INFO - [2026-08-19T13:58:55.537+0000] {dag.py:3823} INFO - Setting next_dagrun for setup_pagila_sakila to None, run_after=None
[2026-08-19T13:58:55.557+0000] {processor.py:183} INFO - Processing /opt/airflow/dags/setup_pagila_sakila.py took 0.097 seconds
[2026-08-19T13:59:25.660+0000] {processor.py:161} INFO - Started process (PID=397) to work on /opt/airflow/dags/setup_pagila_sakila.py
[2026-08-19T13:59:25.663+0000] {processor.py:830} INFO - Processing file /opt/airflow/dags/setup_pagila_sakila.py for tasks to queue
[2026-08-19T13:59:25.668+0000] {logging_mixin.py:188} INFO - [2026-08-19T13:59:25.667+0000] {dagbag.py:538} INFO - Filling up the DagBag from /opt/airflow/dags/setup_pagila_sakila.py
[2026-08-19T13:59:25.735+0000] {processor.py:840} INFO - DAG(s) 'setup_pagila_sakila' retrieved from /opt/airflow/dags/setup_pagila_sakila.py
[2026-08-19T13:59:25.803+0000] {logging_mixin.py:188} INFO - [2026-08-19T13:59:25.802+0000] {dag.py:3036} INFO - Sync 1 DAGs
[2026-08-19T13:59:25.825+0000] {logging_mixin.py:188} INFO - [2026-08-19T13:59:25.825+0000] {dag.py:3823} INFO - Setting next_dagrun for setup_pagila_sakila to None, run_after=None
[2026-08-19T13:59:25.851+0000] {processor.py:183} INFO - Processing /opt/airflow/dags/setup_pagila_sakila.py took 0.208 seconds
[2026-08-19T13:59:56.003+0000] {processor.py:161} INFO - Started process (PID=402) to work on /opt/airflow/dags/setup_pagila_sakila.py
[2026-08-19T13:59:56.005+0000] {processor.py:830} INFO - Processing file /opt/airflow/dags/setup_pagila_sakila.py for tasks to queue
[2026-08-19T13:59:56.007+0000] {logging_mixin.py:188} INFO - [2026-08-19T13:59:56.007+0000] {dagbag.py:538} INFO - Filling up the DagBag from /opt/airflow/dags/setup_pagila_sakila.py
[2026-08-19T13:59:56.045+0000] {processor.py:840} INFO - DAG(s) 'setup_pagila_sakila' retrieved from /opt/airflow/dags/setup_pagila_sakila.py
[2026-08-19T13:59:56.107+0000] {logging_mixin.py:188} INFO - [2026-08-19T13:59:56.107+0000] {dag.py:3036} INFO - Sync 1 DAGs
[2026-08-19T13:59:56.135+0000] {logging_mixin.py:188} INFO - [2026-08-19T13:59:56.134+0000] {dag.py:3823} INFO - Setting next_dagrun for setup_pagila_sakila to None, run_after=None
[2026-08-19T13:59:56.157+0000] {processor.py:183} INFO - Processing /opt/airflow/dags/setup_pagila_sakila.py took 0.161 seconds
[2026-08-19T14:00:26.312+0000] {processor.py:161} INFO - Started process (PID=407) to work on /opt/airflow/dags/setup_pagila_sakila.py
[2026-08-19T14:00:26.314+0000] {processor.py:830} INFO - Processing file /opt/airflow/dags/setup_pagila_sakila.py for tasks to queue
[2026-08-19T14:00:26.316+0000] {logging_mixin.py:188} INFO - [2026-08-19T14:00:26.315+0000] {dagbag.py:538} INFO - Filling up the DagBag from /opt/airflow/dags/setup_pagila_sakila.py
[2026-08-19T14:00:26.340+0000] {processor.py:840} INFO - DAG(s) 'setup_pagila_sakila' retrieved from /opt/airflow/dags/setup_pagila_sakila.py
[2026-08-19T14:00:26.397+0000] {logging_mixin.py:188} INFO - [2026-08-19T14:00:26.397+0000] {dag.py:3036} INFO - Sync 1 DAGs
[2026-08-19T14:00:26.416+0000] {logging_mixin.py:188} INFO - [2026-08-19T14:00:26.416+0000] {dag.py:3823} INFO - Setting next_dagrun for setup_pagila_sakila to None, run_after=None
[2026-08-19T14:00:26.443+0000] {processor.py:183} INFO - Processing /opt/airflow/dags/setup_pagila_sakila.py took 0.136 seconds
[2026-08-19T14:00:56.597+0000] {processor.py:161} INFO - Started process (PID=412) to work on /opt/airflow/dags/setup_pagila_sakila.py
[2026-08-19T14:00:56.607+0000] {processor.py:830} INFO - Processing file /opt/airflow/dags/setup_pagila_sakila.py for tasks to queue
[2026-08-19T14:00:56.610+0000] {logging_mixin.py:188} INFO - [2026-08-19T14:00:56.610+0000] {dagbag.py:538} INFO - Filling up the DagBag from /opt/airflow/dags/setup_pagila_sakila.py
[2026-08-19T14:00:56.657+0000] {processor.py:840} INFO - DAG(s) 'setup_pagila_sakila' retrieved from /opt/airflow/dags/setup_pagila_sakila.py
[2026-08-19T14:00:56.723+0000] {logging_mixin.py:188} INFO - [2026-08-19T14:00:56.723+0000] {dag.py:3036} INFO - Sync 1 DAGs
[2026-08-19T14:00:56.754+0000] {logging_mixin.py:188} INFO - [2026-08-19T14:00:56.754+0000] {dag.py:3823} INFO - Setting next_dagrun for setup_pagila_sakila to None, run_after=None
[2026-08-19T14:00:56.811+0000] {processor.py:183} INFO - Processing /opt/airflow/dags/setup_pagila_sakila.py took 0.224 seconds
[2026-08-19T14:01:26.980+0000] {processor.py:161} INFO - Started process (PID=417) to work on /opt/airflow/dags/setup_pagila_sakila.py
[2026-08-19T14:01:26.981+0000] {processor.py:830} INFO - Processing file /opt/airflow/dags/setup_pagila_sakila.py for tasks to queue
[2026-08-19T14:01:26.982+0000] {logging_mixin.py:188} INFO - [2026-08-19T14:01:26.982+0000] {dagbag.py:538} INFO - Filling up the DagBag from /opt/airflow/dags/setup_pagila_sakila.py
[2026-08-19T14:01:27.007+0000] {processor.py:840} INFO - DAG(s) 'setup_pagila_sakila' retrieved from /opt/airflow/dags/setup_pagila_sakila.py
[2026-08-19T14:01:27.108+0000] {logging_mixin.py:188} INFO - [2026-08-19T14:01:27.108+0000] {dag.py:3036} INFO - Sync 1 DAGs
[2026-08-19T14:01:27.144+0000] {logging_mixin.py:188} INFO - [2026-08-19T14:01:27.144+0000] {dag.py:3823} INFO - Setting next_dagrun for setup_pagila_sakila to None, run_after=None
[2026-08-19T14:01:27.185+0000] {processor.py:183} INFO - Processing /opt/airflow/dags/setup_pagila_sakila.py took 0.213 seconds
[2026-08-19T14:01:57.348+0000] {processor.py:161} INFO - Started process (PID=422) to work on /opt/airflow/dags/setup_pagila_sakila.py
[2026-08-19T14:01:57.350+0000] {processor.py:830} INFO - Processing file /opt/airflow/dags/setup_pagila_sakila.py for tasks to queue
[2026-08-19T14:01:57.352+0000] {logging_mixin.py:188} INFO - [2026-08-19T14:01:57.351+0000] {dagbag.py:538} INFO - Filling up the DagBag from /opt/airflow/dags/setup_pagila_sakila.py
[2026-08-19T14:01:57.377+0000] {processor.py:840} INFO - DAG(s) 'setup_pagila_sakila' retrieved from /opt/airflow/dags/setup_pagila_sakila.py
[2026-08-19T14:01:57.470+0000] {logging_mixin.py:188} INFO - [2026-08-19T14:01:57.469+0000] {dag.py:3036} INFO - Sync 1 DAGs
[2026-08-19T14:01:57.491+0000] {logging_mixin.py:188} INFO - [2026-08-19T14:01:57.491+0000] {dag.py:3823} INFO - Setting next_dagrun for setup_pagila_sakila to None, run_after=None
[2026-08-19T14:01:57.510+0000] {processor.py:183} INFO - Processing /opt/airflow/dags/setup_pagila_sakila.py took 0.166 seconds
[2026-08-19T14:02:27.695+0000] {processor.py:161} INFO - Started process (PID=427) to work on /opt/airflow/dags/setup_pagila_sakila.py
[2026-08-19T14:02:27.698+0000] {processor.py:830} INFO - Processing file /opt/airflow/dags/setup_pagila_sakila.py for tasks to queue
[2026-08-19T14:02:27.699+0000] {logging_mixin.py:188} INFO - [2026-08-19T14:02:27.699+0000] {dagbag.py:538} INFO - Filling up the DagBag from /opt/airflow/dags/setup_pagila_sakila.py
[2026-08-19T14:02:27.735+0000] {processor.py:840} INFO - DAG(s) 'setup_pagila_sakila' retrieved from /opt/airflow/dags/setup_pagila_sakila.py
[2026-08-19T14:02:27.760+0000] {logging_mixin.py:188} INFO - [2026-08-19T14:02:27.760+0000] {dag.py:3036} INFO - Sync 1 DAGs
[2026-08-19T14:02:27.778+0000] {logging_mixin.py:188} INFO - [2026-08-19T14:02:27.777+0000] {dag.py:3823} INFO - Setting next_dagrun for setup_pagila_sakila to None, run_after=None
[2026-08-19T14:02:27.803+0000] {processor.py:183} INFO - Processing /opt/airflow/dags/setup_pagila_sakila.py took 0.126 seconds
[2026-08-19T14:02:57.883+0000] {processor.py:161} INFO - Started process (PID=432) to work on /opt/airflow/dags/setup_pagila_sakila.py
[2026-08-19T14:02:57.885+0000] {processor.py:830} INFO - Processing file /opt/airflow/dags/setup_pagila_sakila.py for tasks to queue
[2026-08-19T14:02:57.886+0000] {logging_mixin.py:188} INFO - [2026-08-19T14:02:57.886+0000] {dagbag.py:538} INFO - Filling up the DagBag from /opt/airflow/dags/setup_pagila_sakila.py
[2026-08-19T14:02:57.905+0000] {processor.py:840} INFO - DAG(s) 'setup_pagila_sakila' retrieved from /opt/airflow/dags/setup_pagila_sakila.py
[2026-08-19T14:02:57.936+0000] {logging_mixin.py:188} INFO - [2026-08-19T14:02:57.936+0000] {dag.py:3036} INFO - Sync 1 DAGs
[2026-08-19T14:02:57.958+0000] {logging_mixin.py:188} INFO - [2026-08-19T14:02:57.958+0000] {dag.py:3823} INFO - Setting next_dagrun for setup_pagila_sakila to None, run_after=None
[2026-08-19T14:02:57.985+0000] {processor.py:183} INFO - Processing /opt/airflow/dags/setup_pagila_sakila.py took 0.106 seconds
[2026-08-19T14:03:28.137+0000] {processor.py:161} INFO - Started process (PID=443) to work on /opt/airflow/dags/setup_pagila_sakila.py
[2026-08-19T14:03:28.138+0000] {processor.py:830} INFO - Processing file /opt/airflow/dags/setup_pagila_sakila.py for tasks to queue
[2026-08-19T14:03:28.140+0000] {logging_mixin.py:188} INFO - [2026-08-19T14:03:28.140+0000] {dagbag.py:538} INFO - Filling up the DagBag from /opt/airflow/dags/setup_pagila_sakila.py
[2026-08-19T14:03:28.169+0000] {processor.py:840} INFO - DAG(s) 'setup_pagila_sakila' retrieved from /opt/airflow/dags/setup_pagila_sakila.py
[2026-08-19T14:03:28.228+0000] {logging_mixin.py:188} INFO - [2026-08-19T14:03:28.228+0000] {dag.py:3036} INFO - Sync 1 DAGs
[2026-08-19T14:03:28.267+0000] {logging_mixin.py:188} INFO - [2026-08-19T14:03:28.267+0000] {dag.py:3823} INFO - Setting next_dagrun for setup_pagila_sakila to None, run_after=None
[2026-08-19T14:03:28.299+0000] {processor.py:183} INFO - Processing /opt/airflow/dags/setup_pagila_sakila.py took 0.167 seconds
[2026-08-19T14:03:58.486+0000] {processor.py:161} INFO - Started process (PID=450) to work on /opt/airflow/dags/setup_pagila_sakila.py
[2026-08-19T14:03:58.488+0000] {processor.py:830} INFO - Processing file /opt/airflow/dags/setup_pagila_sakila.py for tasks to queue
[2026-08-19T14:03:58.489+0000] {logging_mixin.py:188} INFO - [2026-08-19T14:03:58.489+0000] {dagbag.py:538} INFO - Filling up the DagBag from /opt/airflow/dags/setup_pagila_sakila.py
[2026-08-19T14:03:58.521+0000] {processor.py:840} INFO - DAG(s) 'setup_pagila_sakila' retrieved from /opt/airflow/dags/setup_pagila_sakila.py
[2026-08-19T14:03:58.551+0000] {logging_mixin.py:188} INFO - [2026-08-19T14:03:58.551+0000] {dag.py:3036} INFO - Sync 1 DAGs
[2026-08-19T14:03:58.565+0000] {logging_mixin.py:188} INFO - [2026-08-19T14:03:58.565+0000] {dag.py:3823} INFO - Setting next_dagrun for setup_pagila_sakila to None, run_after=None
[2026-08-19T14:03:58.586+0000] {processor.py:183} INFO - Processing /opt/airflow/dags/setup_pagila_sakila.py took 0.104 seconds
[2026-08-19T14:04:28.648+0000] {processor.py:161} INFO - Started process (PID=455) to work on /opt/airflow/dags/setup_pagila_sakila.py
[2026-08-19T14:04:28.652+0000] {processor.py:830} INFO - Processing file /opt/airflow/dags/setup_pagila_sakila.py for tasks to queue
[2026-08-19T14:04:28.656+0000] {logging_mixin.py:188} INFO - [2026-08-19T14:04:28.655+0000] {dagbag.py:538} INFO - Filling up the DagBag from /opt/airflow/dags/setup_pagila_sakila.py
[2026-08-19T14:04:28.691+0000] {processor.py:840} INFO - DAG(s) 'setup_pagila_sakila' retrieved from /opt/airflow/dags/setup_pagila_sakila.py
[2026-08-19T14:04:28.772+0000] {logging_mixin.py:188} INFO - [2026-08-19T14:04:28.772+0000] {dag.py:3036} INFO - Sync 1 DAGs
[2026-08-19T14:04:28.806+0000] {logging_mixin.py:188} INFO - [2026-08-19T14:04:28.806+0000] {dag.py:3823} INFO - Setting next_dagrun for setup_pagila_sakila to None, run_after=None
[2026-08-19T14:04:28.839+0000] {processor.py:183} INFO - Processing /opt/airflow/dags/setup_pagila_sakila.py took 0.210 seconds
[2026-08-19T14:04:58.885+0000] {processor.py:161} INFO - Started process (PID=460) to work on /opt/airflow/dags/setup_pagila_sakila.py
[2026-08-19T14:04:58.886+0000] {processor.py:830} INFO - Processing file /opt/airflow/dags/setup_pagila_sakila.py for tasks to queue
[2026-08-19T14:04:58.888+0000] {logging_mixin.py:188} INFO - [2026-08-19T14:04:58.887+0000] {dagbag.py:538} INFO - Filling up the DagBag from /opt/airflow/dags/setup_pagila_sakila.py
[2026-08-19T14:04:58.948+0000] {processor.py:840} INFO - DAG(s) 'setup_pagila_sakila' retrieved from /opt/airflow/dags/setup_pagila_sakila.py
[2026-08-19T14:04:59.030+0000] {logging_mixin.py:188} INFO - [2026-08-19T14:04:59.029+0000] {dag.py:3036} INFO - Sync 1 DAGs
[2026-08-19T14:04:59.057+0000] {logging_mixin.py:188} INFO - [2026-08-19T14:04:59.056+0000] {dag.py:3823} INFO - Setting next_dagrun for setup_pagila_sakila to None, run_after=None
[2026-08-19T14:04:59.088+0000] {processor.py:183} INFO - Processing /opt/airflow/dags/setup_pagila_sakila.py took 0.206 seconds
[2026-08-19T14:05:29.157+0000] {processor.py:161} INFO - Started process (PID=465) to work on /opt/airflow/dags/setup_pagila_sakila.py
[2026-08-19T14:05:29.158+0000] {processor.py:830} INFO - Processing file /opt/airflow/dags/setup_pagila_sakila.py for tasks to queue
[2026-08-19T14:05:29.160+0000] {logging_mixin.py:188} INFO - [2026-08-19T14:05:29.159+0000] {dagbag.py:538} INFO - Filling up the DagBag from /opt/airflow/dags/setup_pagila_sakila.py
[2026-08-19T14:05:29.197+0000] {processor.py:840} INFO - DAG(s) 'setup_pagila_sakila' retrieved from /opt/airflow/dags/setup_pagila_sakila.py
[2026-08-19T14:05:29.260+0000] {logging_mixin.py:188} INFO - [2026-08-19T14:05:29.260+0000] {dag.py:3036} INFO - Sync 1 DAGs
[2026-08-19T14:05:29.288+0000] {logging_mixin.py:188} INFO - [2026-08-19T14:05:29.287+0000] {dag.py:3823} INFO - Setting next_dagrun for setup_pagila_sakila to None, run_after=None
[2026-08-19T14:05:29.312+0000] {processor.py:183} INFO - Processing /opt/airflow/dags/setup_pagila_sakila.py took 0.167 seconds
[2026-08-19T14:05:59.403+0000] {processor.py:161} INFO - Started process (PID=470) to work on /opt/airflow/dags/setup_pagila_sakila.py
[2026-08-19T14:05:59.404+0000] {processor.py:830} INFO - Processing file /opt/airflow/dags/setup_pagila_sakila.py for tasks to queue
[2026-08-19T14:05:59.406+0000] {logging_mixin.py:188} INFO - [2026-08-19T14:05:59.405+0000] {dagbag.py:538} INFO - Filling up the DagBag from /opt/airflow/dags/setup_pagila_sakila.py
[2026-08-19T14:05:59.451+0000] {processor.py:840} INFO - DAG(s) 'setup_pagila_sakila' retrieved from /opt/airflow/dags/setup_pagila_sakila.py
[2026-08-19T14:05:59.525+0000] {logging_mixin.py:188} INFO - [2026-08-19T14:05:59.525+0000] {dag.py:3036} INFO - Sync 1 DAGs
[2026-08-19T14:05:59.567+0000] {logging_mixin.py:188} INFO - [2026-08-19T14:05:59.567+0000] {dag.py:3823} INFO - Setting next_dagrun for setup_pagila_sakila to None, run_after=None
[2026-08-19T14:05:59.598+0000] {processor.py:183} INFO - Processing /opt/airflow/dags/setup_pagila_sakila.py took 0.199 seconds
[2026-08-19T14:06:29.747+0000] {processor.py:161} INFO - Started process (PID=475) to work on /opt/airflow/dags/setup_pagila_sakila.py
[2026-08-19T14:06:29.748+0000] {processor.py:830} INFO - Processing file /opt/airflow/dags/setup_pagila_sakila.py for tasks to queue
[2026-08-19T14:06:29.749+0000] {logging_mixin.py:188} INFO - [2026-08-19T14:06:29.749+0000] {dagbag.py:538} INFO - Filling up the DagBag from /opt/airflow/dags/setup_pagila_sakila.py
[2026-08-19T14:06:29.771+0000] {processor.py:840} INFO - DAG(s) 'setup_pagila_sakila' retrieved from /opt/airflow/dags/setup_pagila_sakila.py
[2026-08-19T14:06:29.805+0000] {logging_mixin.py:188} INFO - [2026-08-19T14:06:29.804+0000] {dag.py:3036} INFO - Sync 1 DAGs
[2026-08-19T14:06:29.822+0000] {logging_mixin.py:188} INFO - [2026-08-19T14:06:29.821+0000] {dag.py:3823} INFO - Setting next_dagrun for setup_pagila_sakila to None, run_after=None
[2026-08-19T14:06:29.844+0000] {processor.py:183} INFO - Processing /opt/airflow/dags/setup_pagila_sakila.py took 0.100 seconds
[2026-08-19T14:06:59.915+0000] {processor.py:161} INFO - Started process (PID=480) to work on /opt/airflow/dags/setup_pagila_sakila.py
[2026-08-19T14:06:59.916+0000] {processor.py:830} INFO - Processing file /opt/airflow/dags/setup_pagila_sakila.py for tasks to queue
[2026-08-19T14:06:59.917+0000] {logging_mixin.py:188} INFO - [2026-08-19T14:06:59.917+0000] {dagbag.py:538} INFO - Filling up the DagBag from /opt/airflow/dags/setup_pagila_sakila.py
[2026-08-19T14:06:59.937+0000] {processor.py:840} INFO - DAG(s) 'setup_pagila_sakila' retrieved from /opt/airflow/dags/setup_pagila_sakila.py
[2026-08-19T14:06:59.965+0000] {logging_mixin.py:188} INFO - [2026-08-19T14:06:59.965+0000] {dag.py:3036} INFO - Sync 1 DAGs
[2026-08-19T14:06:59.988+0000] {logging_mixin.py:188} INFO - [2026-08-19T14:06:59.988+0000] {dag.py:3823} INFO - Setting next_dagrun for setup_pagila_sakila to None, run_after=None
[2026-08-19T14:07:00.006+0000] {processor.py:183} INFO - Processing /opt/airflow/dags/setup_pagila_sakila.py took 0.094 seconds
[2026-08-19T14:07:30.157+0000] {processor.py:161} INFO - Started process (PID=485) to work on /opt/airflow/dags/setup_pagila_sakila.py
[2026-08-19T14:07:30.158+0000] {processor.py:830} INFO - Processing file /opt/airflow/dags/setup_pagila_sakila.py for tasks to queue
[2026-08-19T14:07:30.159+0000] {logging_mixin.py:188} INFO - [2026-08-19T14:07:30.159+0000] {dagbag.py:538} INFO - Filling up the DagBag from /opt/airflow/dags/setup_pagila_sakila.py
[2026-08-19T14:07:30.175+0000] {processor.py:840} INFO - DAG(s) 'setup_pagila_sakila' retrieved from /opt/airflow/dags/setup_pagila_sakila.py
[2026-08-19T14:07:30.203+0000] {logging_mixin.py:188} INFO - [2026-08-19T14:07:30.203+0000] {dag.py:3036} INFO - Sync 1 DAGs
[2026-08-19T14:07:30.217+0000] {logging_mixin.py:188} INFO - [2026-08-19T14:07:30.217+0000] {dag.py:3823} INFO - Setting next_dagrun for setup_pagila_sakila to None, run_after=None
[2026-08-19T14:07:30.237+0000] {processor.py:183} INFO - Processing /opt/airflow/dags/setup_pagila_sakila.py took 0.083 seconds
[2026-08-19T14:08:00.326+0000] {processor.py:161} INFO - Started process (PID=490) to work on /opt/airflow/dags/setup_pagila_sakila.py
[2026-08-19T14:08:00.328+0000] {processor.py:830} INFO - Processing file /opt/airflow/dags/setup_pagila_sakila.py for tasks to queue
[2026-08-19T14:08:00.330+0000] {logging_mixin.py:188} INFO - [2026-08-19T14:08:00.330+0000] {dagbag.py:538} INFO - Filling up the DagBag from /opt/airflow/dags/setup_pagila_sakila.py
[2026-08-19T14:08:00.350+0000] {processor.py:840} INFO - DAG(s) 'setup_pagila_sakila' retrieved from /opt/airflow/dags/setup_pagila_sakila.py
[2026-08-19T14:08:00.382+0000] {logging_mixin.py:188} INFO - [2026-08-19T14:08:00.382+0000] {dag.py:3036} INFO - Sync 1 DAGs
[2026-08-19T14:08:00.396+0000] {logging_mixin.py:188} INFO - [2026-08-19T14:08:00.396+0000] {dag.py:3823} INFO - Setting next_dagrun for setup_pagila_sakila to None, run_after=None
[2026-08-19T14:08:00.414+0000] {processor.py:183} INFO - Processing /opt/airflow/dags/setup_pagila_sakila.py took 0.091 seconds
[2026-08-19T14:08:30.571+0000] {processor.py:161} INFO - Started process (PID=495) to work on /opt/airflow/dags/setup_pagila_sakila.py
[2026-08-19T14:08:30.573+0000] {processor.py:830} INFO - Processing file /opt/airflow/dags/setup_pagila_sakila.py for tasks to queue
[2026-08-19T14:08:30.574+0000] {logging_mixin.py:188} INFO - [2026-08-19T14:08:30.574+0000] {dagbag.py:538} INFO - Filling up the DagBag from /opt/airflow/dags/setup_pagila_sakila.py
[2026-08-19T14:08:30.594+0000] {processor.py:840} INFO - DAG(s) 'setup_pagila_sakila' retrieved from /opt/airflow/dags/setup_pagila_sakila.py
[2026-08-19T14:08:30.624+0000] {logging_mixin.py:188} INFO - [2026-08-19T14:08:30.624+0000] {dag.py:3036} INFO - Sync 1 DAGs
[2026-08-19T14:08:30.639+0000] {logging_mixin.py:188} INFO - [2026-08-19T14:08:30.638+0000] {dag.py:3823} INFO - Setting next_dagrun for setup_pagila_sakila to None, run_after=None
[2026-08-19T14:08:30.659+0000] {processor.py:183} INFO - Processing /opt/airflow/dags/setup_pagila_sakila.py took 0.091 seconds
[2026-08-19T14:09:00.759+0000] {processor.py:161} INFO - Started process (PID=504) to work on /opt/airflow/dags/setup_pagila_sakila.py
[2026-08-19T14:09:00.760+0000] {processor.py:830} INFO - Processing file /opt/airflow/dags/setup_pagila_sakila.py for tasks to queue
[2026-08-19T14:09:00.761+0000] {logging_mixin.py:188} INFO - [2026-08-19T14:09:00.761+0000] {dagbag.py:538} INFO - Filling up the DagBag from /opt/airflow/dags/setup_pagila_sakila.py
[2026-08-19T14:09:00.776+0000] {processor.py:840} INFO - DAG(s) 'setup_pagila_sakila' retrieved from /opt/airflow/dags/setup_pagila_sakila.py
[2026-08-19T14:09:00.803+0000] {logging_mixin.py:188} INFO - [2026-08-19T14:09:00.803+0000] {dag.py:3036} INFO - Sync 1 DAGs
[2026-08-19T14:09:00.815+0000] {logging_mixin.py:188} INFO - [2026-08-19T14:09:00.815+0000] {dag.py:3823} INFO - Setting next_dagrun for setup_pagila_sakila to None, run_after=None
[2026-08-19T14:09:00.832+0000] {processor.py:183} INFO - Processing /opt/airflow/dags/setup_pagila_sakila.py took 0.076 seconds
[2026-08-19T14:09:30.967+0000] {processor.py:161} INFO - Started process (PID=509) to work on /opt/airflow/dags/setup_pagila_sakila.py
[2026-08-19T14:09:30.968+0000] {processor.py:830} INFO - Processing file /opt/airflow/dags/setup_pagila_sakila.py for tasks to queue
[2026-08-19T14:09:30.969+0000] {logging_mixin.py:188} INFO - [2026-08-19T14:09:30.969+0000] {dagbag.py:538} INFO - Filling up the DagBag from /opt/airflow/dags/setup_pagila_sakila.py
[2026-08-19T14:09:30.987+0000] {processor.py:840} INFO - DAG(s) 'setup_pagila_sakila' retrieved from /opt/airflow/dags/setup_pagila_sakila.py
[2026-08-19T14:09:31.015+0000] {logging_mixin.py:188} INFO - [2026-08-19T14:09:31.015+0000] {dag.py:3036} INFO - Sync 1 DAGs
[2026-08-19T14:09:31.035+0000] {logging_mixin.py:188} INFO - [2026-08-19T14:09:31.034+0000] {dag.py:3823} INFO - Setting next_dagrun for setup_pagila_sakila to None, run_after=None
[2026-08-19T14:09:31.059+0000] {processor.py:183} INFO - Processing /opt/airflow/dags/setup_pagila_sakila.py took 0.095 seconds
[2026-08-19T14:10:01.115+0000] {processor.py:161} INFO - Started process (PID=514) to work on /opt/airflow/dags/setup_pagila_sakila.py
[2026-08-19T14:10:01.116+0000] {processor.py:830} INFO - Processing file /opt/airflow/dags/setup_pagila_sakila.py for tasks to queue
[2026-08-19T14:10:01.118+0000] {logging_mixin.py:188} INFO - [2026-08-19T14:10:01.117+0000] {dagbag.py:538} INFO - Filling up the DagBag from /opt/airflow/dags/setup_pagila_sakila.py
[2026-08-19T14:10:01.135+0000] {processor.py:840} INFO - DAG(s) 'setup_pagila_sakila' retrieved from /opt/airflow/dags/setup_pagila_sakila.py
[2026-08-19T14:10:01.173+0000] {logging_mixin.py:188} INFO - [2026-08-19T14:10:01.173+0000] {dag.py:3036} INFO - Sync 1 DAGs
[2026-08-19T14:10:01.193+0000] {logging_mixin.py:188} INFO - [2026-08-19T14:10:01.193+0000] {dag.py:3823} INFO - Setting next_dagrun for setup_pagila_sakila to None, run_after=None
[2026-08-19T14:10:01.218+0000] {processor.py:183} INFO - Processing /opt/airflow/dags/setup_pagila_sakila.py took 0.107 seconds
[2026-08-19T14:10:31.317+0000] {processor.py:161} INFO - Started process (PID=519) to work on /opt/airflow/dags/setup_pagila_sakila.py
[2026-08-19T14:10:31.319+0000] {processor.py:830} INFO - Processing file /opt/airflow/dags/setup_pagila_sakila.py for tasks to queue
[2026-08-19T14:10:31.320+0000] {logging_mixin.py:188} INFO - [2026-08-19T14:10:31.320+0000] {dagbag.py:538} INFO - Filling up the DagBag from /opt/airflow/dags/setup_pagila_sakila.py
[2026-08-19T14:10:31.346+0000] {processor.py:840} INFO - DAG(s) 'setup_pagila_sakila' retrieved from /opt/airflow/dags/setup_pagila_sakila.py
[2026-08-19T14:10:31.387+0000] {logging_mixin.py:188} INFO - [2026-08-19T14:10:31.387+0000] {dag.py:3036} INFO - Sync 1 DAGs
[2026-08-19T14:10:31.412+0000] {logging_mixin.py:188} INFO - [2026-08-19T14:10:31.411+0000] {dag.py:3823} INFO - Setting next_dagrun for setup_pagila_sakila to None, run_after=None
[2026-08-19T14:10:31.439+0000] {processor.py:183} INFO - Processing /opt/airflow/dags/setup_pagila_sakila.py took 0.126 seconds
[2026-08-19T14:11:01.514+0000] {processor.py:161} INFO - Started process (PID=524) to work on /opt/airflow/dags/setup_pagila_sakila.py
[2026-08-19T14:11:01.515+0000] {processor.py:830} INFO - Processing file /opt/airflow/dags/setup_pagila_sakila.py for tasks to queue
[2026-08-19T14:11:01.516+0000] {logging_mixin.py:188} INFO - [2026-08-19T14:11:01.516+0000] {dagbag.py:538} INFO - Filling up the DagBag from /opt/airflow/dags/setup_pagila_sakila.py
[2026-08-19T14:11:01.533+0000] {processor.py:840} INFO - DAG(s) 'setup_pagila_sakila' retrieved from /opt/airflow/dags/setup_pagila_sakila.py
[2026-08-19T14:11:01.568+0000] {logging_mixin.py:188} INFO - [2026-08-19T14:11:01.568+0000] {dag.py:3036} INFO - Sync 1 DAGs
[2026-08-19T14:11:01.587+0000] {logging_mixin.py:188} INFO - [2026-08-19T14:11:01.586+0000] {dag.py:3823} INFO - Setting next_dagrun for setup_pagila_sakila to None, run_after=None
[2026-08-19T14:11:01.607+0000] {processor.py:183} INFO - Processing /opt/airflow/dags/setup_pagila_sakila.py took 0.097 seconds
[2026-08-19T14:11:31.741+0000] {processor.py:161} INFO - Started process (PID=529) to work on /opt/airflow/dags/setup_pagila_sakila.py
[2026-08-19T14:11:31.743+0000] {processor.py:830} INFO - Processing file /opt/airflow/dags/setup_pagila_sakila.py for tasks to queue
[2026-08-19T14:11:31.744+0000] {logging_mixin.py:188} INFO - [2026-08-19T14:11:31.744+0000] {dagbag.py:538} INFO - Filling up the DagBag from /opt/airflow/dags/setup_pagila_sakila.py
[2026-08-19T14:11:31.780+0000] {processor.py:840} INFO - DAG(s) 'setup_pagila_sakila' retrieved from /opt/airflow/dags/setup_pagila_sakila.py
[2026-08-19T14:11:31.817+0000] {logging_mixin.py:188} INFO - [2026-08-19T14:11:31.816+0000] {dag.py:3036} INFO - Sync 1 DAGs
[2026-08-19T14:11:31.834+0000] {logging_mixin.py:188} INFO - [2026-08-19T14:11:31.834+0000] {dag.py:3823} INFO - Setting next_dagrun for setup_pagila_sakila to None, run_after=None
[2026-08-19T14:11:31.856+0000] {processor.py:183} INFO - Processing /opt/airflow/dags/setup_pagila_sakila.py took 0.118 seconds
[2026-08-19T14:12:01.919+0000] {processor.py:161} INFO - Started process (PID=534) to work on /opt/airflow/dags/setup_pagila_sakila.py
[2026-08-19T14:12:01.920+0000] {processor.py:830} INFO - Processing file /opt/airflow/dags/setup_pagila_sakila.py for tasks to queue
[2026-08-19T14:12:01.921+0000] {logging_mixin.py:188} INFO - [2026-08-19T14:12:01.920+0000] {dagbag.py:538} INFO - Filling up the DagBag from /opt/airflow/dags/setup_pagila_sakila.py
[2026-08-19T14:12:01.936+0000] {processor.py:840} INFO - DAG(s) 'setup_pagila_sakila' retrieved from /opt/airflow/dags/setup_pagila_sakila.py
[2026-08-19T14:12:01.975+0000] {logging_mixin.py:188} INFO - [2026-08-19T14:12:01.975+0000] {dag.py:3036} INFO - Sync 1 DAGs
[2026-08-19T14:12:01.999+0000] {logging_mixin.py:188} INFO - [2026-08-19T14:12:01.999+0000] {dag.py:3823} INFO - Setting next_dagrun for setup_pagila_sakila to None, run_after=None
[2026-08-19T14:12:02.020+0000] {processor.py:183} INFO - Processing /opt/airflow/dags/setup_pagila_sakila.py took 0.104 seconds
[2026-08-19T14:12:32.224+0000] {processor.py:161} INFO - Started process (PID=539) to work on /opt/airflow/dags/setup_pagila_sakila.py
[2026-08-19T14:12:32.225+0000] {processor.py:830} INFO - Processing file /opt/airflow/dags/setup_pagila_sakila.py for tasks to queue
[2026-08-19T14:12:32.226+0000] {logging_mixin.py:188} INFO - [2026-08-19T14:12:32.226+0000] {dagbag.py:538} INFO - Filling up the DagBag from /opt/airflow/dags/setup_pagila_sakila.py
[2026-08-19T14:12:32.244+0000] {processor.py:840} INFO - DAG(s) 'setup_pagila_sakila' retrieved from /opt/airflow/dags/setup_pagila_sakila.py
[2026-08-19T14:12:32.273+0000] {logging_mixin.py:188} INFO - [2026-08-19T14:12:32.273+0000] {dag.py:3036} INFO - Sync 1 DAGs
[2026-08-19T14:12:32.287+0000] {logging_mixin.py:188} INFO - [2026-08-19T14:12:32.286+0000] {dag.py:3823} INFO - Setting next_dagrun for setup_pagila_sakila to None, run_after=None
[2026-08-19T14:12:32.304+0000] {processor.py:183} INFO - Processing /opt/airflow/dags/setup_pagila_sakila.py took 0.084 seconds
[2026-08-19T14:13:02.405+0000] {processor.py:161} INFO - Started process (PID=544) to work on /opt/airflow/dags/setup_pagila_sakila.py
[2026-08-19T14:13:02.406+0000] {processor.py:830} INFO - Processing file /opt/airflow/dags/setup_pagila_sakila.py for tasks to queue
[2026-08-19T14:13:02.408+0000] {logging_mixin.py:188} INFO - [2026-08-19T14:13:02.407+0000] {dagbag.py:538} INFO - Filling up the DagBag from /opt/airflow/dags/setup_pagila_sakila.py
[2026-08-19T14:13:02.425+0000] {processor.py:840} INFO - DAG(s) 'setup_pagila_sakila' retrieved from /opt/airflow/dags/setup_pagila_sakila.py
[2026-08-19T14:13:02.458+0000] {logging_mixin.py:188} INFO - [2026-08-19T14:13:02.457+0000] {dag.py:3036} INFO - Sync 1 DAGs
[2026-08-19T14:13:02.473+0000] {logging_mixin.py:188} INFO - [2026-08-19T14:13:02.473+0000] {dag.py:3823} INFO - Setting next_dagrun for setup_pagila_sakila to None, run_after=None
[2026-08-19T14:13:02.491+0000] {processor.py:183} INFO - Processing /opt/airflow/dags/setup_pagila_sakila.py took 0.090 seconds
[2026-08-19T14:13:32.615+0000] {processor.py:161} INFO - Started process (PID=551) to work on /opt/airflow/dags/setup_pagila_sakila.py
[2026-08-19T14:13:32.617+0000] {processor.py:830} INFO - Processing file /opt/airflow/dags/setup_pagila_sakila.py for tasks to queue
[2026-08-19T14:13:32.618+0000] {logging_mixin.py:188} INFO - [2026-08-19T14:13:32.618+0000] {dagbag.py:538} INFO - Filling up the DagBag from /opt/airflow/dags/setup_pagila_sakila.py
[2026-08-19T14:13:32.657+0000] {processor.py:840} INFO - DAG(s) 'setup_pagila_sakila' retrieved from /opt/airflow/dags/setup_pagila_sakila.py
[2026-08-19T14:13:32.689+0000] {logging_mixin.py:188} INFO - [2026-08-19T14:13:32.689+0000] {dag.py:3036} INFO - Sync 1 DAGs
[2026-08-19T14:13:32.702+0000] {logging_mixin.py:188} INFO - [2026-08-19T14:13:32.702+0000] {dag.py:3823} INFO - Setting next_dagrun for setup_pagila_sakila to None, run_after=None
[2026-08-19T14:13:32.722+0000] {processor.py:183} INFO - Processing /opt/airflow/dags/setup_pagila_sakila.py took 0.110 seconds
[2026-08-19T14:14:02.802+0000] {processor.py:161} INFO - Started process (PID=556) to work on /opt/airflow/dags/setup_pagila_sakila.py
[2026-08-19T14:14:02.804+0000] {processor.py:830} INFO - Processing file /opt/airflow/dags/setup_pagila_sakila.py for tasks to queue
[2026-08-19T14:14:02.806+0000] {logging_mixin.py:188} INFO - [2026-08-19T14:14:02.806+0000] {dagbag.py:538} INFO - Filling up the DagBag from /opt/airflow/dags/setup_pagila_sakila.py
[2026-08-19T14:14:02.830+0000] {processor.py:840} INFO - DAG(s) 'setup_pagila_sakila' retrieved from /opt/airflow/dags/setup_pagila_sakila.py
[2026-08-19T14:14:02.874+0000] {logging_mixin.py:188} INFO - [2026-08-19T14:14:02.874+0000] {dag.py:3036} INFO - Sync 1 DAGs
[2026-08-19T14:14:02.896+0000] {logging_mixin.py:188} INFO - [2026-08-19T14:14:02.896+0000] {dag.py:3823} INFO - Setting next_dagrun for setup_pagila_sakila to None, run_after=None
[2026-08-19T14:14:02.920+0000] {processor.py:183} INFO - Processing /opt/airflow/dags/setup_pagila_sakila.py took 0.124 seconds
[2026-08-19T14:14:33.006+0000] {processor.py:161} INFO - Started process (PID=561) to work on /opt/airflow/dags/setup_pagila_sakila.py
[2026-08-19T14:14:33.008+0000] {processor.py:830} INFO - Processing file /opt/airflow/dags/setup_pagila_sakila.py for tasks to queue
[2026-08-19T14:14:33.009+0000] {logging_mixin.py:188} INFO - [2026-08-19T14:14:33.009+0000] {dagbag.py:538} INFO - Filling up the DagBag from /opt/airflow/dags/setup_pagila_sakila.py
[2026-08-19T14:14:33.026+0000] {processor.py:840} INFO - DAG(s) 'setup_pagila_sakila' retrieved from /opt/airflow/dags/setup_pagila_sakila.py
[2026-08-19T14:14:33.058+0000] {logging_mixin.py:188} INFO - [2026-08-19T14:14:33.057+0000] {dag.py:3036} INFO - Sync 1 DAGs
[2026-08-19T14:14:33.072+0000] {logging_mixin.py:188} INFO - [2026-08-19T14:14:33.072+0000] {dag.py:3823} INFO - Setting next_dagrun for setup_pagila_sakila to None, run_after=None
[2026-08-19T14:14:33.098+0000] {processor.py:183} INFO - Processing /opt/airflow/dags/setup_pagila_sakila.py took 0.096 seconds
[2026-08-19T14:15:03.188+0000] {processor.py:161} INFO - Started process (PID=566) to work on /opt/airflow/dags/setup_pagila_sakila.py
[2026-08-19T14:15:03.190+0000] {processor.py:830} INFO - Processing file /opt/airflow/dags/setup_pagila_sakila.py for tasks to queue
[2026-08-19T14:15:03.192+0000] {logging_mixin.py:188} INFO - [2026-08-19T14:15:03.191+0000] {dagbag.py:538} INFO - Filling up the DagBag from /opt/airflow/dags/setup_pagila_sakila.py
[2026-08-19T14:15:03.213+0000] {processor.py:840} INFO - DAG(s) 'setup_pagila_sakila' retrieved from /opt/airflow/dags/setup_pagila_sakila.py
[2026-08-19T14:15:03.248+0000] {logging_mixin.py:188} INFO - [2026-08-19T14:15:03.247+0000] {dag.py:3036} INFO - Sync 1 DAGs
[2026-08-19T14:15:03.267+0000] {logging_mixin.py:188} INFO - [2026-08-19T14:15:03.267+0000] {dag.py:3823} INFO - Setting next_dagrun for setup_pagila_sakila to None, run_after=None
[2026-08-19T14:15:03.287+0000] {processor.py:183} INFO - Processing /opt/airflow/dags/setup_pagila_sakila.py took 0.103 seconds
[2026-08-19T14:15:33.386+0000] {processor.py:161} INFO - Started process (PID=571) to work on /opt/airflow/dags/setup_pagila_sakila.py
[2026-08-19T14:15:33.389+0000] {processor.py:830} INFO - Processing file /opt/airflow/dags/setup_pagila_sakila.py for tasks to queue
[2026-08-19T14:15:33.392+0000] {logging_mixin.py:188} INFO - [2026-08-19T14:15:33.391+0000] {dagbag.py:538} INFO - Filling up the DagBag from /opt/airflow/dags/setup_pagila_sakila.py
[2026-08-19T14:15:33.447+0000] {processor.py:840} INFO - DAG(s) 'setup_pagila_sakila' retrieved from /opt/airflow/dags/setup_pagila_sakila.py
[2026-08-19T14:15:33.522+0000] {logging_mixin.py:188} INFO - [2026-08-19T14:15:33.522+0000] {dag.py:3036} INFO - Sync 1 DAGs
[2026-08-19T14:15:33.561+0000] {logging_mixin.py:188} INFO - [2026-08-19T14:15:33.561+0000] {dag.py:3823} INFO - Setting next_dagrun for setup_pagila_sakila to None, run_after=None
[2026-08-19T14:15:33.585+0000] {processor.py:183} INFO - Processing /opt/airflow/dags/setup_pagila_sakila.py took 0.217 seconds
[2026-08-19T14:16:03.767+0000] {processor.py:161} INFO - Started process (PID=576) to work on /opt/airflow/dags/setup_pagila_sakila.py
[2026-08-19T14:16:03.769+0000] {processor.py:830} INFO - Processing file /opt/airflow/dags/setup_pagila_sakila.py for tasks to queue
[2026-08-19T14:16:03.771+0000] {logging_mixin.py:188} INFO - [2026-08-19T14:16:03.771+0000] {dagbag.py:538} INFO - Filling up the DagBag from /opt/airflow/dags/setup_pagila_sakila.py
[2026-08-19T14:16:03.826+0000] {processor.py:840} INFO - DAG(s) 'setup_pagila_sakila' retrieved from /opt/airflow/dags/setup_pagila_sakila.py
[2026-08-19T14:16:03.864+0000] {logging_mixin.py:188} INFO - [2026-08-19T14:16:03.864+0000] {dag.py:3036} INFO - Sync 1 DAGs
[2026-08-19T14:16:03.894+0000] {logging_mixin.py:188} INFO - [2026-08-19T14:16:03.893+0000] {dag.py:3823} INFO - Setting next_dagrun for setup_pagila_sakila to None, run_after=None
[2026-08-19T14:16:03.930+0000] {processor.py:183} INFO - Processing /opt/airflow/dags/setup_pagila_sakila.py took 0.170 seconds
[2026-08-19T14:16:34.099+0000] {processor.py:161} INFO - Started process (PID=581) to work on /opt/airflow/dags/setup_pagila_sakila.py
[2026-08-19T14:16:34.107+0000] {processor.py:830} INFO - Processing file /opt/airflow/dags/setup_pagila_sakila.py for tasks to queue
[2026-08-19T14:16:34.110+0000] {logging_mixin.py:188} INFO - [2026-08-19T14:16:34.109+0000] {dagbag.py:538} INFO - Filling up the DagBag from /opt/airflow/dags/setup_pagila_sakila.py
[2026-08-19T14:16:34.140+0000] {processor.py:840} INFO - DAG(s) 'setup_pagila_sakila' retrieved from /opt/airflow/dags/setup_pagila_sakila.py
[2026-08-19T14:16:34.209+0000] {logging_mixin.py:188} INFO - [2026-08-19T14:16:34.209+0000] {dag.py:3036} INFO - Sync 1 DAGs
[2026-08-19T14:16:34.240+0000] {logging_mixin.py:188} INFO - [2026-08-19T14:16:34.240+0000] {dag.py:3823} INFO - Setting next_dagrun for setup_pagila_sakila to None, run_after=None
[2026-08-19T14:16:34.271+0000] {processor.py:183} INFO - Processing /opt/airflow/dags/setup_pagila_sakila.py took 0.189 seconds
[2026-08-19T14:17:04.477+0000] {processor.py:161} INFO - Started process (PID=586) to work on /opt/airflow/dags/setup_pagila_sakila.py
[2026-08-19T14:17:04.478+0000] {processor.py:830} INFO - Processing file /opt/airflow/dags/setup_pagila_sakila.py for tasks to queue
[2026-08-19T14:17:04.480+0000] {logging_mixin.py:188} INFO - [2026-08-19T14:17:04.480+0000] {dagbag.py:538} INFO - Filling up the DagBag from /opt/airflow/dags/setup_pagila_sakila.py
[2026-08-19T14:17:04.503+0000] {processor.py:840} INFO - DAG(s) 'setup_pagila_sakila' retrieved from /opt/airflow/dags/setup_pagila_sakila.py
[2026-08-19T14:17:04.553+0000] {logging_mixin.py:188} INFO - [2026-08-19T14:17:04.552+0000] {dag.py:3036} INFO - Sync 1 DAGs
[2026-08-19T14:17:04.571+0000] {logging_mixin.py:188} INFO - [2026-08-19T14:17:04.571+0000] {dag.py:3823} INFO - Setting next_dagrun for setup_pagila_sakila to None, run_after=None
[2026-08-19T14:17:04.595+0000] {processor.py:183} INFO - Processing /opt/airflow/dags/setup_pagila_sakila.py took 0.139 seconds
[2026-08-19T14:17:34.778+0000] {processor.py:161} INFO - Started process (PID=591) to work on /opt/airflow/dags/setup_pagila_sakila.py
[2026-08-19T14:17:34.779+0000] {processor.py:830} INFO - Processing file /opt/airflow/dags/setup_pagila_sakila.py for tasks to queue
[2026-08-19T14:17:34.781+0000] {logging_mixin.py:188} INFO - [2026-08-19T14:17:34.781+0000] {dagbag.py:538} INFO - Filling up the DagBag from /opt/airflow/dags/setup_pagila_sakila.py
[2026-08-19T14:17:34.835+0000] {processor.py:840} INFO - DAG(s) 'setup_pagila_sakila' retrieved from /opt/airflow/dags/setup_pagila_sakila.py
[2026-08-19T14:17:34.901+0000] {logging_mixin.py:188} INFO - [2026-08-19T14:17:34.900+0000] {dag.py:3036} INFO - Sync 1 DAGs
[2026-08-19T14:17:34.918+0000] {logging_mixin.py:188} INFO - [2026-08-19T14:17:34.918+0000] {dag.py:3823} INFO - Setting next_dagrun for setup_pagila_sakila to None, run_after=None
[2026-08-19T14:17:34.939+0000] {processor.py:183} INFO - Processing /opt/airflow/dags/setup_pagila_sakila.py took 0.169 seconds
[2026-08-19T14:18:05.134+0000] {processor.py:161} INFO - Started process (PID=596) to work on /opt/airflow/dags/setup_pagila_sakila.py
[2026-08-19T14:18:05.135+0000] {processor.py:830} INFO - Processing file /opt/airflow/dags/setup_pagila_sakila.py for tasks to queue
[2026-08-19T14:18:05.137+0000] {logging_mixin.py:188} INFO - [2026-08-19T14:18:05.136+0000] {dagbag.py:538} INFO - Filling up the DagBag from /opt/airflow/dags/setup_pagila_sakila.py
[2026-08-19T14:18:05.158+0000] {processor.py:840} INFO - DAG(s) 'setup_pagila_sakila' retrieved from /opt/airflow/dags/setup_pagila_sakila.py
[2026-08-19T14:18:05.220+0000] {logging_mixin.py:188} INFO - [2026-08-19T14:18:05.219+0000] {dag.py:3036} INFO - Sync 1 DAGs
[2026-08-19T14:18:05.261+0000] {logging_mixin.py:188} INFO - [2026-08-19T14:18:05.261+0000] {dag.py:3823} INFO - Setting next_dagrun for setup_pagila_sakila to None, run_after=None
[2026-08-19T14:18:05.283+0000] {processor.py:183} INFO - Processing /opt/airflow/dags/setup_pagila_sakila.py took 0.153 seconds
[2026-08-19T14:18:35.448+0000] {processor.py:161} INFO - Started process (PID=603) to work on /opt/airflow/dags/setup_pagila_sakila.py
[2026-08-19T14:18:35.449+0000] {processor.py:830} INFO - Processing file /opt/airflow/dags/setup_pagila_sakila.py for tasks to queue
[2026-08-19T14:18:35.450+0000] {logging_mixin.py:188} INFO - [2026-08-19T14:18:35.450+0000] {dagbag.py:538} INFO - Filling up the DagBag from /opt/airflow/dags/setup_pagila_sakila.py
[2026-08-19T14:18:35.465+0000] {processor.py:840} INFO - DAG(s) 'setup_pagila_sakila' retrieved from /opt/airflow/dags/setup_pagila_sakila.py
[2026-08-19T14:18:35.496+0000] {logging_mixin.py:188} INFO - [2026-08-19T14:18:35.496+0000] {dag.py:3036} INFO - Sync 1 DAGs
[2026-08-19T14:18:35.514+0000] {logging_mixin.py:188} INFO - [2026-08-19T14:18:35.513+0000] {dag.py:3823} INFO - Setting next_dagrun for setup_pagila_sakila to None, run_after=None
[2026-08-19T14:18:35.534+0000] {processor.py:183} INFO - Processing /opt/airflow/dags/setup_pagila_sakila.py took 0.090 seconds
[2026-08-19T14:19:05.616+0000] {processor.py:161} INFO - Started process (PID=608) to work on /opt/airflow/dags/setup_pagila_sakila.py
[2026-08-19T14:19:05.619+0000] {processor.py:830} INFO - Processing file /opt/airflow/dags/setup_pagila_sakila.py for tasks to queue
[2026-08-19T14:19:05.622+0000] {logging_mixin.py:188} INFO - [2026-08-19T14:19:05.621+0000] {dagbag.py:538} INFO - Filling up the DagBag from /opt/airflow/dags/setup_pagila_sakila.py
[2026-08-19T14:19:05.704+0000] {processor.py:840} INFO - DAG(s) 'setup_pagila_sakila' retrieved from /opt/airflow/dags/setup_pagila_sakila.py
[2026-08-19T14:19:05.733+0000] {logging_mixin.py:188} INFO - [2026-08-19T14:19:05.733+0000] {dag.py:3036} INFO - Sync 1 DAGs
[2026-08-19T14:19:05.756+0000] {logging_mixin.py:188} INFO - [2026-08-19T14:19:05.756+0000] {dag.py:3823} INFO - Setting next_dagrun for setup_pagila_sakila to None, run_after=None
[2026-08-19T14:19:05.779+0000] {processor.py:183} INFO - Processing /opt/airflow/dags/setup_pagila_sakila.py took 0.176 seconds
[2026-08-19T14:19:35.871+0000] {processor.py:161} INFO - Started process (PID=613) to work on /opt/airflow/dags/setup_pagila_sakila.py
[2026-08-19T14:19:35.875+0000] {processor.py:830} INFO - Processing file /opt/airflow/dags/setup_pagila_sakila.py for tasks to queue
[2026-08-19T14:19:35.880+0000] {logging_mixin.py:188} INFO - [2026-08-19T14:19:35.879+0000] {dagbag.py:538} INFO - Filling up the DagBag from /opt/airflow/dags/setup_pagila_sakila.py
[2026-08-19T14:19:35.932+0000] {processor.py:840} INFO - DAG(s) 'setup_pagila_sakila' retrieved from /opt/airflow/dags/setup_pagila_sakila.py
[2026-08-19T14:19:35.962+0000] {logging_mixin.py:188} INFO - [2026-08-19T14:19:35.962+0000] {dag.py:3036} INFO - Sync 1 DAGs
[2026-08-19T14:19:35.977+0000] {logging_mixin.py:188} INFO - [2026-08-19T14:19:35.977+0000] {dag.py:3823} INFO - Setting next_dagrun for setup_pagila_sakila to None, run_after=None
[2026-08-19T14:19:35.998+0000] {processor.py:183} INFO - Processing /opt/airflow/dags/setup_pagila_sakila.py took 0.132 seconds
[2026-08-19T14:20:06.071+0000] {processor.py:161} INFO - Started process (PID=618) to work on /opt/airflow/dags/setup_pagila_sakila.py
[2026-08-19T14:20:06.073+0000] {processor.py:830} INFO - Processing file /opt/airflow/dags/setup_pagila_sakila.py for tasks to queue
[2026-08-19T14:20:06.075+0000] {logging_mixin.py:188} INFO - [2026-08-19T14:20:06.074+0000] {dagbag.py:538} INFO - Filling up the DagBag from /opt/airflow/dags/setup_pagila_sakila.py
[2026-08-19T14:20:06.093+0000] {processor.py:840} INFO - DAG(s) 'setup_pagila_sakila' retrieved from /opt/airflow/dags/setup_pagila_sakila.py
[2026-08-19T14:20:06.128+0000] {logging_mixin.py:188} INFO - [2026-08-19T14:20:06.128+0000] {dag.py:3036} INFO - Sync 1 DAGs
[2026-08-19T14:20:06.148+0000] {logging_mixin.py:188} INFO - [2026-08-19T14:20:06.148+0000] {dag.py:3823} INFO - Setting next_dagrun for setup_pagila_sakila to None, run_after=None
[2026-08-19T14:20:06.169+0000] {processor.py:183} INFO - Processing /opt/airflow/dags/setup_pagila_sakila.py took 0.101 seconds
[2026-08-19T14:20:36.328+0000] {processor.py:161} INFO - Started process (PID=623) to work on /opt/airflow/dags/setup_pagila_sakila.py
[2026-08-19T14:20:36.329+0000] {processor.py:830} INFO - Processing file /opt/airflow/dags/setup_pagila_sakila.py for tasks to queue
[2026-08-19T14:20:36.331+0000] {logging_mixin.py:188} INFO - [2026-08-19T14:20:36.330+0000] {dagbag.py:538} INFO - Filling up the DagBag from /opt/airflow/dags/setup_pagila_sakila.py
[2026-08-19T14:20:36.348+0000] {processor.py:840} INFO - DAG(s) 'setup_pagila_sakila' retrieved from /opt/airflow/dags/setup_pagila_sakila.py
[2026-08-19T14:20:36.375+0000] {logging_mixin.py:188} INFO - [2026-08-19T14:20:36.375+0000] {dag.py:3036} INFO - Sync 1 DAGs
[2026-08-19T14:20:36.388+0000] {logging_mixin.py:188} INFO - [2026-08-19T14:20:36.387+0000] {dag.py:3823} INFO - Setting next_dagrun for setup_pagila_sakila to None, run_after=None
[2026-08-19T14:20:36.406+0000] {processor.py:183} INFO - Processing /opt/airflow/dags/setup_pagila_sakila.py took 0.081 seconds
[2026-08-19T14:21:06.543+0000] {processor.py:161} INFO - Started process (PID=628) to work on /opt/airflow/dags/setup_pagila_sakila.py
[2026-08-19T14:21:06.544+0000] {processor.py:830} INFO - Processing file /opt/airflow/dags/setup_pagila_sakila.py for tasks to queue
[2026-08-19T14:21:06.547+0000] {logging_mixin.py:188} INFO - [2026-08-19T14:21:06.546+0000] {dagbag.py:538} INFO - Filling up the DagBag from /opt/airflow/dags/setup_pagila_sakila.py
[2026-08-19T14:21:06.570+0000] {processor.py:840} INFO - DAG(s) 'setup_pagila_sakila' retrieved from /opt/airflow/dags/setup_pagila_sakila.py
[2026-08-19T14:21:06.601+0000] {logging_mixin.py:188} INFO - [2026-08-19T14:21:06.601+0000] {dag.py:3036} INFO - Sync 1 DAGs
[2026-08-19T14:21:06.613+0000] {logging_mixin.py:188} INFO - [2026-08-19T14:21:06.612+0000] {dag.py:3823} INFO - Setting next_dagrun for setup_pagila_sakila to None, run_after=None
[2026-08-19T14:21:06.631+0000] {processor.py:183} INFO - Processing /opt/airflow/dags/setup_pagila_sakila.py took 0.093 seconds
[2026-08-19T14:21:36.722+0000] {processor.py:161} INFO - Started process (PID=633) to work on /opt/airflow/dags/setup_pagila_sakila.py
[2026-08-19T14:21:36.723+0000] {processor.py:830} INFO - Processing file /opt/airflow/dags/setup_pagila_sakila.py for tasks to queue
[2026-08-19T14:21:36.724+0000] {logging_mixin.py:188} INFO - [2026-08-19T14:21:36.724+0000] {dagbag.py:538} INFO - Filling up the DagBag from /opt/airflow/dags/setup_pagila_sakila.py
[2026-08-19T14:21:36.743+0000] {processor.py:840} INFO - DAG(s) 'setup_pagila_sakila' retrieved from /opt/airflow/dags/setup_pagila_sakila.py
[2026-08-19T14:21:36.776+0000] {logging_mixin.py:188} INFO - [2026-08-19T14:21:36.776+0000] {dag.py:3036} INFO - Sync 1 DAGs
[2026-08-19T14:21:36.791+0000] {logging_mixin.py:188} INFO - [2026-08-19T14:21:36.790+0000] {dag.py:3823} INFO - Setting next_dagrun for setup_pagila_sakila to None, run_after=None
[2026-08-19T14:21:36.816+0000] {processor.py:183} INFO - Processing /opt/airflow/dags/setup_pagila_sakila.py took 0.098 seconds
[2026-08-19T14:22:06.930+0000] {processor.py:161} INFO - Started process (PID=638) to work on /opt/airflow/dags/setup_pagila_sakila.py
[2026-08-19T14:22:06.932+0000] {processor.py:830} INFO - Processing file /opt/airflow/dags/setup_pagila_sakila.py for tasks to queue
[2026-08-19T14:22:06.933+0000] {logging_mixin.py:188} INFO - [2026-08-19T14:22:06.933+0000] {dagbag.py:538} INFO - Filling up the DagBag from /opt/airflow/dags/setup_pagila_sakila.py
[2026-08-19T14:22:06.954+0000] {processor.py:840} INFO - DAG(s) 'setup_pagila_sakila' retrieved from /opt/airflow/dags/setup_pagila_sakila.py
[2026-08-19T14:22:06.987+0000] {logging_mixin.py:188} INFO - [2026-08-19T14:22:06.986+0000] {dag.py:3036} INFO - Sync 1 DAGs
[2026-08-19T14:22:07.003+0000] {logging_mixin.py:188} INFO - [2026-08-19T14:22:07.003+0000] {dag.py:3823} INFO - Setting next_dagrun for setup_pagila_sakila to None, run_after=None
[2026-08-19T14:22:07.025+0000] {processor.py:183} INFO - Processing /opt/airflow/dags/setup_pagila_sakila.py took 0.099 seconds
[2026-08-19T14:22:37.101+0000] {processor.py:161} INFO - Started process (PID=643) to work on /opt/airflow/dags/setup_pagila_sakila.py
[2026-08-19T14:22:37.102+0000] {processor.py:830} INFO - Processing file /opt/airflow/dags/setup_pagila_sakila.py for tasks to queue
[2026-08-19T14:22:37.103+0000] {logging_mixin.py:188} INFO - [2026-08-19T14:22:37.103+0000] {dagbag.py:538} INFO - Filling up the DagBag from /opt/airflow/dags/setup_pagila_sakila.py
[2026-08-19T14:22:37.123+0000] {processor.py:840} INFO - DAG(s) 'setup_pagila_sakila' retrieved from /opt/airflow/dags/setup_pagila_sakila.py
[2026-08-19T14:22:37.154+0000] {logging_mixin.py:188} INFO - [2026-08-19T14:22:37.154+0000] {dag.py:3036} INFO - Sync 1 DAGs
[2026-08-19T14:22:37.169+0000] {logging_mixin.py:188} INFO - [2026-08-19T14:22:37.169+0000] {dag.py:3823} INFO - Setting next_dagrun for setup_pagila_sakila to None, run_after=None
[2026-08-19T14:22:37.189+0000] {processor.py:183} INFO - Processing /opt/airflow/dags/setup_pagila_sakila.py took 0.093 seconds
[2026-08-19T14:23:07.338+0000] {processor.py:161} INFO - Started process (PID=648) to work on /opt/airflow/dags/setup_pagila_sakila.py
[2026-08-19T14:23:07.339+0000] {processor.py:830} INFO - Processing file /opt/airflow/dags/setup_pagila_sakila.py for tasks to queue
[2026-08-19T14:23:07.340+0000] {logging_mixin.py:188} INFO - [2026-08-19T14:23:07.340+0000] {dagbag.py:538} INFO - Filling up the DagBag from /opt/airflow/dags/setup_pagila_sakila.py
[2026-08-19T14:23:07.362+0000] {processor.py:840} INFO - DAG(s) 'setup_pagila_sakila' retrieved from /opt/airflow/dags/setup_pagila_sakila.py
[2026-08-19T14:23:07.392+0000] {logging_mixin.py:188} INFO - [2026-08-19T14:23:07.391+0000] {dag.py:3036} INFO - Sync 1 DAGs
[2026-08-19T14:23:07.406+0000] {logging_mixin.py:188} INFO - [2026-08-19T14:23:07.406+0000] {dag.py:3823} INFO - Setting next_dagrun for setup_pagila_sakila to None, run_after=None
[2026-08-19T14:23:07.424+0000] {processor.py:183} INFO - Processing /opt/airflow/dags/setup_pagila_sakila.py took 0.089 seconds
[2026-08-19T14:23:37.530+0000] {processor.py:161} INFO - Started process (PID=653) to work on /opt/airflow/dags/setup_pagila_sakila.py
[2026-08-19T14:23:37.531+0000] {processor.py:830} INFO - Processing file /opt/airflow/dags/setup_pagila_sakila.py for tasks to queue
[2026-08-19T14:23:37.532+0000] {logging_mixin.py:188} INFO - [2026-08-19T14:23:37.532+0000] {dagbag.py:538} INFO - Filling up the DagBag from /opt/airflow/dags/setup_pagila_sakila.py
[2026-08-19T14:23:37.552+0000] {processor.py:840} INFO - DAG(s) 'setup_pagila_sakila' retrieved from /opt/airflow/dags/setup_pagila_sakila.py
[2026-08-19T14:23:37.581+0000] {logging_mixin.py:188} INFO - [2026-08-19T14:23:37.581+0000] {dag.py:3036} INFO - Sync 1 DAGs
[2026-08-19T14:23:37.593+0000] {logging_mixin.py:188} INFO - [2026-08-19T14:23:37.593+0000] {dag.py:3823} INFO - Setting next_dagrun for setup_pagila_sakila to None, run_after=None
[2026-08-19T14:23:37.612+0000] {processor.py:183} INFO - Processing /opt/airflow/dags/setup_pagila_sakila.py took 0.085 seconds
[2026-08-19T14:24:07.717+0000] {processor.py:161} INFO - Started process (PID=658) to work on /opt/airflow/dags/setup_pagila_sakila.py
[2026-08-19T14:24:07.718+0000] {processor.py:830} INFO - Processing file /opt/airflow/dags/setup_pagila_sakila.py for tasks to queue
[2026-08-19T14:24:07.719+0000] {logging_mixin.py:188} INFO - [2026-08-19T14:24:07.719+0000] {dagbag.py:538} INFO - Filling up the DagBag from /opt/airflow/dags/setup_pagila_sakila.py
[2026-08-19T14:24:07.737+0000] {processor.py:840} INFO - DAG(s) 'setup_pagila_sakila' retrieved from /opt/airflow/dags/setup_pagila_sakila.py
[2026-08-19T14:24:07.767+0000] {logging_mixin.py:188} INFO - [2026-08-19T14:24:07.767+0000] {dag.py:3036} INFO - Sync 1 DAGs
[2026-08-19T14:24:07.782+0000] {logging_mixin.py:188} INFO - [2026-08-19T14:24:07.782+0000] {dag.py:3823} INFO - Setting next_dagrun for setup_pagila_sakila to None, run_after=None
[2026-08-19T14:24:07.800+0000] {processor.py:183} INFO - Processing /opt/airflow/dags/setup_pagila_sakila.py took 0.087 seconds
[2026-08-19T14:24:37.926+0000] {processor.py:161} INFO - Started process (PID=665) to work on /opt/airflow/dags/setup_pagila_sakila.py
[2026-08-19T14:24:37.927+0000] {processor.py:830} INFO - Processing file /opt/airflow/dags/setup_pagila_sakila.py for tasks to queue
[2026-08-19T14:24:37.929+0000] {logging_mixin.py:188} INFO - [2026-08-19T14:24:37.928+0000] {dagbag.py:538} INFO - Filling up the DagBag from /opt/airflow/dags/setup_pagila_sakila.py
[2026-08-19T14:24:37.957+0000] {processor.py:840} INFO - DAG(s) 'setup_pagila_sakila' retrieved from /opt/airflow/dags/setup_pagila_sakila.py
[2026-08-19T14:24:38.004+0000] {logging_mixin.py:188} INFO - [2026-08-19T14:24:38.004+0000] {dag.py:3036} INFO - Sync 1 DAGs
[2026-08-19T14:24:38.019+0000] {logging_mixin.py:188} INFO - [2026-08-19T14:24:38.019+0000] {dag.py:3823} INFO - Setting next_dagrun for setup_pagila_sakila to None, run_after=None
[2026-08-19T14:24:38.037+0000] {processor.py:183} INFO - Processing /opt/airflow/dags/setup_pagila_sakila.py took 0.117 seconds
[2026-08-19T14:25:08.138+0000] {processor.py:161} INFO - Started process (PID=670) to work on /opt/airflow/dags/setup_pagila_sakila.py
[2026-08-19T14:25:08.139+0000] {processor.py:830} INFO - Processing file /opt/airflow/dags/setup_pagila_sakila.py for tasks to queue
[2026-08-19T14:25:08.140+0000] {logging_mixin.py:188} INFO - [2026-08-19T14:25:08.140+0000] {dagbag.py:538} INFO - Filling up the DagBag from /opt/airflow/dags/setup_pagila_sakila.py
[2026-08-19T14:25:08.159+0000] {processor.py:840} INFO - DAG(s) 'setup_pagila_sakila' retrieved from /opt/airflow/dags/setup_pagila_sakila.py
[2026-08-19T14:25:08.189+0000] {logging_mixin.py:188} INFO - [2026-08-19T14:25:08.189+0000] {dag.py:3036} INFO - Sync 1 DAGs
[2026-08-19T14:25:08.204+0000] {logging_mixin.py:188} INFO - [2026-08-19T14:25:08.204+0000] {dag.py:3823} INFO - Setting next_dagrun for setup_pagila_sakila to None, run_after=None
[2026-08-19T14:25:08.222+0000] {processor.py:183} INFO - Processing /opt/airflow/dags/setup_pagila_sakila.py took 0.088 seconds
[2026-08-19T14:25:38.387+0000] {processor.py:161} INFO - Started process (PID=675) to work on /opt/airflow/dags/setup_pagila_sakila.py
[2026-08-19T14:25:38.388+0000] {processor.py:830} INFO - Processing file /opt/airflow/dags/setup_pagila_sakila.py for tasks to queue
[2026-08-19T14:25:38.389+0000] {logging_mixin.py:188} INFO - [2026-08-19T14:25:38.389+0000] {dagbag.py:538} INFO - Filling up the DagBag from /opt/airflow/dags/setup_pagila_sakila.py
[2026-08-19T14:25:38.405+0000] {processor.py:840} INFO - DAG(s) 'setup_pagila_sakila' retrieved from /opt/airflow/dags/setup_pagila_sakila.py
[2026-08-19T14:25:38.434+0000] {logging_mixin.py:188} INFO - [2026-08-19T14:25:38.434+0000] {dag.py:3036} INFO - Sync 1 DAGs
[2026-08-19T14:25:38.447+0000] {logging_mixin.py:188} INFO - [2026-08-19T14:25:38.447+0000] {dag.py:3823} INFO - Setting next_dagrun for setup_pagila_sakila to None, run_after=None
[2026-08-19T14:25:38.470+0000] {processor.py:183} INFO - Processing /opt/airflow/dags/setup_pagila_sakila.py took 0.086 seconds
[2026-08-19T14:26:08.537+0000] {processor.py:161} INFO - Started process (PID=680) to work on /opt/airflow/dags/setup_pagila_sakila.py
[2026-08-19T14:26:08.538+0000] {processor.py:830} INFO - Processing file /opt/airflow/dags/setup_pagila_sakila.py for tasks to queue
[2026-08-19T14:26:08.539+0000] {logging_mixin.py:188} INFO - [2026-08-19T14:26:08.539+0000] {dagbag.py:538} INFO - Filling up the DagBag from /opt/airflow/dags/setup_pagila_sakila.py
[2026-08-19T14:26:08.556+0000] {processor.py:840} INFO - DAG(s) 'setup_pagila_sakila' retrieved from /opt/airflow/dags/setup_pagila_sakila.py
[2026-08-19T14:26:08.588+0000] {logging_mixin.py:188} INFO - [2026-08-19T14:26:08.588+0000] {dag.py:3036} INFO - Sync 1 DAGs
[2026-08-19T14:26:08.605+0000] {logging_mixin.py:188} INFO - [2026-08-19T14:26:08.605+0000] {dag.py:3823} INFO - Setting next_dagrun for setup_pagila_sakila to None, run_after=None
[2026-08-19T14:26:08.625+0000] {processor.py:183} INFO - Processing /opt/airflow/dags/setup_pagila_sakila.py took 0.093 seconds
[2026-08-19T14:26:38.744+0000] {processor.py:161} INFO - Started process (PID=685) to work on /opt/airflow/dags/setup_pagila_sakila.py
[2026-08-19T14:26:38.745+0000] {processor.py:830} INFO - Processing file /opt/airflow/dags/setup_pagila_sakila.py for tasks to queue
[2026-08-19T14:26:38.747+0000] {logging_mixin.py:188} INFO - [2026-08-19T14:26:38.747+0000] {dagbag.py:538} INFO - Filling up the DagBag from /opt/airflow/dags/setup_pagila_sakila.py
[2026-08-19T14:26:38.764+0000] {processor.py:840} INFO - DAG(s) 'setup_pagila_sakila' retrieved from /opt/airflow/dags/setup_pagila_sakila.py
[2026-08-19T14:26:38.796+0000] {logging_mixin.py:188} INFO - [2026-08-19T14:26:38.795+0000] {dag.py:3036} INFO - Sync 1 DAGs
[2026-08-19T14:26:38.812+0000] {logging_mixin.py:188} INFO - [2026-08-19T14:26:38.812+0000] {dag.py:3823} INFO - Setting next_dagrun for setup_pagila_sakila to None, run_after=None
[2026-08-19T14:26:38.835+0000] {processor.py:183} INFO - Processing /opt/airflow/dags/setup_pagila_sakila.py took 0.094 seconds
[2026-08-19T14:27:08.903+0000] {processor.py:161} INFO - Started process (PID=690) to work on /opt/airflow/dags/setup_pagila_sakila.py
[2026-08-19T14:27:08.905+0000] {processor.py:830} INFO - Processing file /opt/airflow/dags/setup_pagila_sakila.py for tasks to queue
[2026-08-19T14:27:08.906+0000] {logging_mixin.py:188} INFO - [2026-08-19T14:27:08.906+0000] {dagbag.py:538} INFO - Filling up the DagBag from /opt/airflow/dags/setup_pagila_sakila.py
[2026-08-19T14:27:08.929+0000] {processor.py:840} INFO - DAG(s) 'setup_pagila_sakila' retrieved from /opt/airflow/dags/setup_pagila_sakila.py
[2026-08-19T14:27:08.968+0000] {logging_mixin.py:188} INFO - [2026-08-19T14:27:08.968+0000] {dag.py:3036} INFO - Sync 1 DAGs
[2026-08-19T14:27:08.986+0000] {logging_mixin.py:188} INFO - [2026-08-19T14:27:08.986+0000] {dag.py:3823} INFO - Setting next_dagrun for setup_pagila_sakila to None, run_after=None
[2026-08-19T14:27:09.021+0000] {processor.py:183} INFO - Processing /opt/airflow/dags/setup_pagila_sakila.py took 0.123 seconds
[2026-08-19T14:27:39.107+0000] {processor.py:161} INFO - Started process (PID=695) to work on /opt/airflow/dags/setup_pagila_sakila.py
[2026-08-19T14:27:39.108+0000] {processor.py:830} INFO - Processing file /opt/airflow/dags/setup_pagila_sakila.py for tasks to queue
[2026-08-19T14:27:39.110+0000] {logging_mixin.py:188} INFO - [2026-08-19T14:27:39.109+0000] {dagbag.py:538} INFO - Filling up the DagBag from /opt/airflow/dags/setup_pagila_sakila.py
[2026-08-19T14:27:39.128+0000] {processor.py:840} INFO - DAG(s) 'setup_pagila_sakila' retrieved from /opt/airflow/dags/setup_pagila_sakila.py
[2026-08-19T14:27:39.164+0000] {logging_mixin.py:188} INFO - [2026-08-19T14:27:39.164+0000] {dag.py:3036} INFO - Sync 1 DAGs
[2026-08-19T14:27:39.210+0000] {logging_mixin.py:188} INFO - [2026-08-19T14:27:39.210+0000] {dag.py:3823} INFO - Setting next_dagrun for setup_pagila_sakila to None, run_after=None
[2026-08-19T14:27:39.228+0000] {processor.py:183} INFO - Processing /opt/airflow/dags/setup_pagila_sakila.py took 0.127 seconds
[2026-08-19T14:28:09.325+0000] {processor.py:161} INFO - Started process (PID=700) to work on /opt/airflow/dags/setup_pagila_sakila.py
[2026-08-19T14:28:09.326+0000] {processor.py:830} INFO - Processing file /opt/airflow/dags/setup_pagila_sakila.py for tasks to queue
[2026-08-19T14:28:09.328+0000] {logging_mixin.py:188} INFO - [2026-08-19T14:28:09.327+0000] {dagbag.py:538} INFO - Filling up the DagBag from /opt/airflow/dags/setup_pagila_sakila.py
[2026-08-19T14:28:09.341+0000] {processor.py:840} INFO - DAG(s) 'setup_pagila_sakila' retrieved from /opt/airflow/dags/setup_pagila_sakila.py
[2026-08-19T14:28:09.369+0000] {logging_mixin.py:188} INFO - [2026-08-19T14:28:09.369+0000] {dag.py:3036} INFO - Sync 1 DAGs
[2026-08-19T14:28:09.384+0000] {logging_mixin.py:188} INFO - [2026-08-19T14:28:09.383+0000] {dag.py:3823} INFO - Setting next_dagrun for setup_pagila_sakila to None, run_after=None
[2026-08-19T14:28:09.400+0000] {processor.py:183} INFO - Processing /opt/airflow/dags/setup_pagila_sakila.py took 0.078 seconds
[2026-08-19T14:28:39.567+0000] {processor.py:161} INFO - Started process (PID=705) to work on /opt/airflow/dags/setup_pagila_sakila.py
[2026-08-19T14:28:39.568+0000] {processor.py:830} INFO - Processing file /opt/airflow/dags/setup_pagila_sakila.py for tasks to queue
[2026-08-19T14:28:39.569+0000] {logging_mixin.py:188} INFO - [2026-08-19T14:28:39.569+0000] {dagbag.py:538} INFO - Filling up the DagBag from /opt/airflow/dags/setup_pagila_sakila.py
[2026-08-19T14:28:39.584+0000] {processor.py:840} INFO - DAG(s) 'setup_pagila_sakila' retrieved from /opt/airflow/dags/setup_pagila_sakila.py
[2026-08-19T14:28:39.609+0000] {logging_mixin.py:188} INFO - [2026-08-19T14:28:39.609+0000] {dag.py:3036} INFO - Sync 1 DAGs
[2026-08-19T14:28:39.622+0000] {logging_mixin.py:188} INFO - [2026-08-19T14:28:39.621+0000] {dag.py:3823} INFO - Setting next_dagrun for setup_pagila_sakila to None, run_after=None
[2026-08-19T14:28:39.640+0000] {processor.py:183} INFO - Processing /opt/airflow/dags/setup_pagila_sakila.py took 0.076 seconds
[2026-08-19T14:29:09.773+0000] {processor.py:161} INFO - Started process (PID=710) to work on /opt/airflow/dags/setup_pagila_sakila.py
[2026-08-19T14:29:09.774+0000] {processor.py:830} INFO - Processing file /opt/airflow/dags/setup_pagila_sakila.py for tasks to queue
[2026-08-19T14:29:09.776+0000] {logging_mixin.py:188} INFO - [2026-08-19T14:29:09.776+0000] {dagbag.py:538} INFO - Filling up the DagBag from /opt/airflow/dags/setup_pagila_sakila.py
[2026-08-19T14:29:09.798+0000] {processor.py:840} INFO - DAG(s) 'setup_pagila_sakila' retrieved from /opt/airflow/dags/setup_pagila_sakila.py
[2026-08-19T14:29:09.831+0000] {logging_mixin.py:188} INFO - [2026-08-19T14:29:09.831+0000] {dag.py:3036} INFO - Sync 1 DAGs
[2026-08-19T14:29:09.846+0000] {logging_mixin.py:188} INFO - [2026-08-19T14:29:09.845+0000] {dag.py:3823} INFO - Setting next_dagrun for setup_pagila_sakila to None, run_after=None
[2026-08-19T14:29:09.863+0000] {processor.py:183} INFO - Processing /opt/airflow/dags/setup_pagila_sakila.py took 0.095 seconds
[2026-08-19T14:29:40.039+0000] {processor.py:161} INFO - Started process (PID=717) to work on /opt/airflow/dags/setup_pagila_sakila.py
[2026-08-19T14:29:40.040+0000] {processor.py:830} INFO - Processing file /opt/airflow/dags/setup_pagila_sakila.py for tasks to queue
[2026-08-19T14:29:40.041+0000] {logging_mixin.py:188} INFO - [2026-08-19T14:29:40.041+0000] {dagbag.py:538} INFO - Filling up the DagBag from /opt/airflow/dags/setup_pagila_sakila.py
[2026-08-19T14:29:40.064+0000] {processor.py:840} INFO - DAG(s) 'setup_pagila_sakila' retrieved from /opt/airflow/dags/setup_pagila_sakila.py
[2026-08-19T14:29:40.094+0000] {logging_mixin.py:188} INFO - [2026-08-19T14:29:40.093+0000] {dag.py:3036} INFO - Sync 1 DAGs
[2026-08-19T14:29:40.107+0000] {logging_mixin.py:188} INFO - [2026-08-19T14:29:40.107+0000] {dag.py:3823} INFO - Setting next_dagrun for setup_pagila_sakila to None, run_after=None
[2026-08-19T14:29:40.130+0000] {processor.py:183} INFO - Processing /opt/airflow/dags/setup_pagila_sakila.py took 0.094 seconds
[2026-08-19T14:30:10.264+0000] {processor.py:161} INFO - Started process (PID=722) to work on /opt/airflow/dags/setup_pagila_sakila.py
[2026-08-19T14:30:10.265+0000] {processor.py:830} INFO - Processing file /opt/airflow/dags/setup_pagila_sakila.py for tasks to queue
[2026-08-19T14:30:10.266+0000] {logging_mixin.py:188} INFO - [2026-08-19T14:30:10.266+0000] {dagbag.py:538} INFO - Filling up the DagBag from /opt/airflow/dags/setup_pagila_sakila.py
[2026-08-19T14:30:10.284+0000] {processor.py:840} INFO - DAG(s) 'setup_pagila_sakila' retrieved from /opt/airflow/dags/setup_pagila_sakila.py
[2026-08-19T14:30:10.311+0000] {logging_mixin.py:188} INFO - [2026-08-19T14:30:10.311+0000] {dag.py:3036} INFO - Sync 1 DAGs
[2026-08-19T14:30:10.325+0000] {logging_mixin.py:188} INFO - [2026-08-19T14:30:10.325+0000] {dag.py:3823} INFO - Setting next_dagrun for setup_pagila_sakila to None, run_after=None
[2026-08-19T14:30:10.348+0000] {processor.py:183} INFO - Processing /opt/airflow/dags/setup_pagila_sakila.py took 0.088 seconds
[2026-08-19T14:30:40.511+0000] {processor.py:161} INFO - Started process (PID=727) to work on /opt/airflow/dags/setup_pagila_sakila.py
[2026-08-19T14:30:40.513+0000] {processor.py:830} INFO - Processing file /opt/airflow/dags/setup_pagila_sakila.py for tasks to queue
[2026-08-19T14:30:40.515+0000] {logging_mixin.py:188} INFO - [2026-08-19T14:30:40.514+0000] {dagbag.py:538} INFO - Filling up the DagBag from /opt/airflow/dags/setup_pagila_sakila.py
[2026-08-19T14:30:40.528+0000] {processor.py:840} INFO - DAG(s) 'setup_pagila_sakila' retrieved from /opt/airflow/dags/setup_pagila_sakila.py
[2026-08-19T14:30:40.556+0000] {logging_mixin.py:188} INFO - [2026-08-19T14:30:40.555+0000] {dag.py:3036} INFO - Sync 1 DAGs
[2026-08-19T14:30:40.569+0000] {logging_mixin.py:188} INFO - [2026-08-19T14:30:40.569+0000] {dag.py:3823} INFO - Setting next_dagrun for setup_pagila_sakila to None, run_after=None
[2026-08-19T14:30:40.585+0000] {processor.py:183} INFO - Processing /opt/airflow/dags/setup_pagila_sakila.py took 0.077 seconds
[2026-08-19T14:31:10.675+0000] {processor.py:161} INFO - Started process (PID=732) to work on /opt/airflow/dags/setup_pagila_sakila.py
[2026-08-19T14:31:10.676+0000] {processor.py:830} INFO - Processing file /opt/airflow/dags/setup_pagila_sakila.py for tasks to queue
[2026-08-19T14:31:10.677+0000] {logging_mixin.py:188} INFO - [2026-08-19T14:31:10.677+0000] {dagbag.py:538} INFO - Filling up the DagBag from /opt/airflow/dags/setup_pagila_sakila.py
[2026-08-19T14:31:10.695+0000] {processor.py:840} INFO - DAG(s) 'setup_pagila_sakila' retrieved from /opt/airflow/dags/setup_pagila_sakila.py
[2026-08-19T14:31:10.724+0000] {logging_mixin.py:188} INFO - [2026-08-19T14:31:10.724+0000] {dag.py:3036} INFO - Sync 1 DAGs
[2026-08-19T14:31:10.739+0000] {logging_mixin.py:188} INFO - [2026-08-19T14:31:10.738+0000] {dag.py:3823} INFO - Setting next_dagrun for setup_pagila_sakila to None, run_after=None
[2026-08-19T14:31:10.758+0000] {processor.py:183} INFO - Processing /opt/airflow/dags/setup_pagila_sakila.py took 0.087 seconds
[2026-08-19T14:31:40.875+0000] {processor.py:161} INFO - Started process (PID=737) to work on /opt/airflow/dags/setup_pagila_sakila.py
[2026-08-19T14:31:40.876+0000] {processor.py:830} INFO - Processing file /opt/airflow/dags/setup_pagila_sakila.py for tasks to queue
[2026-08-19T14:31:40.878+0000] {logging_mixin.py:188} INFO - [2026-08-19T14:31:40.878+0000] {dagbag.py:538} INFO - Filling up the DagBag from /opt/airflow/dags/setup_pagila_sakila.py
[2026-08-19T14:31:40.900+0000] {processor.py:840} INFO - DAG(s) 'setup_pagila_sakila' retrieved from /opt/airflow/dags/setup_pagila_sakila.py
[2026-08-19T14:31:40.929+0000] {logging_mixin.py:188} INFO - [2026-08-19T14:31:40.929+0000] {dag.py:3036} INFO - Sync 1 DAGs
[2026-08-19T14:31:40.942+0000] {logging_mixin.py:188} INFO - [2026-08-19T14:31:40.942+0000] {dag.py:3823} INFO - Setting next_dagrun for setup_pagila_sakila to None, run_after=None
[2026-08-19T14:31:40.961+0000] {processor.py:183} INFO - Processing /opt/airflow/dags/setup_pagila_sakila.py took 0.090 seconds
[2026-08-19T14:32:11.100+0000] {processor.py:161} INFO - Started process (PID=742) to work on /opt/airflow/dags/setup_pagila_sakila.py
[2026-08-19T14:32:11.101+0000] {processor.py:830} INFO - Processing file /opt/airflow/dags/setup_pagila_sakila.py for tasks to queue
[2026-08-19T14:32:11.104+0000] {logging_mixin.py:188} INFO - [2026-08-19T14:32:11.103+0000] {dagbag.py:538} INFO - Filling up the DagBag from /opt/airflow/dags/setup_pagila_sakila.py
[2026-08-19T14:32:11.117+0000] {processor.py:840} INFO - DAG(s) 'setup_pagila_sakila' retrieved from /opt/airflow/dags/setup_pagila_sakila.py
[2026-08-19T14:32:11.142+0000] {logging_mixin.py:188} INFO - [2026-08-19T14:32:11.142+0000] {dag.py:3036} INFO - Sync 1 DAGs
[2026-08-19T14:32:11.157+0000] {logging_mixin.py:188} INFO - [2026-08-19T14:32:11.157+0000] {dag.py:3823} INFO - Setting next_dagrun for setup_pagila_sakila to None, run_after=None
[2026-08-19T14:32:11.174+0000] {processor.py:183} INFO - Processing /opt/airflow/dags/setup_pagila_sakila.py took 0.078 seconds
[2026-08-19T14:32:41.398+0000] {processor.py:161} INFO - Started process (PID=747) to work on /opt/airflow/dags/setup_pagila_sakila.py
[2026-08-19T14:32:41.399+0000] {processor.py:830} INFO - Processing file /opt/airflow/dags/setup_pagila_sakila.py for tasks to queue
[2026-08-19T14:32:41.400+0000] {logging_mixin.py:188} INFO - [2026-08-19T14:32:41.400+0000] {dagbag.py:538} INFO - Filling up the DagBag from /opt/airflow/dags/setup_pagila_sakila.py
[2026-08-19T14:32:41.414+0000] {processor.py:840} INFO - DAG(s) 'setup_pagila_sakila' retrieved from /opt/airflow/dags/setup_pagila_sakila.py
[2026-08-19T14:32:41.441+0000] {logging_mixin.py:188} INFO - [2026-08-19T14:32:41.441+0000] {dag.py:3036} INFO - Sync 1 DAGs
[2026-08-19T14:32:41.454+0000] {logging_mixin.py:188} INFO - [2026-08-19T14:32:41.454+0000] {dag.py:3823} INFO - Setting next_dagrun for setup_pagila_sakila to None, run_after=None
[2026-08-19T14:32:41.471+0000] {processor.py:183} INFO - Processing /opt/airflow/dags/setup_pagila_sakila.py took 0.076 seconds
[2026-08-19T14:33:11.629+0000] {processor.py:161} INFO - Started process (PID=752) to work on /opt/airflow/dags/setup_pagila_sakila.py
[2026-08-19T14:33:11.630+0000] {processor.py:830} INFO - Processing file /opt/airflow/dags/setup_pagila_sakila.py for tasks to queue
[2026-08-19T14:33:11.632+0000] {logging_mixin.py:188} INFO - [2026-08-19T14:33:11.631+0000] {dagbag.py:538} INFO - Filling up the DagBag from /opt/airflow/dags/setup_pagila_sakila.py
[2026-08-19T14:33:11.649+0000] {processor.py:840} INFO - DAG(s) 'setup_pagila_sakila' retrieved from /opt/airflow/dags/setup_pagila_sakila.py
[2026-08-19T14:33:11.679+0000] {logging_mixin.py:188} INFO - [2026-08-19T14:33:11.678+0000] {dag.py:3036} INFO - Sync 1 DAGs
[2026-08-19T14:33:11.703+0000] {logging_mixin.py:188} INFO - [2026-08-19T14:33:11.703+0000] {dag.py:3823} INFO - Setting next_dagrun for setup_pagila_sakila to None, run_after=None
[2026-08-19T14:33:11.722+0000] {processor.py:183} INFO - Processing /opt/airflow/dags/setup_pagila_sakila.py took 0.098 seconds
[2026-08-19T14:33:41.877+0000] {processor.py:161} INFO - Started process (PID=757) to work on /opt/airflow/dags/setup_pagila_sakila.py
[2026-08-19T14:33:41.878+0000] {processor.py:830} INFO - Processing file /opt/airflow/dags/setup_pagila_sakila.py for tasks to queue
[2026-08-19T14:33:41.880+0000] {logging_mixin.py:188} INFO - [2026-08-19T14:33:41.880+0000] {dagbag.py:538} INFO - Filling up the DagBag from /opt/airflow/dags/setup_pagila_sakila.py
[2026-08-19T14:33:41.894+0000] {processor.py:840} INFO - DAG(s) 'setup_pagila_sakila' retrieved from /opt/airflow/dags/setup_pagila_sakila.py
[2026-08-19T14:33:41.932+0000] {logging_mixin.py:188} INFO - [2026-08-19T14:33:41.932+0000] {dag.py:3036} INFO - Sync 1 DAGs
[2026-08-19T14:33:41.944+0000] {logging_mixin.py:188} INFO - [2026-08-19T14:33:41.944+0000] {dag.py:3823} INFO - Setting next_dagrun for setup_pagila_sakila to None, run_after=None
[2026-08-19T14:33:41.961+0000] {processor.py:183} INFO - Processing /opt/airflow/dags/setup_pagila_sakila.py took 0.087 seconds
[2026-08-19T14:34:12.183+0000] {processor.py:161} INFO - Started process (PID=762) to work on /opt/airflow/dags/setup_pagila_sakila.py
[2026-08-19T14:34:12.184+0000] {processor.py:830} INFO - Processing file /opt/airflow/dags/setup_pagila_sakila.py for tasks to queue
[2026-08-19T14:34:12.185+0000] {logging_mixin.py:188} INFO - [2026-08-19T14:34:12.185+0000] {dagbag.py:538} INFO - Filling up the DagBag from /opt/airflow/dags/setup_pagila_sakila.py
[2026-08-19T14:34:12.198+0000] {processor.py:840} INFO - DAG(s) 'setup_pagila_sakila' retrieved from /opt/airflow/dags/setup_pagila_sakila.py
[2026-08-19T14:34:12.227+0000] {logging_mixin.py:188} INFO - [2026-08-19T14:34:12.227+0000] {dag.py:3036} INFO - Sync 1 DAGs
[2026-08-19T14:34:12.246+0000] {logging_mixin.py:188} INFO - [2026-08-19T14:34:12.246+0000] {dag.py:3823} INFO - Setting next_dagrun for setup_pagila_sakila to None, run_after=None
[2026-08-19T14:34:12.266+0000] {processor.py:183} INFO - Processing /opt/airflow/dags/setup_pagila_sakila.py took 0.086 seconds
[2026-08-19T14:34:42.391+0000] {processor.py:161} INFO - Started process (PID=767) to work on /opt/airflow/dags/setup_pagila_sakila.py
[2026-08-19T14:34:42.392+0000] {processor.py:830} INFO - Processing file /opt/airflow/dags/setup_pagila_sakila.py for tasks to queue
[2026-08-19T14:34:42.393+0000] {logging_mixin.py:188} INFO - [2026-08-19T14:34:42.393+0000] {dagbag.py:538} INFO - Filling up the DagBag from /opt/airflow/dags/setup_pagila_sakila.py
[2026-08-19T14:34:42.409+0000] {processor.py:840} INFO - DAG(s) 'setup_pagila_sakila' retrieved from /opt/airflow/dags/setup_pagila_sakila.py
[2026-08-19T14:34:42.439+0000] {logging_mixin.py:188} INFO - [2026-08-19T14:34:42.439+0000] {dag.py:3036} INFO - Sync 1 DAGs
[2026-08-19T14:34:42.453+0000] {logging_mixin.py:188} INFO - [2026-08-19T14:34:42.453+0000] {dag.py:3823} INFO - Setting next_dagrun for setup_pagila_sakila to None, run_after=None
[2026-08-19T14:34:42.472+0000] {processor.py:183} INFO - Processing /opt/airflow/dags/setup_pagila_sakila.py took 0.085 seconds
[2026-08-19T14:35:12.608+0000] {processor.py:161} INFO - Started process (PID=772) to work on /opt/airflow/dags/setup_pagila_sakila.py
[2026-08-19T14:35:12.609+0000] {processor.py:830} INFO - Processing file /opt/airflow/dags/setup_pagila_sakila.py for tasks to queue
[2026-08-19T14:35:12.610+0000] {logging_mixin.py:188} INFO - [2026-08-19T14:35:12.610+0000] {dagbag.py:538} INFO - Filling up the DagBag from /opt/airflow/dags/setup_pagila_sakila.py
[2026-08-19T14:35:12.625+0000] {processor.py:840} INFO - DAG(s) 'setup_pagila_sakila' retrieved from /opt/airflow/dags/setup_pagila_sakila.py
[2026-08-19T14:35:12.686+0000] {logging_mixin.py:188} INFO - [2026-08-19T14:35:12.686+0000] {dag.py:3036} INFO - Sync 1 DAGs
[2026-08-19T14:35:12.702+0000] {logging_mixin.py:188} INFO - [2026-08-19T14:35:12.701+0000] {dag.py:3823} INFO - Setting next_dagrun for setup_pagila_sakila to None, run_after=None
[2026-08-19T14:35:12.719+0000] {processor.py:183} INFO - Processing /opt/airflow/dags/setup_pagila_sakila.py took 0.114 seconds
[2026-08-19T14:35:42.798+0000] {processor.py:161} INFO - Started process (PID=777) to work on /opt/airflow/dags/setup_pagila_sakila.py
[2026-08-19T14:35:42.799+0000] {processor.py:830} INFO - Processing file /opt/airflow/dags/setup_pagila_sakila.py for tasks to queue
[2026-08-19T14:35:42.800+0000] {logging_mixin.py:188} INFO - [2026-08-19T14:35:42.800+0000] {dagbag.py:538} INFO - Filling up the DagBag from /opt/airflow/dags/setup_pagila_sakila.py
[2026-08-19T14:35:42.816+0000] {processor.py:840} INFO - DAG(s) 'setup_pagila_sakila' retrieved from /opt/airflow/dags/setup_pagila_sakila.py
[2026-08-19T14:35:42.861+0000] {logging_mixin.py:188} INFO - [2026-08-19T14:35:42.861+0000] {dag.py:3036} INFO - Sync 1 DAGs
[2026-08-19T14:35:42.879+0000] {logging_mixin.py:188} INFO - [2026-08-19T14:35:42.878+0000] {dag.py:3823} INFO - Setting next_dagrun for setup_pagila_sakila to None, run_after=None
[2026-08-19T14:35:42.905+0000] {processor.py:183} INFO - Processing /opt/airflow/dags/setup_pagila_sakila.py took 0.111 seconds
[2026-08-19T14:36:13.029+0000] {processor.py:161} INFO - Started process (PID=782) to work on /opt/airflow/dags/setup_pagila_sakila.py
[2026-08-19T14:36:13.030+0000] {processor.py:830} INFO - Processing file /opt/airflow/dags/setup_pagila_sakila.py for tasks to queue
[2026-08-19T14:36:13.031+0000] {logging_mixin.py:188} INFO - [2026-08-19T14:36:13.031+0000] {dagbag.py:538} INFO - Filling up the DagBag from /opt/airflow/dags/setup_pagila_sakila.py
[2026-08-19T14:36:13.048+0000] {processor.py:840} INFO - DAG(s) 'setup_pagila_sakila' retrieved from /opt/airflow/dags/setup_pagila_sakila.py
[2026-08-19T14:36:13.073+0000] {logging_mixin.py:188} INFO - [2026-08-19T14:36:13.073+0000] {dag.py:3036} INFO - Sync 1 DAGs
[2026-08-19T14:36:13.089+0000] {logging_mixin.py:188} INFO - [2026-08-19T14:36:13.089+0000] {dag.py:3823} INFO - Setting next_dagrun for setup_pagila_sakila to None, run_after=None
[2026-08-19T14:36:13.108+0000] {processor.py:183} INFO - Processing /opt/airflow/dags/setup_pagila_sakila.py took 0.082 seconds
[2026-08-19T14:36:43.211+0000] {processor.py:161} INFO - Started process (PID=787) to work on /opt/airflow/dags/setup_pagila_sakila.py
[2026-08-19T14:36:43.212+0000] {processor.py:830} INFO - Processing file /opt/airflow/dags/setup_pagila_sakila.py for tasks to queue
[2026-08-19T14:36:43.213+0000] {logging_mixin.py:188} INFO - [2026-08-19T14:36:43.213+0000] {dagbag.py:538} INFO - Filling up the DagBag from /opt/airflow/dags/setup_pagila_sakila.py
[2026-08-19T14:36:43.228+0000] {processor.py:840} INFO - DAG(s) 'setup_pagila_sakila' retrieved from /opt/airflow/dags/setup_pagila_sakila.py
[2026-08-19T14:36:43.269+0000] {logging_mixin.py:188} INFO - [2026-08-19T14:36:43.269+0000] {dag.py:3036} INFO - Sync 1 DAGs
[2026-08-19T14:36:43.287+0000] {logging_mixin.py:188} INFO - [2026-08-19T14:36:43.286+0000] {dag.py:3823} INFO - Setting next_dagrun for setup_pagila_sakila to None, run_after=None
[2026-08-19T14:36:43.307+0000] {processor.py:183} INFO - Processing /opt/airflow/dags/setup_pagila_sakila.py took 0.099 seconds
[2026-08-19T14:37:13.417+0000] {processor.py:161} INFO - Started process (PID=792) to work on /opt/airflow/dags/setup_pagila_sakila.py
[2026-08-19T14:37:13.418+0000] {processor.py:830} INFO - Processing file /opt/airflow/dags/setup_pagila_sakila.py for tasks to queue
[2026-08-19T14:37:13.420+0000] {logging_mixin.py:188} INFO - [2026-08-19T14:37:13.419+0000] {dagbag.py:538} INFO - Filling up the DagBag from /opt/airflow/dags/setup_pagila_sakila.py
[2026-08-19T14:37:13.437+0000] {processor.py:840} INFO - DAG(s) 'setup_pagila_sakila' retrieved from /opt/airflow/dags/setup_pagila_sakila.py
[2026-08-19T14:37:13.466+0000] {logging_mixin.py:188} INFO - [2026-08-19T14:37:13.466+0000] {dag.py:3036} INFO - Sync 1 DAGs
[2026-08-19T14:37:13.481+0000] {logging_mixin.py:188} INFO - [2026-08-19T14:37:13.480+0000] {dag.py:3823} INFO - Setting next_dagrun for setup_pagila_sakila to None, run_after=None
[2026-08-19T14:37:13.498+0000] {processor.py:183} INFO - Processing /opt/airflow/dags/setup_pagila_sakila.py took 0.084 seconds
[2026-08-19T14:37:43.567+0000] {processor.py:161} INFO - Started process (PID=801) to work on /opt/airflow/dags/setup_pagila_sakila.py
[2026-08-19T14:37:43.568+0000] {processor.py:830} INFO - Processing file /opt/airflow/dags/setup_pagila_sakila.py for tasks to queue
[2026-08-19T14:37:43.569+0000] {logging_mixin.py:188} INFO - [2026-08-19T14:37:43.569+0000] {dagbag.py:538} INFO - Filling up the DagBag from /opt/airflow/dags/setup_pagila_sakila.py
[2026-08-19T14:37:43.589+0000] {processor.py:840} INFO - DAG(s) 'setup_pagila_sakila' retrieved from /opt/airflow/dags/setup_pagila_sakila.py
[2026-08-19T14:37:43.619+0000] {logging_mixin.py:188} INFO - [2026-08-19T14:37:43.619+0000] {dag.py:3036} INFO - Sync 1 DAGs
[2026-08-19T14:37:43.633+0000] {logging_mixin.py:188} INFO - [2026-08-19T14:37:43.632+0000] {dag.py:3823} INFO - Setting next_dagrun for setup_pagila_sakila to None, run_after=None
[2026-08-19T14:37:43.651+0000] {processor.py:183} INFO - Processing /opt/airflow/dags/setup_pagila_sakila.py took 0.088 seconds
[2026-08-19T14:38:13.817+0000] {processor.py:161} INFO - Started process (PID=806) to work on /opt/airflow/dags/setup_pagila_sakila.py
[2026-08-19T14:38:13.818+0000] {processor.py:830} INFO - Processing file /opt/airflow/dags/setup_pagila_sakila.py for tasks to queue
[2026-08-19T14:38:13.819+0000] {logging_mixin.py:188} INFO - [2026-08-19T14:38:13.819+0000] {dagbag.py:538} INFO - Filling up the DagBag from /opt/airflow/dags/setup_pagila_sakila.py
[2026-08-19T14:38:13.835+0000] {processor.py:840} INFO - DAG(s) 'setup_pagila_sakila' retrieved from /opt/airflow/dags/setup_pagila_sakila.py
[2026-08-19T14:38:13.864+0000] {logging_mixin.py:188} INFO - [2026-08-19T14:38:13.863+0000] {dag.py:3036} INFO - Sync 1 DAGs
[2026-08-19T14:38:13.877+0000] {logging_mixin.py:188} INFO - [2026-08-19T14:38:13.877+0000] {dag.py:3823} INFO - Setting next_dagrun for setup_pagila_sakila to None, run_after=None
[2026-08-19T14:38:13.894+0000] {processor.py:183} INFO - Processing /opt/airflow/dags/setup_pagila_sakila.py took 0.080 seconds
[2026-08-19T14:38:44.024+0000] {processor.py:161} INFO - Started process (PID=811) to work on /opt/airflow/dags/setup_pagila_sakila.py
[2026-08-19T14:38:44.026+0000] {processor.py:830} INFO - Processing file /opt/airflow/dags/setup_pagila_sakila.py for tasks to queue
[2026-08-19T14:38:44.027+0000] {logging_mixin.py:188} INFO - [2026-08-19T14:38:44.027+0000] {dagbag.py:538} INFO - Filling up the DagBag from /opt/airflow/dags/setup_pagila_sakila.py
[2026-08-19T14:38:44.081+0000] {processor.py:840} INFO - DAG(s) 'setup_pagila_sakila' retrieved from /opt/airflow/dags/setup_pagila_sakila.py
[2026-08-19T14:38:44.267+0000] {logging_mixin.py:188} INFO - [2026-08-19T14:38:44.266+0000] {dag.py:3036} INFO - Sync 1 DAGs
[2026-08-19T14:38:44.320+0000] {logging_mixin.py:188} INFO - [2026-08-19T14:38:44.320+0000] {dag.py:3823} INFO - Setting next_dagrun for setup_pagila_sakila to None, run_after=None
[2026-08-19T14:38:44.342+0000] {processor.py:183} INFO - Processing /opt/airflow/dags/setup_pagila_sakila.py took 0.320 seconds
[2026-08-19T14:39:14.482+0000] {processor.py:161} INFO - Started process (PID=816) to work on /opt/airflow/dags/setup_pagila_sakila.py
[2026-08-19T14:39:14.483+0000] {processor.py:830} INFO - Processing file /opt/airflow/dags/setup_pagila_sakila.py for tasks to queue
[2026-08-19T14:39:14.486+0000] {logging_mixin.py:188} INFO - [2026-08-19T14:39:14.484+0000] {dagbag.py:538} INFO - Filling up the DagBag from /opt/airflow/dags/setup_pagila_sakila.py
[2026-08-19T14:39:14.508+0000] {processor.py:840} INFO - DAG(s) 'setup_pagila_sakila' retrieved from /opt/airflow/dags/setup_pagila_sakila.py
[2026-08-19T14:39:14.542+0000] {logging_mixin.py:188} INFO - [2026-08-19T14:39:14.542+0000] {dag.py:3036} INFO - Sync 1 DAGs
[2026-08-19T14:39:14.565+0000] {logging_mixin.py:188} INFO - [2026-08-19T14:39:14.565+0000] {dag.py:3823} INFO - Setting next_dagrun for setup_pagila_sakila to None, run_after=None
[2026-08-19T14:39:14.592+0000] {processor.py:183} INFO - Processing /opt/airflow/dags/setup_pagila_sakila.py took 0.116 seconds
[2026-08-19T14:39:44.643+0000] {processor.py:161} INFO - Started process (PID=821) to work on /opt/airflow/dags/setup_pagila_sakila.py
[2026-08-19T14:39:44.644+0000] {processor.py:830} INFO - Processing file /opt/airflow/dags/setup_pagila_sakila.py for tasks to queue
[2026-08-19T14:39:44.645+0000] {logging_mixin.py:188} INFO - [2026-08-19T14:39:44.645+0000] {dagbag.py:538} INFO - Filling up the DagBag from /opt/airflow/dags/setup_pagila_sakila.py
[2026-08-19T14:39:44.666+0000] {processor.py:840} INFO - DAG(s) 'setup_pagila_sakila' retrieved from /opt/airflow/dags/setup_pagila_sakila.py
[2026-08-19T14:39:44.705+0000] {logging_mixin.py:188} INFO - [2026-08-19T14:39:44.705+0000] {dag.py:3036} INFO - Sync 1 DAGs
[2026-08-19T14:39:44.722+0000] {logging_mixin.py:188} INFO - [2026-08-19T14:39:44.721+0000] {dag.py:3823} INFO - Setting next_dagrun for setup_pagila_sakila to None, run_after=None
[2026-08-19T14:39:44.746+0000] {processor.py:183} INFO - Processing /opt/airflow/dags/setup_pagila_sakila.py took 0.107 seconds
[2026-08-19T14:40:14.873+0000] {processor.py:161} INFO - Started process (PID=826) to work on /opt/airflow/dags/setup_pagila_sakila.py
[2026-08-19T14:40:14.874+0000] {processor.py:830} INFO - Processing file /opt/airflow/dags/setup_pagila_sakila.py for tasks to queue
[2026-08-19T14:40:14.877+0000] {logging_mixin.py:188} INFO - [2026-08-19T14:40:14.876+0000] {dagbag.py:538} INFO - Filling up the DagBag from /opt/airflow/dags/setup_pagila_sakila.py
[2026-08-19T14:40:14.903+0000] {processor.py:840} INFO - DAG(s) 'setup_pagila_sakila' retrieved from /opt/airflow/dags/setup_pagila_sakila.py
[2026-08-19T14:40:14.946+0000] {logging_mixin.py:188} INFO - [2026-08-19T14:40:14.946+0000] {dag.py:3036} INFO - Sync 1 DAGs
[2026-08-19T14:40:14.967+0000] {logging_mixin.py:188} INFO - [2026-08-19T14:40:14.966+0000] {dag.py:3823} INFO - Setting next_dagrun for setup_pagila_sakila to None, run_after=None
[2026-08-19T14:40:14.989+0000] {processor.py:183} INFO - Processing /opt/airflow/dags/setup_pagila_sakila.py took 0.123 seconds
[2026-08-19T14:40:45.063+0000] {processor.py:161} INFO - Started process (PID=831) to work on /opt/airflow/dags/setup_pagila_sakila.py
[2026-08-19T14:40:45.066+0000] {processor.py:830} INFO - Processing file /opt/airflow/dags/setup_pagila_sakila.py for tasks to queue
[2026-08-19T14:40:45.067+0000] {logging_mixin.py:188} INFO - [2026-08-19T14:40:45.067+0000] {dagbag.py:538} INFO - Filling up the DagBag from /opt/airflow/dags/setup_pagila_sakila.py
[2026-08-19T14:40:45.089+0000] {processor.py:840} INFO - DAG(s) 'setup_pagila_sakila' retrieved from /opt/airflow/dags/setup_pagila_sakila.py
[2026-08-19T14:40:45.134+0000] {logging_mixin.py:188} INFO - [2026-08-19T14:40:45.134+0000] {dag.py:3036} INFO - Sync 1 DAGs
[2026-08-19T14:40:45.149+0000] {logging_mixin.py:188} INFO - [2026-08-19T14:40:45.149+0000] {dag.py:3823} INFO - Setting next_dagrun for setup_pagila_sakila to None, run_after=None
[2026-08-19T14:40:45.168+0000] {processor.py:183} INFO - Processing /opt/airflow/dags/setup_pagila_sakila.py took 0.110 seconds
[2026-08-19T14:41:15.285+0000] {processor.py:161} INFO - Started process (PID=836) to work on /opt/airflow/dags/setup_pagila_sakila.py
[2026-08-19T14:41:15.286+0000] {processor.py:830} INFO - Processing file /opt/airflow/dags/setup_pagila_sakila.py for tasks to queue
[2026-08-19T14:41:15.287+0000] {logging_mixin.py:188} INFO - [2026-08-19T14:41:15.287+0000] {dagbag.py:538} INFO - Filling up the DagBag from /opt/airflow/dags/setup_pagila_sakila.py
[2026-08-19T14:41:15.311+0000] {processor.py:840} INFO - DAG(s) 'setup_pagila_sakila' retrieved from /opt/airflow/dags/setup_pagila_sakila.py
[2026-08-19T14:41:15.371+0000] {logging_mixin.py:188} INFO - [2026-08-19T14:41:15.370+0000] {dag.py:3036} INFO - Sync 1 DAGs
[2026-08-19T14:41:15.398+0000] {logging_mixin.py:188} INFO - [2026-08-19T14:41:15.397+0000] {dag.py:3823} INFO - Setting next_dagrun for setup_pagila_sakila to None, run_after=None
[2026-08-19T14:41:15.425+0000] {processor.py:183} INFO - Processing /opt/airflow/dags/setup_pagila_sakila.py took 0.145 seconds
[2026-08-19T14:41:45.474+0000] {processor.py:161} INFO - Started process (PID=841) to work on /opt/airflow/dags/setup_pagila_sakila.py
[2026-08-19T14:41:45.477+0000] {processor.py:830} INFO - Processing file /opt/airflow/dags/setup_pagila_sakila.py for tasks to queue
[2026-08-19T14:41:45.478+0000] {logging_mixin.py:188} INFO - [2026-08-19T14:41:45.478+0000] {dagbag.py:538} INFO - Filling up the DagBag from /opt/airflow/dags/setup_pagila_sakila.py
[2026-08-19T14:41:45.497+0000] {processor.py:840} INFO - DAG(s) 'setup_pagila_sakila' retrieved from /opt/airflow/dags/setup_pagila_sakila.py
[2026-08-19T14:41:45.526+0000] {logging_mixin.py:188} INFO - [2026-08-19T14:41:45.526+0000] {dag.py:3036} INFO - Sync 1 DAGs
[2026-08-19T14:41:45.539+0000] {logging_mixin.py:188} INFO - [2026-08-19T14:41:45.538+0000] {dag.py:3823} INFO - Setting next_dagrun for setup_pagila_sakila to None, run_after=None
[2026-08-19T14:41:45.559+0000] {processor.py:183} INFO - Processing /opt/airflow/dags/setup_pagila_sakila.py took 0.091 seconds
[2026-08-19T14:42:15.642+0000] {processor.py:161} INFO - Started process (PID=846) to work on /opt/airflow/dags/setup_pagila_sakila.py
[2026-08-19T14:42:15.643+0000] {processor.py:830} INFO - Processing file /opt/airflow/dags/setup_pagila_sakila.py for tasks to queue
[2026-08-19T14:42:15.644+0000] {logging_mixin.py:188} INFO - [2026-08-19T14:42:15.644+0000] {dagbag.py:538} INFO - Filling up the DagBag from /opt/airflow/dags/setup_pagila_sakila.py
[2026-08-19T14:42:15.680+0000] {processor.py:840} INFO - DAG(s) 'setup_pagila_sakila' retrieved from /opt/airflow/dags/setup_pagila_sakila.py
[2026-08-19T14:42:15.729+0000] {logging_mixin.py:188} INFO - [2026-08-19T14:42:15.729+0000] {dag.py:3036} INFO - Sync 1 DAGs
[2026-08-19T14:42:15.757+0000] {logging_mixin.py:188} INFO - [2026-08-19T14:42:15.757+0000] {dag.py:3823} INFO - Setting next_dagrun for setup_pagila_sakila to None, run_after=None
[2026-08-19T14:42:15.785+0000] {processor.py:183} INFO - Processing /opt/airflow/dags/setup_pagila_sakila.py took 0.146 seconds
[2026-08-19T14:42:45.932+0000] {processor.py:161} INFO - Started process (PID=853) to work on /opt/airflow/dags/setup_pagila_sakila.py
[2026-08-19T14:42:45.933+0000] {processor.py:830} INFO - Processing file /opt/airflow/dags/setup_pagila_sakila.py for tasks to queue
[2026-08-19T14:42:45.934+0000] {logging_mixin.py:188} INFO - [2026-08-19T14:42:45.934+0000] {dagbag.py:538} INFO - Filling up the DagBag from /opt/airflow/dags/setup_pagila_sakila.py
[2026-08-19T14:42:45.955+0000] {processor.py:840} INFO - DAG(s) 'setup_pagila_sakila' retrieved from /opt/airflow/dags/setup_pagila_sakila.py
[2026-08-19T14:42:45.988+0000] {logging_mixin.py:188} INFO - [2026-08-19T14:42:45.987+0000] {dag.py:3036} INFO - Sync 1 DAGs
[2026-08-19T14:42:46.002+0000] {logging_mixin.py:188} INFO - [2026-08-19T14:42:46.002+0000] {dag.py:3823} INFO - Setting next_dagrun for setup_pagila_sakila to None, run_after=None
[2026-08-19T14:42:46.019+0000] {processor.py:183} INFO - Processing /opt/airflow/dags/setup_pagila_sakila.py took 0.092 seconds
[2026-08-19T14:43:16.148+0000] {processor.py:161} INFO - Started process (PID=858) to work on /opt/airflow/dags/setup_pagila_sakila.py
[2026-08-19T14:43:16.149+0000] {processor.py:830} INFO - Processing file /opt/airflow/dags/setup_pagila_sakila.py for tasks to queue
[2026-08-19T14:43:16.150+0000] {logging_mixin.py:188} INFO - [2026-08-19T14:43:16.150+0000] {dagbag.py:538} INFO - Filling up the DagBag from /opt/airflow/dags/setup_pagila_sakila.py
[2026-08-19T14:43:16.181+0000] {processor.py:840} INFO - DAG(s) 'setup_pagila_sakila' retrieved from /opt/airflow/dags/setup_pagila_sakila.py
[2026-08-19T14:43:16.213+0000] {logging_mixin.py:188} INFO - [2026-08-19T14:43:16.212+0000] {dag.py:3036} INFO - Sync 1 DAGs
[2026-08-19T14:43:16.226+0000] {logging_mixin.py:188} INFO - [2026-08-19T14:43:16.226+0000] {dag.py:3823} INFO - Setting next_dagrun for setup_pagila_sakila to None, run_after=None
[2026-08-19T14:43:16.244+0000] {processor.py:183} INFO - Processing /opt/airflow/dags/setup_pagila_sakila.py took 0.101 seconds
[2026-08-19T14:43:46.392+0000] {processor.py:161} INFO - Started process (PID=863) to work on /opt/airflow/dags/setup_pagila_sakila.py
[2026-08-19T14:43:46.394+0000] {processor.py:830} INFO - Processing file /opt/airflow/dags/setup_pagila_sakila.py for tasks to queue
[2026-08-19T14:43:46.395+0000] {logging_mixin.py:188} INFO - [2026-08-19T14:43:46.395+0000] {dagbag.py:538} INFO - Filling up the DagBag from /opt/airflow/dags/setup_pagila_sakila.py
[2026-08-19T14:43:46.418+0000] {processor.py:840} INFO - DAG(s) 'setup_pagila_sakila' retrieved from /opt/airflow/dags/setup_pagila_sakila.py
[2026-08-19T14:43:46.448+0000] {logging_mixin.py:188} INFO - [2026-08-19T14:43:46.448+0000] {dag.py:3036} INFO - Sync 1 DAGs
[2026-08-19T14:43:46.466+0000] {logging_mixin.py:188} INFO - [2026-08-19T14:43:46.465+0000] {dag.py:3823} INFO - Setting next_dagrun for setup_pagila_sakila to None, run_after=None
[2026-08-19T14:43:46.486+0000] {processor.py:183} INFO - Processing /opt/airflow/dags/setup_pagila_sakila.py took 0.100 seconds
[2026-08-19T14:44:16.590+0000] {processor.py:161} INFO - Started process (PID=868) to work on /opt/airflow/dags/setup_pagila_sakila.py
[2026-08-19T14:44:16.592+0000] {processor.py:830} INFO - Processing file /opt/airflow/dags/setup_pagila_sakila.py for tasks to queue
[2026-08-19T14:44:16.593+0000] {logging_mixin.py:188} INFO - [2026-08-19T14:44:16.593+0000] {dagbag.py:538} INFO - Filling up the DagBag from /opt/airflow/dags/setup_pagila_sakila.py
[2026-08-19T14:44:16.612+0000] {processor.py:840} INFO - DAG(s) 'setup_pagila_sakila' retrieved from /opt/airflow/dags/setup_pagila_sakila.py
[2026-08-19T14:44:16.657+0000] {logging_mixin.py:188} INFO - [2026-08-19T14:44:16.657+0000] {dag.py:3036} INFO - Sync 1 DAGs
[2026-08-19T14:44:16.677+0000] {logging_mixin.py:188} INFO - [2026-08-19T14:44:16.677+0000] {dag.py:3823} INFO - Setting next_dagrun for setup_pagila_sakila to None, run_after=None
[2026-08-19T14:44:16.701+0000] {processor.py:183} INFO - Processing /opt/airflow/dags/setup_pagila_sakila.py took 0.115 seconds
[2026-08-19T14:44:46.850+0000] {processor.py:161} INFO - Started process (PID=873) to work on /opt/airflow/dags/setup_pagila_sakila.py
[2026-08-19T14:44:46.851+0000] {processor.py:830} INFO - Processing file /opt/airflow/dags/setup_pagila_sakila.py for tasks to queue
[2026-08-19T14:44:46.853+0000] {logging_mixin.py:188} INFO - [2026-08-19T14:44:46.852+0000] {dagbag.py:538} INFO - Filling up the DagBag from /opt/airflow/dags/setup_pagila_sakila.py
[2026-08-19T14:44:46.888+0000] {processor.py:840} INFO - DAG(s) 'setup_pagila_sakila' retrieved from /opt/airflow/dags/setup_pagila_sakila.py
[2026-08-19T14:44:46.916+0000] {logging_mixin.py:188} INFO - [2026-08-19T14:44:46.916+0000] {dag.py:3036} INFO - Sync 1 DAGs
[2026-08-19T14:44:46.931+0000] {logging_mixin.py:188} INFO - [2026-08-19T14:44:46.930+0000] {dag.py:3823} INFO - Setting next_dagrun for setup_pagila_sakila to None, run_after=None
[2026-08-19T14:44:46.952+0000] {processor.py:183} INFO - Processing /opt/airflow/dags/setup_pagila_sakila.py took 0.105 seconds
[2026-08-19T14:45:17.094+0000] {processor.py:161} INFO - Started process (PID=878) to work on /opt/airflow/dags/setup_pagila_sakila.py
[2026-08-19T14:45:17.096+0000] {processor.py:830} INFO - Processing file /opt/airflow/dags/setup_pagila_sakila.py for tasks to queue
[2026-08-19T14:45:17.097+0000] {logging_mixin.py:188} INFO - [2026-08-19T14:45:17.097+0000] {dagbag.py:538} INFO - Filling up the DagBag from /opt/airflow/dags/setup_pagila_sakila.py
[2026-08-19T14:45:17.127+0000] {processor.py:840} INFO - DAG(s) 'setup_pagila_sakila' retrieved from /opt/airflow/dags/setup_pagila_sakila.py
[2026-08-19T14:45:17.179+0000] {logging_mixin.py:188} INFO - [2026-08-19T14:45:17.178+0000] {dag.py:3036} INFO - Sync 1 DAGs
[2026-08-19T14:45:17.197+0000] {logging_mixin.py:188} INFO - [2026-08-19T14:45:17.196+0000] {dag.py:3823} INFO - Setting next_dagrun for setup_pagila_sakila to None, run_after=None
[2026-08-19T14:45:17.221+0000] {processor.py:183} INFO - Processing /opt/airflow/dags/setup_pagila_sakila.py took 0.131 seconds
[2026-08-19T14:45:47.294+0000] {processor.py:161} INFO - Started process (PID=883) to work on /opt/airflow/dags/setup_pagila_sakila.py
[2026-08-19T14:45:47.296+0000] {processor.py:830} INFO - Processing file /opt/airflow/dags/setup_pagila_sakila.py for tasks to queue
[2026-08-19T14:45:47.297+0000] {logging_mixin.py:188} INFO - [2026-08-19T14:45:47.297+0000] {dagbag.py:538} INFO - Filling up the DagBag from /opt/airflow/dags/setup_pagila_sakila.py
[2026-08-19T14:45:47.342+0000] {processor.py:840} INFO - DAG(s) 'setup_pagila_sakila' retrieved from /opt/airflow/dags/setup_pagila_sakila.py
[2026-08-19T14:45:47.392+0000] {logging_mixin.py:188} INFO - [2026-08-19T14:45:47.391+0000] {dag.py:3036} INFO - Sync 1 DAGs
[2026-08-19T14:45:47.413+0000] {logging_mixin.py:188} INFO - [2026-08-19T14:45:47.413+0000] {dag.py:3823} INFO - Setting next_dagrun for setup_pagila_sakila to None, run_after=None
[2026-08-19T14:45:47.432+0000] {processor.py:183} INFO - Processing /opt/airflow/dags/setup_pagila_sakila.py took 0.151 seconds
[2026-08-19T14:46:17.542+0000] {processor.py:161} INFO - Started process (PID=888) to work on /opt/airflow/dags/setup_pagila_sakila.py
[2026-08-19T14:46:17.544+0000] {processor.py:830} INFO - Processing file /opt/airflow/dags/setup_pagila_sakila.py for tasks to queue
[2026-08-19T14:46:17.546+0000] {logging_mixin.py:188} INFO - [2026-08-19T14:46:17.546+0000] {dagbag.py:538} INFO - Filling up the DagBag from /opt/airflow/dags/setup_pagila_sakila.py
[2026-08-19T14:46:17.573+0000] {processor.py:840} INFO - DAG(s) 'setup_pagila_sakila' retrieved from /opt/airflow/dags/setup_pagila_sakila.py
[2026-08-19T14:46:17.611+0000] {logging_mixin.py:188} INFO - [2026-08-19T14:46:17.611+0000] {dag.py:3036} INFO - Sync 1 DAGs
[2026-08-19T14:46:17.628+0000] {logging_mixin.py:188} INFO - [2026-08-19T14:46:17.628+0000] {dag.py:3823} INFO - Setting next_dagrun for setup_pagila_sakila to None, run_after=None
[2026-08-19T14:46:17.652+0000] {processor.py:183} INFO - Processing /opt/airflow/dags/setup_pagila_sakila.py took 0.115 seconds
[2026-08-19T14:46:47.705+0000] {processor.py:161} INFO - Started process (PID=893) to work on /opt/airflow/dags/setup_pagila_sakila.py
[2026-08-19T14:46:47.706+0000] {processor.py:830} INFO - Processing file /opt/airflow/dags/setup_pagila_sakila.py for tasks to queue
[2026-08-19T14:46:47.707+0000] {logging_mixin.py:188} INFO - [2026-08-19T14:46:47.707+0000] {dagbag.py:538} INFO - Filling up the DagBag from /opt/airflow/dags/setup_pagila_sakila.py
[2026-08-19T14:46:47.729+0000] {processor.py:840} INFO - DAG(s) 'setup_pagila_sakila' retrieved from /opt/airflow/dags/setup_pagila_sakila.py
[2026-08-19T14:46:47.776+0000] {logging_mixin.py:188} INFO - [2026-08-19T14:46:47.776+0000] {dag.py:3036} INFO - Sync 1 DAGs
[2026-08-19T14:46:47.805+0000] {logging_mixin.py:188} INFO - [2026-08-19T14:46:47.804+0000] {dag.py:3823} INFO - Setting next_dagrun for setup_pagila_sakila to None, run_after=None
[2026-08-19T14:46:47.825+0000] {processor.py:183} INFO - Processing /opt/airflow/dags/setup_pagila_sakila.py took 0.124 seconds
[2026-08-19T14:47:18.016+0000] {processor.py:161} INFO - Started process (PID=898) to work on /opt/airflow/dags/setup_pagila_sakila.py
[2026-08-19T14:47:18.017+0000] {processor.py:830} INFO - Processing file /opt/airflow/dags/setup_pagila_sakila.py for tasks to queue
[2026-08-19T14:47:18.019+0000] {logging_mixin.py:188} INFO - [2026-08-19T14:47:18.018+0000] {dagbag.py:538} INFO - Filling up the DagBag from /opt/airflow/dags/setup_pagila_sakila.py
[2026-08-19T14:47:18.048+0000] {processor.py:840} INFO - DAG(s) 'setup_pagila_sakila' retrieved from /opt/airflow/dags/setup_pagila_sakila.py
[2026-08-19T14:47:18.109+0000] {logging_mixin.py:188} INFO - [2026-08-19T14:47:18.109+0000] {dag.py:3036} INFO - Sync 1 DAGs
[2026-08-19T14:47:18.146+0000] {logging_mixin.py:188} INFO - [2026-08-19T14:47:18.145+0000] {dag.py:3823} INFO - Setting next_dagrun for setup_pagila_sakila to None, run_after=None
[2026-08-19T14:47:18.174+0000] {processor.py:183} INFO - Processing /opt/airflow/dags/setup_pagila_sakila.py took 0.163 seconds
[2026-08-19T14:47:48.310+0000] {processor.py:161} INFO - Started process (PID=903) to work on /opt/airflow/dags/setup_pagila_sakila.py
[2026-08-19T14:47:48.312+0000] {processor.py:830} INFO - Processing file /opt/airflow/dags/setup_pagila_sakila.py for tasks to queue
[2026-08-19T14:47:48.313+0000] {logging_mixin.py:188} INFO - [2026-08-19T14:47:48.313+0000] {dagbag.py:538} INFO - Filling up the DagBag from /opt/airflow/dags/setup_pagila_sakila.py
[2026-08-19T14:47:48.337+0000] {processor.py:840} INFO - DAG(s) 'setup_pagila_sakila' retrieved from /opt/airflow/dags/setup_pagila_sakila.py
[2026-08-19T14:47:48.375+0000] {logging_mixin.py:188} INFO - [2026-08-19T14:47:48.375+0000] {dag.py:3036} INFO - Sync 1 DAGs
[2026-08-19T14:47:48.398+0000] {logging_mixin.py:188} INFO - [2026-08-19T14:47:48.398+0000] {dag.py:3823} INFO - Setting next_dagrun for setup_pagila_sakila to None, run_after=None
[2026-08-19T14:47:48.426+0000] {processor.py:183} INFO - Processing /opt/airflow/dags/setup_pagila_sakila.py took 0.120 seconds
[2026-08-19T14:48:18.558+0000] {processor.py:161} INFO - Started process (PID=908) to work on /opt/airflow/dags/setup_pagila_sakila.py
[2026-08-19T14:48:18.560+0000] {processor.py:830} INFO - Processing file /opt/airflow/dags/setup_pagila_sakila.py for tasks to queue
[2026-08-19T14:48:18.562+0000] {logging_mixin.py:188} INFO - [2026-08-19T14:48:18.562+0000] {dagbag.py:538} INFO - Filling up the DagBag from /opt/airflow/dags/setup_pagila_sakila.py
[2026-08-19T14:48:18.592+0000] {processor.py:840} INFO - DAG(s) 'setup_pagila_sakila' retrieved from /opt/airflow/dags/setup_pagila_sakila.py
[2026-08-19T14:48:18.629+0000] {logging_mixin.py:188} INFO - [2026-08-19T14:48:18.629+0000] {dag.py:3036} INFO - Sync 1 DAGs
[2026-08-19T14:48:18.659+0000] {logging_mixin.py:188} INFO - [2026-08-19T14:48:18.659+0000] {dag.py:3823} INFO - Setting next_dagrun for setup_pagila_sakila to None, run_after=None
[2026-08-19T14:48:18.689+0000] {processor.py:183} INFO - Processing /opt/airflow/dags/setup_pagila_sakila.py took 0.138 seconds
[2026-08-19T14:48:48.831+0000] {processor.py:161} INFO - Started process (PID=913) to work on /opt/airflow/dags/setup_pagila_sakila.py
[2026-08-19T14:48:48.833+0000] {processor.py:830} INFO - Processing file /opt/airflow/dags/setup_pagila_sakila.py for tasks to queue
[2026-08-19T14:48:48.835+0000] {logging_mixin.py:188} INFO - [2026-08-19T14:48:48.834+0000] {dagbag.py:538} INFO - Filling up the DagBag from /opt/airflow/dags/setup_pagila_sakila.py
[2026-08-19T14:48:48.873+0000] {processor.py:840} INFO - DAG(s) 'setup_pagila_sakila' retrieved from /opt/airflow/dags/setup_pagila_sakila.py
[2026-08-19T14:48:48.910+0000] {logging_mixin.py:188} INFO - [2026-08-19T14:48:48.910+0000] {dag.py:3036} INFO - Sync 1 DAGs
[2026-08-19T14:48:48.928+0000] {logging_mixin.py:188} INFO - [2026-08-19T14:48:48.928+0000] {dag.py:3823} INFO - Setting next_dagrun for setup_pagila_sakila to None, run_after=None
[2026-08-19T14:48:48.951+0000] {processor.py:183} INFO - Processing /opt/airflow/dags/setup_pagila_sakila.py took 0.126 seconds
[2026-08-19T14:49:19.077+0000] {processor.py:161} INFO - Started process (PID=918) to work on /opt/airflow/dags/setup_pagila_sakila.py
[2026-08-19T14:49:19.078+0000] {processor.py:830} INFO - Processing file /opt/airflow/dags/setup_pagila_sakila.py for tasks to queue
[2026-08-19T14:49:19.079+0000] {logging_mixin.py:188} INFO - [2026-08-19T14:49:19.079+0000] {dagbag.py:538} INFO - Filling up the DagBag from /opt/airflow/dags/setup_pagila_sakila.py
[2026-08-19T14:49:19.148+0000] {processor.py:840} INFO - DAG(s) 'setup_pagila_sakila' retrieved from /opt/airflow/dags/setup_pagila_sakila.py
[2026-08-19T14:49:19.186+0000] {logging_mixin.py:188} INFO - [2026-08-19T14:49:19.185+0000] {dag.py:3036} INFO - Sync 1 DAGs
[2026-08-19T14:49:19.237+0000] {logging_mixin.py:188} INFO - [2026-08-19T14:49:19.237+0000] {dag.py:3823} INFO - Setting next_dagrun for setup_pagila_sakila to None, run_after=None
[2026-08-19T14:49:19.265+0000] {processor.py:183} INFO - Processing /opt/airflow/dags/setup_pagila_sakila.py took 0.193 seconds
[2026-08-19T14:49:49.470+0000] {processor.py:161} INFO - Started process (PID=923) to work on /opt/airflow/dags/setup_pagila_sakila.py
[2026-08-19T14:49:49.475+0000] {processor.py:830} INFO - Processing file /opt/airflow/dags/setup_pagila_sakila.py for tasks to queue
[2026-08-19T14:49:49.479+0000] {logging_mixin.py:188} INFO - [2026-08-19T14:49:49.477+0000] {dagbag.py:538} INFO - Filling up the DagBag from /opt/airflow/dags/setup_pagila_sakila.py
[2026-08-19T14:49:49.546+0000] {processor.py:840} INFO - DAG(s) 'setup_pagila_sakila' retrieved from /opt/airflow/dags/setup_pagila_sakila.py
[2026-08-19T14:49:49.615+0000] {logging_mixin.py:188} INFO - [2026-08-19T14:49:49.615+0000] {dag.py:3036} INFO - Sync 1 DAGs
[2026-08-19T14:49:49.643+0000] {logging_mixin.py:188} INFO - [2026-08-19T14:49:49.643+0000] {dag.py:3823} INFO - Setting next_dagrun for setup_pagila_sakila to None, run_after=None
[2026-08-19T14:49:49.678+0000] {processor.py:183} INFO - Processing /opt/airflow/dags/setup_pagila_sakila.py took 0.231 seconds
[2026-08-19T14:50:19.853+0000] {processor.py:161} INFO - Started process (PID=928) to work on /opt/airflow/dags/setup_pagila_sakila.py
[2026-08-19T14:50:19.855+0000] {processor.py:830} INFO - Processing file /opt/airflow/dags/setup_pagila_sakila.py for tasks to queue
[2026-08-19T14:50:19.857+0000] {logging_mixin.py:188} INFO - [2026-08-19T14:50:19.856+0000] {dagbag.py:538} INFO - Filling up the DagBag from /opt/airflow/dags/setup_pagila_sakila.py
[2026-08-19T14:50:19.902+0000] {processor.py:840} INFO - DAG(s) 'setup_pagila_sakila' retrieved from /opt/airflow/dags/setup_pagila_sakila.py
[2026-08-19T14:50:19.959+0000] {logging_mixin.py:188} INFO - [2026-08-19T14:50:19.958+0000] {dag.py:3036} INFO - Sync 1 DAGs
[2026-08-19T14:50:19.978+0000] {logging_mixin.py:188} INFO - [2026-08-19T14:50:19.978+0000] {dag.py:3823} INFO - Setting next_dagrun for setup_pagila_sakila to None, run_after=None
[2026-08-19T14:50:20.008+0000] {processor.py:183} INFO - Processing /opt/airflow/dags/setup_pagila_sakila.py took 0.161 seconds
[2026-08-19T14:50:50.112+0000] {processor.py:161} INFO - Started process (PID=933) to work on /opt/airflow/dags/setup_pagila_sakila.py
[2026-08-19T14:50:50.115+0000] {processor.py:830} INFO - Processing file /opt/airflow/dags/setup_pagila_sakila.py for tasks to queue
[2026-08-19T14:50:50.122+0000] {logging_mixin.py:188} INFO - [2026-08-19T14:50:50.119+0000] {dagbag.py:538} INFO - Filling up the DagBag from /opt/airflow/dags/setup_pagila_sakila.py
[2026-08-19T14:50:50.155+0000] {processor.py:840} INFO - DAG(s) 'setup_pagila_sakila' retrieved from /opt/airflow/dags/setup_pagila_sakila.py
[2026-08-19T14:50:50.220+0000] {logging_mixin.py:188} INFO - [2026-08-19T14:50:50.220+0000] {dag.py:3036} INFO - Sync 1 DAGs
[2026-08-19T14:50:50.259+0000] {logging_mixin.py:188} INFO - [2026-08-19T14:50:50.259+0000] {dag.py:3823} INFO - Setting next_dagrun for setup_pagila_sakila to None, run_after=None
[2026-08-19T14:50:50.276+0000] {processor.py:183} INFO - Processing /opt/airflow/dags/setup_pagila_sakila.py took 0.212 seconds
[2026-08-19T14:51:20.390+0000] {processor.py:161} INFO - Started process (PID=938) to work on /opt/airflow/dags/setup_pagila_sakila.py
[2026-08-19T14:51:20.391+0000] {processor.py:830} INFO - Processing file /opt/airflow/dags/setup_pagila_sakila.py for tasks to queue
[2026-08-19T14:51:20.393+0000] {logging_mixin.py:188} INFO - [2026-08-19T14:51:20.392+0000] {dagbag.py:538} INFO - Filling up the DagBag from /opt/airflow/dags/setup_pagila_sakila.py
[2026-08-19T14:51:20.436+0000] {processor.py:840} INFO - DAG(s) 'setup_pagila_sakila' retrieved from /opt/airflow/dags/setup_pagila_sakila.py
[2026-08-19T14:51:20.513+0000] {logging_mixin.py:188} INFO - [2026-08-19T14:51:20.512+0000] {dag.py:3036} INFO - Sync 1 DAGs
[2026-08-19T14:51:20.543+0000] {logging_mixin.py:188} INFO - [2026-08-19T14:51:20.543+0000] {dag.py:3823} INFO - Setting next_dagrun for setup_pagila_sakila to None, run_after=None
[2026-08-19T14:51:20.580+0000] {processor.py:183} INFO - Processing /opt/airflow/dags/setup_pagila_sakila.py took 0.194 seconds
[2026-08-19T14:51:50.761+0000] {processor.py:161} INFO - Started process (PID=943) to work on /opt/airflow/dags/setup_pagila_sakila.py
[2026-08-19T14:51:50.763+0000] {processor.py:830} INFO - Processing file /opt/airflow/dags/setup_pagila_sakila.py for tasks to queue
[2026-08-19T14:51:50.765+0000] {logging_mixin.py:188} INFO - [2026-08-19T14:51:50.764+0000] {dagbag.py:538} INFO - Filling up the DagBag from /opt/airflow/dags/setup_pagila_sakila.py
[2026-08-19T14:51:50.791+0000] {processor.py:840} INFO - DAG(s) 'setup_pagila_sakila' retrieved from /opt/airflow/dags/setup_pagila_sakila.py
[2026-08-19T14:51:50.829+0000] {logging_mixin.py:188} INFO - [2026-08-19T14:51:50.829+0000] {dag.py:3036} INFO - Sync 1 DAGs
[2026-08-19T14:51:50.854+0000] {logging_mixin.py:188} INFO - [2026-08-19T14:51:50.854+0000] {dag.py:3823} INFO - Setting next_dagrun for setup_pagila_sakila to None, run_after=None
[2026-08-19T14:51:50.883+0000] {processor.py:183} INFO - Processing /opt/airflow/dags/setup_pagila_sakila.py took 0.128 seconds
[2026-08-19T14:52:21.051+0000] {processor.py:161} INFO - Started process (PID=948) to work on /opt/airflow/dags/setup_pagila_sakila.py
[2026-08-19T14:52:21.055+0000] {processor.py:830} INFO - Processing file /opt/airflow/dags/setup_pagila_sakila.py for tasks to queue
[2026-08-19T14:52:21.059+0000] {logging_mixin.py:188} INFO - [2026-08-19T14:52:21.058+0000] {dagbag.py:538} INFO - Filling up the DagBag from /opt/airflow/dags/setup_pagila_sakila.py
[2026-08-19T14:52:21.131+0000] {processor.py:840} INFO - DAG(s) 'setup_pagila_sakila' retrieved from /opt/airflow/dags/setup_pagila_sakila.py
[2026-08-19T14:52:21.236+0000] {logging_mixin.py:188} INFO - [2026-08-19T14:52:21.236+0000] {dag.py:3036} INFO - Sync 1 DAGs
[2026-08-19T14:52:21.284+0000] {logging_mixin.py:188} INFO - [2026-08-19T14:52:21.284+0000] {dag.py:3823} INFO - Setting next_dagrun for setup_pagila_sakila to None, run_after=None
[2026-08-19T14:52:21.322+0000] {processor.py:183} INFO - Processing /opt/airflow/dags/setup_pagila_sakila.py took 0.281 seconds
[2026-08-19T14:52:51.497+0000] {processor.py:161} INFO - Started process (PID=953) to work on /opt/airflow/dags/setup_pagila_sakila.py
[2026-08-19T14:52:51.499+0000] {processor.py:830} INFO - Processing file /opt/airflow/dags/setup_pagila_sakila.py for tasks to queue
[2026-08-19T14:52:51.500+0000] {logging_mixin.py:188} INFO - [2026-08-19T14:52:51.500+0000] {dagbag.py:538} INFO - Filling up the DagBag from /opt/airflow/dags/setup_pagila_sakila.py
[2026-08-19T14:52:51.529+0000] {processor.py:840} INFO - DAG(s) 'setup_pagila_sakila' retrieved from /opt/airflow/dags/setup_pagila_sakila.py
[2026-08-19T14:52:51.609+0000] {logging_mixin.py:188} INFO - [2026-08-19T14:52:51.609+0000] {dag.py:3036} INFO - Sync 1 DAGs
[2026-08-19T14:52:51.655+0000] {logging_mixin.py:188} INFO - [2026-08-19T14:52:51.655+0000] {dag.py:3823} INFO - Setting next_dagrun for setup_pagila_sakila to None, run_after=None
[2026-08-19T14:52:51.704+0000] {processor.py:183} INFO - Processing /opt/airflow/dags/setup_pagila_sakila.py took 0.218 seconds
[2026-08-19T14:53:21.866+0000] {processor.py:161} INFO - Started process (PID=958) to work on /opt/airflow/dags/setup_pagila_sakila.py
[2026-08-19T14:53:21.868+0000] {processor.py:830} INFO - Processing file /opt/airflow/dags/setup_pagila_sakila.py for tasks to queue
[2026-08-19T14:53:21.870+0000] {logging_mixin.py:188} INFO - [2026-08-19T14:53:21.869+0000] {dagbag.py:538} INFO - Filling up the DagBag from /opt/airflow/dags/setup_pagila_sakila.py
[2026-08-19T14:53:21.892+0000] {processor.py:840} INFO - DAG(s) 'setup_pagila_sakila' retrieved from /opt/airflow/dags/setup_pagila_sakila.py
[2026-08-19T14:53:21.970+0000] {logging_mixin.py:188} INFO - [2026-08-19T14:53:21.970+0000] {dag.py:3036} INFO - Sync 1 DAGs
[2026-08-19T14:53:22.014+0000] {logging_mixin.py:188} INFO - [2026-08-19T14:53:22.013+0000] {dag.py:3823} INFO - Setting next_dagrun for setup_pagila_sakila to None, run_after=None
[2026-08-19T14:53:22.054+0000] {processor.py:183} INFO - Processing /opt/airflow/dags/setup_pagila_sakila.py took 0.192 seconds
[2026-08-19T14:53:52.194+0000] {processor.py:161} INFO - Started process (PID=963) to work on /opt/airflow/dags/setup_pagila_sakila.py
[2026-08-19T14:53:52.196+0000] {processor.py:830} INFO - Processing file /opt/airflow/dags/setup_pagila_sakila.py for tasks to queue
[2026-08-19T14:53:52.198+0000] {logging_mixin.py:188} INFO - [2026-08-19T14:53:52.198+0000] {dagbag.py:538} INFO - Filling up the DagBag from /opt/airflow/dags/setup_pagila_sakila.py
[2026-08-19T14:53:52.240+0000] {processor.py:840} INFO - DAG(s) 'setup_pagila_sakila' retrieved from /opt/airflow/dags/setup_pagila_sakila.py
[2026-08-19T14:53:52.309+0000] {logging_mixin.py:188} INFO - [2026-08-19T14:53:52.308+0000] {dag.py:3036} INFO - Sync 1 DAGs
[2026-08-19T14:53:52.338+0000] {logging_mixin.py:188} INFO - [2026-08-19T14:53:52.338+0000] {dag.py:3823} INFO - Setting next_dagrun for setup_pagila_sakila to None, run_after=None
[2026-08-19T14:53:52.374+0000] {processor.py:183} INFO - Processing /opt/airflow/dags/setup_pagila_sakila.py took 0.184 seconds
[2026-08-19T14:54:22.536+0000] {processor.py:161} INFO - Started process (PID=968) to work on /opt/airflow/dags/setup_pagila_sakila.py
[2026-08-19T14:54:22.538+0000] {processor.py:830} INFO - Processing file /opt/airflow/dags/setup_pagila_sakila.py for tasks to queue
[2026-08-19T14:54:22.539+0000] {logging_mixin.py:188} INFO - [2026-08-19T14:54:22.539+0000] {dagbag.py:538} INFO - Filling up the DagBag from /opt/airflow/dags/setup_pagila_sakila.py
[2026-08-19T14:54:22.556+0000] {processor.py:840} INFO - DAG(s) 'setup_pagila_sakila' retrieved from /opt/airflow/dags/setup_pagila_sakila.py
[2026-08-19T14:54:22.588+0000] {logging_mixin.py:188} INFO - [2026-08-19T14:54:22.588+0000] {dag.py:3036} INFO - Sync 1 DAGs
[2026-08-19T14:54:22.605+0000] {logging_mixin.py:188} INFO - [2026-08-19T14:54:22.604+0000] {dag.py:3823} INFO - Setting next_dagrun for setup_pagila_sakila to None, run_after=None
[2026-08-19T14:54:22.623+0000] {processor.py:183} INFO - Processing /opt/airflow/dags/setup_pagila_sakila.py took 0.090 seconds
[2026-08-19T14:54:52.720+0000] {processor.py:161} INFO - Started process (PID=973) to work on /opt/airflow/dags/setup_pagila_sakila.py
[2026-08-19T14:54:52.721+0000] {processor.py:830} INFO - Processing file /opt/airflow/dags/setup_pagila_sakila.py for tasks to queue
[2026-08-19T14:54:52.722+0000] {logging_mixin.py:188} INFO - [2026-08-19T14:54:52.722+0000] {dagbag.py:538} INFO - Filling up the DagBag from /opt/airflow/dags/setup_pagila_sakila.py
[2026-08-19T14:54:52.737+0000] {processor.py:840} INFO - DAG(s) 'setup_pagila_sakila' retrieved from /opt/airflow/dags/setup_pagila_sakila.py
[2026-08-19T14:54:52.764+0000] {logging_mixin.py:188} INFO - [2026-08-19T14:54:52.763+0000] {dag.py:3036} INFO - Sync 1 DAGs
[2026-08-19T14:54:52.778+0000] {logging_mixin.py:188} INFO - [2026-08-19T14:54:52.778+0000] {dag.py:3823} INFO - Setting next_dagrun for setup_pagila_sakila to None, run_after=None
[2026-08-19T14:54:52.794+0000] {processor.py:183} INFO - Processing /opt/airflow/dags/setup_pagila_sakila.py took 0.077 seconds
[2026-08-19T14:55:23.026+0000] {processor.py:161} INFO - Started process (PID=978) to work on /opt/airflow/dags/setup_pagila_sakila.py
[2026-08-19T14:55:23.027+0000] {processor.py:830} INFO - Processing file /opt/airflow/dags/setup_pagila_sakila.py for tasks to queue
[2026-08-19T14:55:23.029+0000] {logging_mixin.py:188} INFO - [2026-08-19T14:55:23.028+0000] {dagbag.py:538} INFO - Filling up the DagBag from /opt/airflow/dags/setup_pagila_sakila.py
[2026-08-19T14:55:23.050+0000] {processor.py:840} INFO - DAG(s) 'setup_pagila_sakila' retrieved from /opt/airflow/dags/setup_pagila_sakila.py
[2026-08-19T14:55:23.101+0000] {logging_mixin.py:188} INFO - [2026-08-19T14:55:23.101+0000] {dag.py:3036} INFO - Sync 1 DAGs
[2026-08-19T14:55:23.134+0000] {logging_mixin.py:188} INFO - [2026-08-19T14:55:23.134+0000] {dag.py:3823} INFO - Setting next_dagrun for setup_pagila_sakila to None, run_after=None
[2026-08-19T14:55:23.165+0000] {processor.py:183} INFO - Processing /opt/airflow/dags/setup_pagila_sakila.py took 0.143 seconds
[2026-08-19T14:55:53.265+0000] {processor.py:161} INFO - Started process (PID=983) to work on /opt/airflow/dags/setup_pagila_sakila.py
[2026-08-19T14:55:53.266+0000] {processor.py:830} INFO - Processing file /opt/airflow/dags/setup_pagila_sakila.py for tasks to queue
[2026-08-19T14:55:53.268+0000] {logging_mixin.py:188} INFO - [2026-08-19T14:55:53.268+0000] {dagbag.py:538} INFO - Filling up the DagBag from /opt/airflow/dags/setup_pagila_sakila.py
[2026-08-19T14:55:53.284+0000] {processor.py:840} INFO - DAG(s) 'setup_pagila_sakila' retrieved from /opt/airflow/dags/setup_pagila_sakila.py
[2026-08-19T14:55:53.330+0000] {logging_mixin.py:188} INFO - [2026-08-19T14:55:53.330+0000] {dag.py:3036} INFO - Sync 1 DAGs
[2026-08-19T14:55:53.343+0000] {logging_mixin.py:188} INFO - [2026-08-19T14:55:53.343+0000] {dag.py:3823} INFO - Setting next_dagrun for setup_pagila_sakila to None, run_after=None
[2026-08-19T14:55:53.361+0000] {processor.py:183} INFO - Processing /opt/airflow/dags/setup_pagila_sakila.py took 0.101 seconds
[2026-08-19T14:56:23.467+0000] {processor.py:161} INFO - Started process (PID=988) to work on /opt/airflow/dags/setup_pagila_sakila.py
[2026-08-19T14:56:23.469+0000] {processor.py:830} INFO - Processing file /opt/airflow/dags/setup_pagila_sakila.py for tasks to queue
[2026-08-19T14:56:23.471+0000] {logging_mixin.py:188} INFO - [2026-08-19T14:56:23.470+0000] {dagbag.py:538} INFO - Filling up the DagBag from /opt/airflow/dags/setup_pagila_sakila.py
[2026-08-19T14:56:23.491+0000] {processor.py:840} INFO - DAG(s) 'setup_pagila_sakila' retrieved from /opt/airflow/dags/setup_pagila_sakila.py
[2026-08-19T14:56:23.520+0000] {logging_mixin.py:188} INFO - [2026-08-19T14:56:23.520+0000] {dag.py:3036} INFO - Sync 1 DAGs
[2026-08-19T14:56:23.535+0000] {logging_mixin.py:188} INFO - [2026-08-19T14:56:23.534+0000] {dag.py:3823} INFO - Setting next_dagrun for setup_pagila_sakila to None, run_after=None
[2026-08-19T14:56:23.553+0000] {processor.py:183} INFO - Processing /opt/airflow/dags/setup_pagila_sakila.py took 0.090 seconds
[2026-08-19T14:56:53.638+0000] {processor.py:161} INFO - Started process (PID=999) to work on /opt/airflow/dags/setup_pagila_sakila.py
[2026-08-19T14:56:53.639+0000] {processor.py:830} INFO - Processing file /opt/airflow/dags/setup_pagila_sakila.py for tasks to queue
[2026-08-19T14:56:53.640+0000] {logging_mixin.py:188} INFO - [2026-08-19T14:56:53.640+0000] {dagbag.py:538} INFO - Filling up the DagBag from /opt/airflow/dags/setup_pagila_sakila.py
[2026-08-19T14:56:53.662+0000] {processor.py:840} INFO - DAG(s) 'setup_pagila_sakila' retrieved from /opt/airflow/dags/setup_pagila_sakila.py
[2026-08-19T14:56:53.690+0000] {logging_mixin.py:188} INFO - [2026-08-19T14:56:53.690+0000] {dag.py:3036} INFO - Sync 1 DAGs
[2026-08-19T14:56:53.713+0000] {logging_mixin.py:188} INFO - [2026-08-19T14:56:53.713+0000] {dag.py:3823} INFO - Setting next_dagrun for setup_pagila_sakila to None, run_after=None
[2026-08-19T14:56:53.735+0000] {processor.py:183} INFO - Processing /opt/airflow/dags/setup_pagila_sakila.py took 0.101 seconds
[2026-08-19T14:57:23.894+0000] {processor.py:161} INFO - Started process (PID=1004) to work on /opt/airflow/dags/setup_pagila_sakila.py
[2026-08-19T14:57:23.895+0000] {processor.py:830} INFO - Processing file /opt/airflow/dags/setup_pagila_sakila.py for tasks to queue
[2026-08-19T14:57:23.896+0000] {logging_mixin.py:188} INFO - [2026-08-19T14:57:23.896+0000] {dagbag.py:538} INFO - Filling up the DagBag from /opt/airflow/dags/setup_pagila_sakila.py
[2026-08-19T14:57:23.910+0000] {processor.py:840} INFO - DAG(s) 'setup_pagila_sakila' retrieved from /opt/airflow/dags/setup_pagila_sakila.py
[2026-08-19T14:57:23.956+0000] {logging_mixin.py:188} INFO - [2026-08-19T14:57:23.956+0000] {dag.py:3036} INFO - Sync 1 DAGs
[2026-08-19T14:57:23.969+0000] {logging_mixin.py:188} INFO - [2026-08-19T14:57:23.969+0000] {dag.py:3823} INFO - Setting next_dagrun for setup_pagila_sakila to None, run_after=None
[2026-08-19T14:57:23.987+0000] {processor.py:183} INFO - Processing /opt/airflow/dags/setup_pagila_sakila.py took 0.096 seconds
[2026-08-19T14:57:54.076+0000] {processor.py:161} INFO - Started process (PID=1015) to work on /opt/airflow/dags/setup_pagila_sakila.py
[2026-08-19T14:57:54.077+0000] {processor.py:830} INFO - Processing file /opt/airflow/dags/setup_pagila_sakila.py for tasks to queue
[2026-08-19T14:57:54.079+0000] {logging_mixin.py:188} INFO - [2026-08-19T14:57:54.079+0000] {dagbag.py:538} INFO - Filling up the DagBag from /opt/airflow/dags/setup_pagila_sakila.py
[2026-08-19T14:57:54.103+0000] {processor.py:840} INFO - DAG(s) 'setup_pagila_sakila' retrieved from /opt/airflow/dags/setup_pagila_sakila.py
[2026-08-19T14:57:54.143+0000] {logging_mixin.py:188} INFO - [2026-08-19T14:57:54.143+0000] {dag.py:3036} INFO - Sync 1 DAGs
[2026-08-19T14:57:54.163+0000] {logging_mixin.py:188} INFO - [2026-08-19T14:57:54.163+0000] {dag.py:3823} INFO - Setting next_dagrun for setup_pagila_sakila to None, run_after=None
[2026-08-19T14:57:54.187+0000] {processor.py:183} INFO - Processing /opt/airflow/dags/setup_pagila_sakila.py took 0.115 seconds
[2026-08-19T14:58:24.286+0000] {processor.py:161} INFO - Started process (PID=1020) to work on /opt/airflow/dags/setup_pagila_sakila.py
[2026-08-19T14:58:24.287+0000] {processor.py:830} INFO - Processing file /opt/airflow/dags/setup_pagila_sakila.py for tasks to queue
[2026-08-19T14:58:24.289+0000] {logging_mixin.py:188} INFO - [2026-08-19T14:58:24.288+0000] {dagbag.py:538} INFO - Filling up the DagBag from /opt/airflow/dags/setup_pagila_sakila.py
[2026-08-19T14:58:24.308+0000] {processor.py:840} INFO - DAG(s) 'setup_pagila_sakila' retrieved from /opt/airflow/dags/setup_pagila_sakila.py
[2026-08-19T14:58:24.339+0000] {logging_mixin.py:188} INFO - [2026-08-19T14:58:24.339+0000] {dag.py:3036} INFO - Sync 1 DAGs
[2026-08-19T14:58:24.356+0000] {logging_mixin.py:188} INFO - [2026-08-19T14:58:24.356+0000] {dag.py:3823} INFO - Setting next_dagrun for setup_pagila_sakila to None, run_after=None
[2026-08-19T14:58:24.379+0000] {processor.py:183} INFO - Processing /opt/airflow/dags/setup_pagila_sakila.py took 0.097 seconds
[2026-08-19T14:58:54.457+0000] {processor.py:161} INFO - Started process (PID=1025) to work on /opt/airflow/dags/setup_pagila_sakila.py
[2026-08-19T14:58:54.459+0000] {processor.py:830} INFO - Processing file /opt/airflow/dags/setup_pagila_sakila.py for tasks to queue
[2026-08-19T14:58:54.460+0000] {logging_mixin.py:188} INFO - [2026-08-19T14:58:54.460+0000] {dagbag.py:538} INFO - Filling up the DagBag from /opt/airflow/dags/setup_pagila_sakila.py
[2026-08-19T14:58:54.481+0000] {processor.py:840} INFO - DAG(s) 'setup_pagila_sakila' retrieved from /opt/airflow/dags/setup_pagila_sakila.py
[2026-08-19T14:58:54.523+0000] {logging_mixin.py:188} INFO - [2026-08-19T14:58:54.523+0000] {dag.py:3036} INFO - Sync 1 DAGs
[2026-08-19T14:58:54.538+0000] {logging_mixin.py:188} INFO - [2026-08-19T14:58:54.538+0000] {dag.py:3823} INFO - Setting next_dagrun for setup_pagila_sakila to None, run_after=None
[2026-08-19T14:58:54.558+0000] {processor.py:183} INFO - Processing /opt/airflow/dags/setup_pagila_sakila.py took 0.111 seconds
[2026-08-19T14:59:24.645+0000] {processor.py:161} INFO - Started process (PID=1030) to work on /opt/airflow/dags/setup_pagila_sakila.py
[2026-08-19T14:59:24.646+0000] {processor.py:830} INFO - Processing file /opt/airflow/dags/setup_pagila_sakila.py for tasks to queue
[2026-08-19T14:59:24.648+0000] {logging_mixin.py:188} INFO - [2026-08-19T14:59:24.647+0000] {dagbag.py:538} INFO - Filling up the DagBag from /opt/airflow/dags/setup_pagila_sakila.py
[2026-08-19T14:59:24.665+0000] {processor.py:840} INFO - DAG(s) 'setup_pagila_sakila' retrieved from /opt/airflow/dags/setup_pagila_sakila.py
[2026-08-19T14:59:24.704+0000] {logging_mixin.py:188} INFO - [2026-08-19T14:59:24.704+0000] {dag.py:3036} INFO - Sync 1 DAGs
[2026-08-19T14:59:24.728+0000] {logging_mixin.py:188} INFO - [2026-08-19T14:59:24.728+0000] {dag.py:3823} INFO - Setting next_dagrun for setup_pagila_sakila to None, run_after=None
[2026-08-19T14:59:24.760+0000] {processor.py:183} INFO - Processing /opt/airflow/dags/setup_pagila_sakila.py took 0.119 seconds
[2026-08-19T14:59:54.846+0000] {processor.py:161} INFO - Started process (PID=1035) to work on /opt/airflow/dags/setup_pagila_sakila.py
[2026-08-19T14:59:54.847+0000] {processor.py:830} INFO - Processing file /opt/airflow/dags/setup_pagila_sakila.py for tasks to queue
[2026-08-19T14:59:54.849+0000] {logging_mixin.py:188} INFO - [2026-08-19T14:59:54.848+0000] {dagbag.py:538} INFO - Filling up the DagBag from /opt/airflow/dags/setup_pagila_sakila.py
[2026-08-19T14:59:54.867+0000] {processor.py:840} INFO - DAG(s) 'setup_pagila_sakila' retrieved from /opt/airflow/dags/setup_pagila_sakila.py
[2026-08-19T14:59:54.898+0000] {logging_mixin.py:188} INFO - [2026-08-19T14:59:54.897+0000] {dag.py:3036} INFO - Sync 1 DAGs
[2026-08-19T14:59:54.912+0000] {logging_mixin.py:188} INFO - [2026-08-19T14:59:54.911+0000] {dag.py:3823} INFO - Setting next_dagrun for setup_pagila_sakila to None, run_after=None
[2026-08-19T14:59:54.934+0000] {processor.py:183} INFO - Processing /opt/airflow/dags/setup_pagila_sakila.py took 0.093 seconds
[2026-08-19T15:00:25.022+0000] {processor.py:161} INFO - Started process (PID=1040) to work on /opt/airflow/dags/setup_pagila_sakila.py
[2026-08-19T15:00:25.023+0000] {processor.py:830} INFO - Processing file /opt/airflow/dags/setup_pagila_sakila.py for tasks to queue
[2026-08-19T15:00:25.024+0000] {logging_mixin.py:188} INFO - [2026-08-19T15:00:25.024+0000] {dagbag.py:538} INFO - Filling up the DagBag from /opt/airflow/dags/setup_pagila_sakila.py
[2026-08-19T15:00:25.045+0000] {processor.py:840} INFO - DAG(s) 'setup_pagila_sakila' retrieved from /opt/airflow/dags/setup_pagila_sakila.py
[2026-08-19T15:00:25.081+0000] {logging_mixin.py:188} INFO - [2026-08-19T15:00:25.080+0000] {dag.py:3036} INFO - Sync 1 DAGs
[2026-08-19T15:00:25.098+0000] {logging_mixin.py:188} INFO - [2026-08-19T15:00:25.097+0000] {dag.py:3823} INFO - Setting next_dagrun for setup_pagila_sakila to None, run_after=None
[2026-08-19T15:00:25.119+0000] {processor.py:183} INFO - Processing /opt/airflow/dags/setup_pagila_sakila.py took 0.101 seconds
[2026-08-19T15:00:55.227+0000] {processor.py:161} INFO - Started process (PID=1045) to work on /opt/airflow/dags/setup_pagila_sakila.py
[2026-08-19T15:00:55.228+0000] {processor.py:830} INFO - Processing file /opt/airflow/dags/setup_pagila_sakila.py for tasks to queue
[2026-08-19T15:00:55.229+0000] {logging_mixin.py:188} INFO - [2026-08-19T15:00:55.229+0000] {dagbag.py:538} INFO - Filling up the DagBag from /opt/airflow/dags/setup_pagila_sakila.py
[2026-08-19T15:00:55.247+0000] {processor.py:840} INFO - DAG(s) 'setup_pagila_sakila' retrieved from /opt/airflow/dags/setup_pagila_sakila.py
[2026-08-19T15:00:55.281+0000] {logging_mixin.py:188} INFO - [2026-08-19T15:00:55.281+0000] {dag.py:3036} INFO - Sync 1 DAGs
[2026-08-19T15:00:55.295+0000] {logging_mixin.py:188} INFO - [2026-08-19T15:00:55.295+0000] {dag.py:3823} INFO - Setting next_dagrun for setup_pagila_sakila to None, run_after=None
[2026-08-19T15:00:55.313+0000] {processor.py:183} INFO - Processing /opt/airflow/dags/setup_pagila_sakila.py took 0.091 seconds
[2026-08-19T15:01:25.421+0000] {processor.py:161} INFO - Started process (PID=1050) to work on /opt/airflow/dags/setup_pagila_sakila.py
[2026-08-19T15:01:25.423+0000] {processor.py:830} INFO - Processing file /opt/airflow/dags/setup_pagila_sakila.py for tasks to queue
[2026-08-19T15:01:25.425+0000] {logging_mixin.py:188} INFO - [2026-08-19T15:01:25.424+0000] {dagbag.py:538} INFO - Filling up the DagBag from /opt/airflow/dags/setup_pagila_sakila.py
[2026-08-19T15:01:25.443+0000] {processor.py:840} INFO - DAG(s) 'setup_pagila_sakila' retrieved from /opt/airflow/dags/setup_pagila_sakila.py
[2026-08-19T15:01:25.476+0000] {logging_mixin.py:188} INFO - [2026-08-19T15:01:25.475+0000] {dag.py:3036} INFO - Sync 1 DAGs
[2026-08-19T15:01:25.499+0000] {logging_mixin.py:188} INFO - [2026-08-19T15:01:25.499+0000] {dag.py:3823} INFO - Setting next_dagrun for setup_pagila_sakila to None, run_after=None
[2026-08-19T15:01:25.518+0000] {processor.py:183} INFO - Processing /opt/airflow/dags/setup_pagila_sakila.py took 0.101 seconds
[2026-08-19T15:01:55.596+0000] {processor.py:161} INFO - Started process (PID=1055) to work on /opt/airflow/dags/setup_pagila_sakila.py
[2026-08-19T15:01:55.598+0000] {processor.py:830} INFO - Processing file /opt/airflow/dags/setup_pagila_sakila.py for tasks to queue
[2026-08-19T15:01:55.602+0000] {logging_mixin.py:188} INFO - [2026-08-19T15:01:55.601+0000] {dagbag.py:538} INFO - Filling up the DagBag from /opt/airflow/dags/setup_pagila_sakila.py
[2026-08-19T15:01:55.656+0000] {processor.py:840} INFO - DAG(s) 'setup_pagila_sakila' retrieved from /opt/airflow/dags/setup_pagila_sakila.py
[2026-08-19T15:01:55.708+0000] {logging_mixin.py:188} INFO - [2026-08-19T15:01:55.708+0000] {dag.py:3036} INFO - Sync 1 DAGs
[2026-08-19T15:01:55.743+0000] {logging_mixin.py:188} INFO - [2026-08-19T15:01:55.743+0000] {dag.py:3823} INFO - Setting next_dagrun for setup_pagila_sakila to None, run_after=None
[2026-08-19T15:01:55.776+0000] {processor.py:183} INFO - Processing /opt/airflow/dags/setup_pagila_sakila.py took 0.198 seconds
[2026-08-19T15:02:25.840+0000] {processor.py:161} INFO - Started process (PID=1060) to work on /opt/airflow/dags/setup_pagila_sakila.py
[2026-08-19T15:02:25.841+0000] {processor.py:830} INFO - Processing file /opt/airflow/dags/setup_pagila_sakila.py for tasks to queue
[2026-08-19T15:02:25.842+0000] {logging_mixin.py:188} INFO - [2026-08-19T15:02:25.842+0000] {dagbag.py:538} INFO - Filling up the DagBag from /opt/airflow/dags/setup_pagila_sakila.py
[2026-08-19T15:02:25.866+0000] {processor.py:840} INFO - DAG(s) 'setup_pagila_sakila' retrieved from /opt/airflow/dags/setup_pagila_sakila.py
[2026-08-19T15:02:25.918+0000] {logging_mixin.py:188} INFO - [2026-08-19T15:02:25.918+0000] {dag.py:3036} INFO - Sync 1 DAGs
[2026-08-19T15:02:25.932+0000] {logging_mixin.py:188} INFO - [2026-08-19T15:02:25.932+0000] {dag.py:3823} INFO - Setting next_dagrun for setup_pagila_sakila to None, run_after=None
[2026-08-19T15:02:25.951+0000] {processor.py:183} INFO - Processing /opt/airflow/dags/setup_pagila_sakila.py took 0.116 seconds
[2026-08-19T15:02:56.102+0000] {processor.py:161} INFO - Started process (PID=1065) to work on /opt/airflow/dags/setup_pagila_sakila.py
[2026-08-19T15:02:56.103+0000] {processor.py:830} INFO - Processing file /opt/airflow/dags/setup_pagila_sakila.py for tasks to queue
[2026-08-19T15:02:56.104+0000] {logging_mixin.py:188} INFO - [2026-08-19T15:02:56.104+0000] {dagbag.py:538} INFO - Filling up the DagBag from /opt/airflow/dags/setup_pagila_sakila.py
[2026-08-19T15:02:56.122+0000] {processor.py:840} INFO - DAG(s) 'setup_pagila_sakila' retrieved from /opt/airflow/dags/setup_pagila_sakila.py
[2026-08-19T15:02:56.153+0000] {logging_mixin.py:188} INFO - [2026-08-19T15:02:56.152+0000] {dag.py:3036} INFO - Sync 1 DAGs
[2026-08-19T15:02:56.166+0000] {logging_mixin.py:188} INFO - [2026-08-19T15:02:56.166+0000] {dag.py:3823} INFO - Setting next_dagrun for setup_pagila_sakila to None, run_after=None
[2026-08-19T15:02:56.186+0000] {processor.py:183} INFO - Processing /opt/airflow/dags/setup_pagila_sakila.py took 0.087 seconds
[2026-08-19T15:03:26.328+0000] {processor.py:161} INFO - Started process (PID=1070) to work on /opt/airflow/dags/setup_pagila_sakila.py
[2026-08-19T15:03:26.329+0000] {processor.py:830} INFO - Processing file /opt/airflow/dags/setup_pagila_sakila.py for tasks to queue
[2026-08-19T15:03:26.331+0000] {logging_mixin.py:188} INFO - [2026-08-19T15:03:26.330+0000] {dagbag.py:538} INFO - Filling up the DagBag from /opt/airflow/dags/setup_pagila_sakila.py
[2026-08-19T15:03:26.350+0000] {processor.py:840} INFO - DAG(s) 'setup_pagila_sakila' retrieved from /opt/airflow/dags/setup_pagila_sakila.py
[2026-08-19T15:03:26.379+0000] {logging_mixin.py:188} INFO - [2026-08-19T15:03:26.379+0000] {dag.py:3036} INFO - Sync 1 DAGs
[2026-08-19T15:03:26.392+0000] {logging_mixin.py:188} INFO - [2026-08-19T15:03:26.391+0000] {dag.py:3823} INFO - Setting next_dagrun for setup_pagila_sakila to None, run_after=None
[2026-08-19T15:03:26.408+0000] {processor.py:183} INFO - Processing /opt/airflow/dags/setup_pagila_sakila.py took 0.085 seconds
[2026-08-19T15:03:56.502+0000] {processor.py:161} INFO - Started process (PID=1075) to work on /opt/airflow/dags/setup_pagila_sakila.py
[2026-08-19T15:03:56.503+0000] {processor.py:830} INFO - Processing file /opt/airflow/dags/setup_pagila_sakila.py for tasks to queue
[2026-08-19T15:03:56.505+0000] {logging_mixin.py:188} INFO - [2026-08-19T15:03:56.504+0000] {dagbag.py:538} INFO - Filling up the DagBag from /opt/airflow/dags/setup_pagila_sakila.py
[2026-08-19T15:03:56.524+0000] {processor.py:840} INFO - DAG(s) 'setup_pagila_sakila' retrieved from /opt/airflow/dags/setup_pagila_sakila.py
[2026-08-19T15:03:56.593+0000] {logging_mixin.py:188} INFO - [2026-08-19T15:03:56.592+0000] {dag.py:3036} INFO - Sync 1 DAGs
[2026-08-19T15:03:56.626+0000] {logging_mixin.py:188} INFO - [2026-08-19T15:03:56.625+0000] {dag.py:3823} INFO - Setting next_dagrun for setup_pagila_sakila to None, run_after=None
[2026-08-19T15:03:56.655+0000] {processor.py:183} INFO - Processing /opt/airflow/dags/setup_pagila_sakila.py took 0.157 seconds
[2026-08-19T15:04:26.695+0000] {processor.py:161} INFO - Started process (PID=1080) to work on /opt/airflow/dags/setup_pagila_sakila.py
[2026-08-19T15:04:26.696+0000] {processor.py:830} INFO - Processing file /opt/airflow/dags/setup_pagila_sakila.py for tasks to queue
[2026-08-19T15:04:26.697+0000] {logging_mixin.py:188} INFO - [2026-08-19T15:04:26.697+0000] {dagbag.py:538} INFO - Filling up the DagBag from /opt/airflow/dags/setup_pagila_sakila.py
[2026-08-19T15:04:26.758+0000] {processor.py:840} INFO - DAG(s) 'setup_pagila_sakila' retrieved from /opt/airflow/dags/setup_pagila_sakila.py
[2026-08-19T15:04:26.791+0000] {logging_mixin.py:188} INFO - [2026-08-19T15:04:26.790+0000] {dag.py:3036} INFO - Sync 1 DAGs
[2026-08-19T15:04:26.806+0000] {logging_mixin.py:188} INFO - [2026-08-19T15:04:26.805+0000] {dag.py:3823} INFO - Setting next_dagrun for setup_pagila_sakila to None, run_after=None
[2026-08-19T15:04:26.823+0000] {processor.py:183} INFO - Processing /opt/airflow/dags/setup_pagila_sakila.py took 0.132 seconds
[2026-08-19T15:04:56.983+0000] {processor.py:161} INFO - Started process (PID=1085) to work on /opt/airflow/dags/setup_pagila_sakila.py
[2026-08-19T15:04:56.984+0000] {processor.py:830} INFO - Processing file /opt/airflow/dags/setup_pagila_sakila.py for tasks to queue
[2026-08-19T15:04:56.986+0000] {logging_mixin.py:188} INFO - [2026-08-19T15:04:56.985+0000] {dagbag.py:538} INFO - Filling up the DagBag from /opt/airflow/dags/setup_pagila_sakila.py
[2026-08-19T15:04:57.014+0000] {processor.py:840} INFO - DAG(s) 'setup_pagila_sakila' retrieved from /opt/airflow/dags/setup_pagila_sakila.py
[2026-08-19T15:04:57.046+0000] {logging_mixin.py:188} INFO - [2026-08-19T15:04:57.046+0000] {dag.py:3036} INFO - Sync 1 DAGs
[2026-08-19T15:04:57.059+0000] {logging_mixin.py:188} INFO - [2026-08-19T15:04:57.059+0000] {dag.py:3823} INFO - Setting next_dagrun for setup_pagila_sakila to None, run_after=None
[2026-08-19T15:04:57.081+0000] {processor.py:183} INFO - Processing /opt/airflow/dags/setup_pagila_sakila.py took 0.103 seconds
[2026-08-19T15:05:27.187+0000] {processor.py:161} INFO - Started process (PID=1090) to work on /opt/airflow/dags/setup_pagila_sakila.py
[2026-08-19T15:05:27.188+0000] {processor.py:830} INFO - Processing file /opt/airflow/dags/setup_pagila_sakila.py for tasks to queue
[2026-08-19T15:05:27.189+0000] {logging_mixin.py:188} INFO - [2026-08-19T15:05:27.189+0000] {dagbag.py:538} INFO - Filling up the DagBag from /opt/airflow/dags/setup_pagila_sakila.py
[2026-08-19T15:05:27.204+0000] {processor.py:840} INFO - DAG(s) 'setup_pagila_sakila' retrieved from /opt/airflow/dags/setup_pagila_sakila.py
[2026-08-19T15:05:27.230+0000] {logging_mixin.py:188} INFO - [2026-08-19T15:05:27.230+0000] {dag.py:3036} INFO - Sync 1 DAGs
[2026-08-19T15:05:27.242+0000] {logging_mixin.py:188} INFO - [2026-08-19T15:05:27.242+0000] {dag.py:3823} INFO - Setting next_dagrun for setup_pagila_sakila to None, run_after=None
[2026-08-19T15:05:27.265+0000] {processor.py:183} INFO - Processing /opt/airflow/dags/setup_pagila_sakila.py took 0.081 seconds
[2026-08-19T15:05:57.385+0000] {processor.py:161} INFO - Started process (PID=1095) to work on /opt/airflow/dags/setup_pagila_sakila.py
[2026-08-19T15:05:57.386+0000] {processor.py:830} INFO - Processing file /opt/airflow/dags/setup_pagila_sakila.py for tasks to queue
[2026-08-19T15:05:57.387+0000] {logging_mixin.py:188} INFO - [2026-08-19T15:05:57.387+0000] {dagbag.py:538} INFO - Filling up the DagBag from /opt/airflow/dags/setup_pagila_sakila.py
[2026-08-19T15:05:57.421+0000] {processor.py:840} INFO - DAG(s) 'setup_pagila_sakila' retrieved from /opt/airflow/dags/setup_pagila_sakila.py
[2026-08-19T15:05:57.453+0000] {logging_mixin.py:188} INFO - [2026-08-19T15:05:57.452+0000] {dag.py:3036} INFO - Sync 1 DAGs
[2026-08-19T15:05:57.470+0000] {logging_mixin.py:188} INFO - [2026-08-19T15:05:57.469+0000] {dag.py:3823} INFO - Setting next_dagrun for setup_pagila_sakila to None, run_after=None
[2026-08-19T15:05:57.491+0000] {processor.py:183} INFO - Processing /opt/airflow/dags/setup_pagila_sakila.py took 0.111 seconds
[2026-08-19T15:06:27.581+0000] {processor.py:161} INFO - Started process (PID=1102) to work on /opt/airflow/dags/setup_pagila_sakila.py
[2026-08-19T15:06:27.582+0000] {processor.py:830} INFO - Processing file /opt/airflow/dags/setup_pagila_sakila.py for tasks to queue
[2026-08-19T15:06:27.583+0000] {logging_mixin.py:188} INFO - [2026-08-19T15:06:27.583+0000] {dagbag.py:538} INFO - Filling up the DagBag from /opt/airflow/dags/setup_pagila_sakila.py
[2026-08-19T15:06:27.598+0000] {processor.py:840} INFO - DAG(s) 'setup_pagila_sakila' retrieved from /opt/airflow/dags/setup_pagila_sakila.py
[2026-08-19T15:06:27.624+0000] {logging_mixin.py:188} INFO - [2026-08-19T15:06:27.624+0000] {dag.py:3036} INFO - Sync 1 DAGs
[2026-08-19T15:06:27.637+0000] {logging_mixin.py:188} INFO - [2026-08-19T15:06:27.637+0000] {dag.py:3823} INFO - Setting next_dagrun for setup_pagila_sakila to None, run_after=None
[2026-08-19T15:06:27.655+0000] {processor.py:183} INFO - Processing /opt/airflow/dags/setup_pagila_sakila.py took 0.083 seconds
[2026-08-19T15:06:57.756+0000] {processor.py:161} INFO - Started process (PID=1107) to work on /opt/airflow/dags/setup_pagila_sakila.py
[2026-08-19T15:06:57.757+0000] {processor.py:830} INFO - Processing file /opt/airflow/dags/setup_pagila_sakila.py for tasks to queue
[2026-08-19T15:06:57.759+0000] {logging_mixin.py:188} INFO - [2026-08-19T15:06:57.759+0000] {dagbag.py:538} INFO - Filling up the DagBag from /opt/airflow/dags/setup_pagila_sakila.py
[2026-08-19T15:06:57.779+0000] {processor.py:840} INFO - DAG(s) 'setup_pagila_sakila' retrieved from /opt/airflow/dags/setup_pagila_sakila.py
[2026-08-19T15:06:57.811+0000] {logging_mixin.py:188} INFO - [2026-08-19T15:06:57.811+0000] {dag.py:3036} INFO - Sync 1 DAGs
[2026-08-19T15:06:57.828+0000] {logging_mixin.py:188} INFO - [2026-08-19T15:06:57.828+0000] {dag.py:3823} INFO - Setting next_dagrun for setup_pagila_sakila to None, run_after=None
[2026-08-19T15:06:57.853+0000] {processor.py:183} INFO - Processing /opt/airflow/dags/setup_pagila_sakila.py took 0.102 seconds
[2026-08-19T15:07:27.950+0000] {processor.py:161} INFO - Started process (PID=1112) to work on /opt/airflow/dags/setup_pagila_sakila.py
[2026-08-19T15:07:27.952+0000] {processor.py:830} INFO - Processing file /opt/airflow/dags/setup_pagila_sakila.py for tasks to queue
[2026-08-19T15:07:27.954+0000] {logging_mixin.py:188} INFO - [2026-08-19T15:07:27.954+0000] {dagbag.py:538} INFO - Filling up the DagBag from /opt/airflow/dags/setup_pagila_sakila.py
[2026-08-19T15:07:27.989+0000] {processor.py:840} INFO - DAG(s) 'setup_pagila_sakila' retrieved from /opt/airflow/dags/setup_pagila_sakila.py
[2026-08-19T15:07:28.042+0000] {logging_mixin.py:188} INFO - [2026-08-19T15:07:28.042+0000] {dag.py:3036} INFO - Sync 1 DAGs
[2026-08-19T15:07:28.066+0000] {logging_mixin.py:188} INFO - [2026-08-19T15:07:28.065+0000] {dag.py:3823} INFO - Setting next_dagrun for setup_pagila_sakila to None, run_after=None
[2026-08-19T15:07:28.088+0000] {processor.py:183} INFO - Processing /opt/airflow/dags/setup_pagila_sakila.py took 0.150 seconds
[2026-08-19T15:07:58.131+0000] {processor.py:161} INFO - Started process (PID=1117) to work on /opt/airflow/dags/setup_pagila_sakila.py
[2026-08-19T15:07:58.133+0000] {processor.py:830} INFO - Processing file /opt/airflow/dags/setup_pagila_sakila.py for tasks to queue
[2026-08-19T15:07:58.135+0000] {logging_mixin.py:188} INFO - [2026-08-19T15:07:58.134+0000] {dagbag.py:538} INFO - Filling up the DagBag from /opt/airflow/dags/setup_pagila_sakila.py
[2026-08-19T15:07:58.163+0000] {processor.py:840} INFO - DAG(s) 'setup_pagila_sakila' retrieved from /opt/airflow/dags/setup_pagila_sakila.py
[2026-08-19T15:07:58.207+0000] {logging_mixin.py:188} INFO - [2026-08-19T15:07:58.207+0000] {dag.py:3036} INFO - Sync 1 DAGs
[2026-08-19T15:07:58.227+0000] {logging_mixin.py:188} INFO - [2026-08-19T15:07:58.227+0000] {dag.py:3823} INFO - Setting next_dagrun for setup_pagila_sakila to None, run_after=None
[2026-08-19T15:07:58.254+0000] {processor.py:183} INFO - Processing /opt/airflow/dags/setup_pagila_sakila.py took 0.130 seconds
[2026-08-19T15:08:28.370+0000] {processor.py:161} INFO - Started process (PID=1122) to work on /opt/airflow/dags/setup_pagila_sakila.py
[2026-08-19T15:08:28.372+0000] {processor.py:830} INFO - Processing file /opt/airflow/dags/setup_pagila_sakila.py for tasks to queue
[2026-08-19T15:08:28.373+0000] {logging_mixin.py:188} INFO - [2026-08-19T15:08:28.373+0000] {dagbag.py:538} INFO - Filling up the DagBag from /opt/airflow/dags/setup_pagila_sakila.py
[2026-08-19T15:08:28.391+0000] {processor.py:840} INFO - DAG(s) 'setup_pagila_sakila' retrieved from /opt/airflow/dags/setup_pagila_sakila.py
[2026-08-19T15:08:28.420+0000] {logging_mixin.py:188} INFO - [2026-08-19T15:08:28.420+0000] {dag.py:3036} INFO - Sync 1 DAGs
[2026-08-19T15:08:28.435+0000] {logging_mixin.py:188} INFO - [2026-08-19T15:08:28.434+0000] {dag.py:3823} INFO - Setting next_dagrun for setup_pagila_sakila to None, run_after=None
[2026-08-19T15:08:28.459+0000] {processor.py:183} INFO - Processing /opt/airflow/dags/setup_pagila_sakila.py took 0.093 seconds
[2026-08-19T15:08:58.531+0000] {processor.py:161} INFO - Started process (PID=1127) to work on /opt/airflow/dags/setup_pagila_sakila.py
[2026-08-19T15:08:58.532+0000] {processor.py:830} INFO - Processing file /opt/airflow/dags/setup_pagila_sakila.py for tasks to queue
[2026-08-19T15:08:58.534+0000] {logging_mixin.py:188} INFO - [2026-08-19T15:08:58.534+0000] {dagbag.py:538} INFO - Filling up the DagBag from /opt/airflow/dags/setup_pagila_sakila.py
[2026-08-19T15:08:58.562+0000] {processor.py:840} INFO - DAG(s) 'setup_pagila_sakila' retrieved from /opt/airflow/dags/setup_pagila_sakila.py
[2026-08-19T15:08:58.606+0000] {logging_mixin.py:188} INFO - [2026-08-19T15:08:58.606+0000] {dag.py:3036} INFO - Sync 1 DAGs
[2026-08-19T15:08:58.627+0000] {logging_mixin.py:188} INFO - [2026-08-19T15:08:58.626+0000] {dag.py:3823} INFO - Setting next_dagrun for setup_pagila_sakila to None, run_after=None
[2026-08-19T15:08:58.658+0000] {processor.py:183} INFO - Processing /opt/airflow/dags/setup_pagila_sakila.py took 0.132 seconds
[2026-08-19T15:09:28.778+0000] {processor.py:161} INFO - Started process (PID=1132) to work on /opt/airflow/dags/setup_pagila_sakila.py
[2026-08-19T15:09:28.779+0000] {processor.py:830} INFO - Processing file /opt/airflow/dags/setup_pagila_sakila.py for tasks to queue
[2026-08-19T15:09:28.780+0000] {logging_mixin.py:188} INFO - [2026-08-19T15:09:28.780+0000] {dagbag.py:538} INFO - Filling up the DagBag from /opt/airflow/dags/setup_pagila_sakila.py
[2026-08-19T15:09:28.804+0000] {processor.py:840} INFO - DAG(s) 'setup_pagila_sakila' retrieved from /opt/airflow/dags/setup_pagila_sakila.py
[2026-08-19T15:09:28.831+0000] {logging_mixin.py:188} INFO - [2026-08-19T15:09:28.831+0000] {dag.py:3036} INFO - Sync 1 DAGs
[2026-08-19T15:09:28.843+0000] {logging_mixin.py:188} INFO - [2026-08-19T15:09:28.843+0000] {dag.py:3823} INFO - Setting next_dagrun for setup_pagila_sakila to None, run_after=None
[2026-08-19T15:09:28.859+0000] {processor.py:183} INFO - Processing /opt/airflow/dags/setup_pagila_sakila.py took 0.086 seconds
[2026-08-19T15:09:59.019+0000] {processor.py:161} INFO - Started process (PID=1137) to work on /opt/airflow/dags/setup_pagila_sakila.py
[2026-08-19T15:09:59.020+0000] {processor.py:830} INFO - Processing file /opt/airflow/dags/setup_pagila_sakila.py for tasks to queue
[2026-08-19T15:09:59.022+0000] {logging_mixin.py:188} INFO - [2026-08-19T15:09:59.022+0000] {dagbag.py:538} INFO - Filling up the DagBag from /opt/airflow/dags/setup_pagila_sakila.py
[2026-08-19T15:09:59.044+0000] {processor.py:840} INFO - DAG(s) 'setup_pagila_sakila' retrieved from /opt/airflow/dags/setup_pagila_sakila.py
[2026-08-19T15:09:59.079+0000] {logging_mixin.py:188} INFO - [2026-08-19T15:09:59.079+0000] {dag.py:3036} INFO - Sync 1 DAGs
[2026-08-19T15:09:59.093+0000] {logging_mixin.py:188} INFO - [2026-08-19T15:09:59.093+0000] {dag.py:3823} INFO - Setting next_dagrun for setup_pagila_sakila to None, run_after=None
[2026-08-19T15:09:59.117+0000] {processor.py:183} INFO - Processing /opt/airflow/dags/setup_pagila_sakila.py took 0.102 seconds
[2026-08-19T15:10:29.168+0000] {processor.py:161} INFO - Started process (PID=1142) to work on /opt/airflow/dags/setup_pagila_sakila.py
[2026-08-19T15:10:29.169+0000] {processor.py:830} INFO - Processing file /opt/airflow/dags/setup_pagila_sakila.py for tasks to queue
[2026-08-19T15:10:29.170+0000] {logging_mixin.py:188} INFO - [2026-08-19T15:10:29.170+0000] {dagbag.py:538} INFO - Filling up the DagBag from /opt/airflow/dags/setup_pagila_sakila.py
[2026-08-19T15:10:29.184+0000] {processor.py:840} INFO - DAG(s) 'setup_pagila_sakila' retrieved from /opt/airflow/dags/setup_pagila_sakila.py
[2026-08-19T15:10:29.209+0000] {logging_mixin.py:188} INFO - [2026-08-19T15:10:29.209+0000] {dag.py:3036} INFO - Sync 1 DAGs
[2026-08-19T15:10:29.221+0000] {logging_mixin.py:188} INFO - [2026-08-19T15:10:29.221+0000] {dag.py:3823} INFO - Setting next_dagrun for setup_pagila_sakila to None, run_after=None
[2026-08-19T15:10:29.242+0000] {processor.py:183} INFO - Processing /opt/airflow/dags/setup_pagila_sakila.py took 0.077 seconds
[2026-08-19T15:10:59.413+0000] {processor.py:161} INFO - Started process (PID=1147) to work on /opt/airflow/dags/setup_pagila_sakila.py
[2026-08-19T15:10:59.414+0000] {processor.py:830} INFO - Processing file /opt/airflow/dags/setup_pagila_sakila.py for tasks to queue
[2026-08-19T15:10:59.415+0000] {logging_mixin.py:188} INFO - [2026-08-19T15:10:59.415+0000] {dagbag.py:538} INFO - Filling up the DagBag from /opt/airflow/dags/setup_pagila_sakila.py
[2026-08-19T15:10:59.431+0000] {processor.py:840} INFO - DAG(s) 'setup_pagila_sakila' retrieved from /opt/airflow/dags/setup_pagila_sakila.py
[2026-08-19T15:10:59.477+0000] {logging_mixin.py:188} INFO - [2026-08-19T15:10:59.477+0000] {dag.py:3036} INFO - Sync 1 DAGs
[2026-08-19T15:10:59.517+0000] {logging_mixin.py:188} INFO - [2026-08-19T15:10:59.516+0000] {dag.py:3823} INFO - Setting next_dagrun for setup_pagila_sakila to None, run_after=None
[2026-08-19T15:10:59.552+0000] {processor.py:183} INFO - Processing /opt/airflow/dags/setup_pagila_sakila.py took 0.153 seconds
[2026-08-19T15:11:29.693+0000] {processor.py:161} INFO - Started process (PID=1154) to work on /opt/airflow/dags/setup_pagila_sakila.py
[2026-08-19T15:11:29.694+0000] {processor.py:830} INFO - Processing file /opt/airflow/dags/setup_pagila_sakila.py for tasks to queue
[2026-08-19T15:11:29.695+0000] {logging_mixin.py:188} INFO - [2026-08-19T15:11:29.695+0000] {dagbag.py:538} INFO - Filling up the DagBag from /opt/airflow/dags/setup_pagila_sakila.py
[2026-08-19T15:11:29.712+0000] {processor.py:840} INFO - DAG(s) 'setup_pagila_sakila' retrieved from /opt/airflow/dags/setup_pagila_sakila.py
[2026-08-19T15:11:29.743+0000] {logging_mixin.py:188} INFO - [2026-08-19T15:11:29.742+0000] {dag.py:3036} INFO - Sync 1 DAGs
[2026-08-19T15:11:29.764+0000] {logging_mixin.py:188} INFO - [2026-08-19T15:11:29.764+0000] {dag.py:3823} INFO - Setting next_dagrun for setup_pagila_sakila to None, run_after=None
[2026-08-19T15:11:29.789+0000] {processor.py:183} INFO - Processing /opt/airflow/dags/setup_pagila_sakila.py took 0.100 seconds
[2026-08-19T15:11:59.836+0000] {processor.py:161} INFO - Started process (PID=1159) to work on /opt/airflow/dags/setup_pagila_sakila.py
[2026-08-19T15:11:59.837+0000] {processor.py:830} INFO - Processing file /opt/airflow/dags/setup_pagila_sakila.py for tasks to queue
[2026-08-19T15:11:59.839+0000] {logging_mixin.py:188} INFO - [2026-08-19T15:11:59.838+0000] {dagbag.py:538} INFO - Filling up the DagBag from /opt/airflow/dags/setup_pagila_sakila.py
[2026-08-19T15:11:59.856+0000] {processor.py:840} INFO - DAG(s) 'setup_pagila_sakila' retrieved from /opt/airflow/dags/setup_pagila_sakila.py
[2026-08-19T15:11:59.889+0000] {logging_mixin.py:188} INFO - [2026-08-19T15:11:59.889+0000] {dag.py:3036} INFO - Sync 1 DAGs
[2026-08-19T15:11:59.906+0000] {logging_mixin.py:188} INFO - [2026-08-19T15:11:59.906+0000] {dag.py:3823} INFO - Setting next_dagrun for setup_pagila_sakila to None, run_after=None
[2026-08-19T15:11:59.929+0000] {processor.py:183} INFO - Processing /opt/airflow/dags/setup_pagila_sakila.py took 0.097 seconds
[2026-08-19T15:12:30.055+0000] {processor.py:161} INFO - Started process (PID=1164) to work on /opt/airflow/dags/setup_pagila_sakila.py
[2026-08-19T15:12:30.057+0000] {processor.py:830} INFO - Processing file /opt/airflow/dags/setup_pagila_sakila.py for tasks to queue
[2026-08-19T15:12:30.058+0000] {logging_mixin.py:188} INFO - [2026-08-19T15:12:30.058+0000] {dagbag.py:538} INFO - Filling up the DagBag from /opt/airflow/dags/setup_pagila_sakila.py
[2026-08-19T15:12:30.079+0000] {processor.py:840} INFO - DAG(s) 'setup_pagila_sakila' retrieved from /opt/airflow/dags/setup_pagila_sakila.py
[2026-08-19T15:12:30.113+0000] {logging_mixin.py:188} INFO - [2026-08-19T15:12:30.113+0000] {dag.py:3036} INFO - Sync 1 DAGs
[2026-08-19T15:12:30.130+0000] {logging_mixin.py:188} INFO - [2026-08-19T15:12:30.129+0000] {dag.py:3823} INFO - Setting next_dagrun for setup_pagila_sakila to None, run_after=None
[2026-08-19T15:12:30.172+0000] {processor.py:183} INFO - Processing /opt/airflow/dags/setup_pagila_sakila.py took 0.121 seconds
[2026-08-19T15:13:00.305+0000] {processor.py:161} INFO - Started process (PID=1169) to work on /opt/airflow/dags/setup_pagila_sakila.py
[2026-08-19T15:13:00.307+0000] {processor.py:830} INFO - Processing file /opt/airflow/dags/setup_pagila_sakila.py for tasks to queue
[2026-08-19T15:13:00.308+0000] {logging_mixin.py:188} INFO - [2026-08-19T15:13:00.308+0000] {dagbag.py:538} INFO - Filling up the DagBag from /opt/airflow/dags/setup_pagila_sakila.py
[2026-08-19T15:13:00.333+0000] {processor.py:840} INFO - DAG(s) 'setup_pagila_sakila' retrieved from /opt/airflow/dags/setup_pagila_sakila.py
[2026-08-19T15:13:00.367+0000] {logging_mixin.py:188} INFO - [2026-08-19T15:13:00.367+0000] {dag.py:3036} INFO - Sync 1 DAGs
[2026-08-19T15:13:00.383+0000] {logging_mixin.py:188} INFO - [2026-08-19T15:13:00.383+0000] {dag.py:3823} INFO - Setting next_dagrun for setup_pagila_sakila to None, run_after=None
[2026-08-19T15:13:00.407+0000] {processor.py:183} INFO - Processing /opt/airflow/dags/setup_pagila_sakila.py took 0.107 seconds
[2026-08-19T15:13:30.470+0000] {processor.py:161} INFO - Started process (PID=1174) to work on /opt/airflow/dags/setup_pagila_sakila.py
[2026-08-19T15:13:30.471+0000] {processor.py:830} INFO - Processing file /opt/airflow/dags/setup_pagila_sakila.py for tasks to queue
[2026-08-19T15:13:30.474+0000] {logging_mixin.py:188} INFO - [2026-08-19T15:13:30.472+0000] {dagbag.py:538} INFO - Filling up the DagBag from /opt/airflow/dags/setup_pagila_sakila.py
[2026-08-19T15:13:30.497+0000] {processor.py:840} INFO - DAG(s) 'setup_pagila_sakila' retrieved from /opt/airflow/dags/setup_pagila_sakila.py
[2026-08-19T15:13:30.527+0000] {logging_mixin.py:188} INFO - [2026-08-19T15:13:30.527+0000] {dag.py:3036} INFO - Sync 1 DAGs
[2026-08-19T15:13:30.543+0000] {logging_mixin.py:188} INFO - [2026-08-19T15:13:30.543+0000] {dag.py:3823} INFO - Setting next_dagrun for setup_pagila_sakila to None, run_after=None
[2026-08-19T15:13:30.560+0000] {processor.py:183} INFO - Processing /opt/airflow/dags/setup_pagila_sakila.py took 0.098 seconds
[2026-08-19T15:14:00.762+0000] {processor.py:161} INFO - Started process (PID=1179) to work on /opt/airflow/dags/setup_pagila_sakila.py
[2026-08-19T15:14:00.763+0000] {processor.py:830} INFO - Processing file /opt/airflow/dags/setup_pagila_sakila.py for tasks to queue
[2026-08-19T15:14:00.764+0000] {logging_mixin.py:188} INFO - [2026-08-19T15:14:00.764+0000] {dagbag.py:538} INFO - Filling up the DagBag from /opt/airflow/dags/setup_pagila_sakila.py
[2026-08-19T15:14:00.780+0000] {processor.py:840} INFO - DAG(s) 'setup_pagila_sakila' retrieved from /opt/airflow/dags/setup_pagila_sakila.py
[2026-08-19T15:14:00.809+0000] {logging_mixin.py:188} INFO - [2026-08-19T15:14:00.809+0000] {dag.py:3036} INFO - Sync 1 DAGs
[2026-08-19T15:14:00.825+0000] {logging_mixin.py:188} INFO - [2026-08-19T15:14:00.825+0000] {dag.py:3823} INFO - Setting next_dagrun for setup_pagila_sakila to None, run_after=None
[2026-08-19T15:14:00.844+0000] {processor.py:183} INFO - Processing /opt/airflow/dags/setup_pagila_sakila.py took 0.084 seconds
[2026-08-19T15:14:30.962+0000] {processor.py:161} INFO - Started process (PID=1184) to work on /opt/airflow/dags/setup_pagila_sakila.py
[2026-08-19T15:14:30.963+0000] {processor.py:830} INFO - Processing file /opt/airflow/dags/setup_pagila_sakila.py for tasks to queue
[2026-08-19T15:14:30.964+0000] {logging_mixin.py:188} INFO - [2026-08-19T15:14:30.964+0000] {dagbag.py:538} INFO - Filling up the DagBag from /opt/airflow/dags/setup_pagila_sakila.py
[2026-08-19T15:14:30.979+0000] {processor.py:840} INFO - DAG(s) 'setup_pagila_sakila' retrieved from /opt/airflow/dags/setup_pagila_sakila.py
[2026-08-19T15:14:31.006+0000] {logging_mixin.py:188} INFO - [2026-08-19T15:14:31.006+0000] {dag.py:3036} INFO - Sync 1 DAGs
[2026-08-19T15:14:31.023+0000] {logging_mixin.py:188} INFO - [2026-08-19T15:14:31.022+0000] {dag.py:3823} INFO - Setting next_dagrun for setup_pagila_sakila to None, run_after=None
[2026-08-19T15:14:31.039+0000] {processor.py:183} INFO - Processing /opt/airflow/dags/setup_pagila_sakila.py took 0.080 seconds
[2026-08-19T15:15:01.218+0000] {processor.py:161} INFO - Started process (PID=1189) to work on /opt/airflow/dags/setup_pagila_sakila.py
[2026-08-19T15:15:01.220+0000] {processor.py:830} INFO - Processing file /opt/airflow/dags/setup_pagila_sakila.py for tasks to queue
[2026-08-19T15:15:01.221+0000] {logging_mixin.py:188} INFO - [2026-08-19T15:15:01.221+0000] {dagbag.py:538} INFO - Filling up the DagBag from /opt/airflow/dags/setup_pagila_sakila.py
[2026-08-19T15:15:01.243+0000] {processor.py:840} INFO - DAG(s) 'setup_pagila_sakila' retrieved from /opt/airflow/dags/setup_pagila_sakila.py
[2026-08-19T15:15:01.274+0000] {logging_mixin.py:188} INFO - [2026-08-19T15:15:01.274+0000] {dag.py:3036} INFO - Sync 1 DAGs
[2026-08-19T15:15:01.295+0000] {logging_mixin.py:188} INFO - [2026-08-19T15:15:01.295+0000] {dag.py:3823} INFO - Setting next_dagrun for setup_pagila_sakila to None, run_after=None
[2026-08-19T15:15:01.312+0000] {processor.py:183} INFO - Processing /opt/airflow/dags/setup_pagila_sakila.py took 0.099 seconds
[2026-08-19T15:15:31.451+0000] {processor.py:161} INFO - Started process (PID=1194) to work on /opt/airflow/dags/setup_pagila_sakila.py
[2026-08-19T15:15:31.452+0000] {processor.py:830} INFO - Processing file /opt/airflow/dags/setup_pagila_sakila.py for tasks to queue
[2026-08-19T15:15:31.453+0000] {logging_mixin.py:188} INFO - [2026-08-19T15:15:31.453+0000] {dagbag.py:538} INFO - Filling up the DagBag from /opt/airflow/dags/setup_pagila_sakila.py
[2026-08-19T15:15:31.472+0000] {processor.py:840} INFO - DAG(s) 'setup_pagila_sakila' retrieved from /opt/airflow/dags/setup_pagila_sakila.py
[2026-08-19T15:15:31.499+0000] {logging_mixin.py:188} INFO - [2026-08-19T15:15:31.499+0000] {dag.py:3036} INFO - Sync 1 DAGs
[2026-08-19T15:15:31.511+0000] {logging_mixin.py:188} INFO - [2026-08-19T15:15:31.511+0000] {dag.py:3823} INFO - Setting next_dagrun for setup_pagila_sakila to None, run_after=None
[2026-08-19T15:15:31.528+0000] {processor.py:183} INFO - Processing /opt/airflow/dags/setup_pagila_sakila.py took 0.080 seconds
[2026-08-19T15:16:01.637+0000] {processor.py:161} INFO - Started process (PID=1199) to work on /opt/airflow/dags/setup_pagila_sakila.py
[2026-08-19T15:16:01.639+0000] {processor.py:830} INFO - Processing file /opt/airflow/dags/setup_pagila_sakila.py for tasks to queue
[2026-08-19T15:16:01.640+0000] {logging_mixin.py:188} INFO - [2026-08-19T15:16:01.640+0000] {dagbag.py:538} INFO - Filling up the DagBag from /opt/airflow/dags/setup_pagila_sakila.py
[2026-08-19T15:16:01.661+0000] {processor.py:840} INFO - DAG(s) 'setup_pagila_sakila' retrieved from /opt/airflow/dags/setup_pagila_sakila.py
[2026-08-19T15:16:01.689+0000] {logging_mixin.py:188} INFO - [2026-08-19T15:16:01.689+0000] {dag.py:3036} INFO - Sync 1 DAGs
[2026-08-19T15:16:01.702+0000] {logging_mixin.py:188} INFO - [2026-08-19T15:16:01.702+0000] {dag.py:3823} INFO - Setting next_dagrun for setup_pagila_sakila to None, run_after=None
[2026-08-19T15:16:01.721+0000] {processor.py:183} INFO - Processing /opt/airflow/dags/setup_pagila_sakila.py took 0.087 seconds
[2026-08-19T15:16:31.825+0000] {processor.py:161} INFO - Started process (PID=1204) to work on /opt/airflow/dags/setup_pagila_sakila.py
[2026-08-19T15:16:31.826+0000] {processor.py:830} INFO - Processing file /opt/airflow/dags/setup_pagila_sakila.py for tasks to queue
[2026-08-19T15:16:31.827+0000] {logging_mixin.py:188} INFO - [2026-08-19T15:16:31.827+0000] {dagbag.py:538} INFO - Filling up the DagBag from /opt/airflow/dags/setup_pagila_sakila.py
[2026-08-19T15:16:31.843+0000] {processor.py:840} INFO - DAG(s) 'setup_pagila_sakila' retrieved from /opt/airflow/dags/setup_pagila_sakila.py
[2026-08-19T15:16:31.870+0000] {logging_mixin.py:188} INFO - [2026-08-19T15:16:31.870+0000] {dag.py:3036} INFO - Sync 1 DAGs
[2026-08-19T15:16:31.885+0000] {logging_mixin.py:188} INFO - [2026-08-19T15:16:31.885+0000] {dag.py:3823} INFO - Setting next_dagrun for setup_pagila_sakila to None, run_after=None
[2026-08-19T15:16:31.901+0000] {processor.py:183} INFO - Processing /opt/airflow/dags/setup_pagila_sakila.py took 0.079 seconds
[2026-08-19T15:17:02.037+0000] {processor.py:161} INFO - Started process (PID=1209) to work on /opt/airflow/dags/setup_pagila_sakila.py
[2026-08-19T15:17:02.038+0000] {processor.py:830} INFO - Processing file /opt/airflow/dags/setup_pagila_sakila.py for tasks to queue
[2026-08-19T15:17:02.040+0000] {logging_mixin.py:188} INFO - [2026-08-19T15:17:02.040+0000] {dagbag.py:538} INFO - Filling up the DagBag from /opt/airflow/dags/setup_pagila_sakila.py
[2026-08-19T15:17:02.057+0000] {processor.py:840} INFO - DAG(s) 'setup_pagila_sakila' retrieved from /opt/airflow/dags/setup_pagila_sakila.py
[2026-08-19T15:17:02.098+0000] {logging_mixin.py:188} INFO - [2026-08-19T15:17:02.097+0000] {dag.py:3036} INFO - Sync 1 DAGs
[2026-08-19T15:17:02.112+0000] {logging_mixin.py:188} INFO - [2026-08-19T15:17:02.111+0000] {dag.py:3823} INFO - Setting next_dagrun for setup_pagila_sakila to None, run_after=None
[2026-08-19T15:17:02.130+0000] {processor.py:183} INFO - Processing /opt/airflow/dags/setup_pagila_sakila.py took 0.095 seconds
[2026-08-19T15:17:32.207+0000] {processor.py:161} INFO - Started process (PID=1214) to work on /opt/airflow/dags/setup_pagila_sakila.py
[2026-08-19T15:17:32.209+0000] {processor.py:830} INFO - Processing file /opt/airflow/dags/setup_pagila_sakila.py for tasks to queue
[2026-08-19T15:17:32.212+0000] {logging_mixin.py:188} INFO - [2026-08-19T15:17:32.211+0000] {dagbag.py:538} INFO - Filling up the DagBag from /opt/airflow/dags/setup_pagila_sakila.py
[2026-08-19T15:17:32.230+0000] {processor.py:840} INFO - DAG(s) 'setup_pagila_sakila' retrieved from /opt/airflow/dags/setup_pagila_sakila.py
[2026-08-19T15:17:32.300+0000] {logging_mixin.py:188} INFO - [2026-08-19T15:17:32.300+0000] {dag.py:3036} INFO - Sync 1 DAGs
[2026-08-19T15:17:32.331+0000] {logging_mixin.py:188} INFO - [2026-08-19T15:17:32.331+0000] {dag.py:3823} INFO - Setting next_dagrun for setup_pagila_sakila to None, run_after=None
[2026-08-19T15:17:32.362+0000] {processor.py:183} INFO - Processing /opt/airflow/dags/setup_pagila_sakila.py took 0.165 seconds
[2026-08-19T15:18:02.419+0000] {processor.py:161} INFO - Started process (PID=1219) to work on /opt/airflow/dags/setup_pagila_sakila.py
[2026-08-19T15:18:02.420+0000] {processor.py:830} INFO - Processing file /opt/airflow/dags/setup_pagila_sakila.py for tasks to queue
[2026-08-19T15:18:02.423+0000] {logging_mixin.py:188} INFO - [2026-08-19T15:18:02.422+0000] {dagbag.py:538} INFO - Filling up the DagBag from /opt/airflow/dags/setup_pagila_sakila.py
[2026-08-19T15:18:02.443+0000] {processor.py:840} INFO - DAG(s) 'setup_pagila_sakila' retrieved from /opt/airflow/dags/setup_pagila_sakila.py
[2026-08-19T15:18:02.476+0000] {logging_mixin.py:188} INFO - [2026-08-19T15:18:02.476+0000] {dag.py:3036} INFO - Sync 1 DAGs
[2026-08-19T15:18:02.492+0000] {logging_mixin.py:188} INFO - [2026-08-19T15:18:02.492+0000] {dag.py:3823} INFO - Setting next_dagrun for setup_pagila_sakila to None, run_after=None
[2026-08-19T15:18:02.515+0000] {processor.py:183} INFO - Processing /opt/airflow/dags/setup_pagila_sakila.py took 0.100 seconds
[2026-08-19T15:18:32.680+0000] {processor.py:161} INFO - Started process (PID=1224) to work on /opt/airflow/dags/setup_pagila_sakila.py
[2026-08-19T15:18:32.681+0000] {processor.py:830} INFO - Processing file /opt/airflow/dags/setup_pagila_sakila.py for tasks to queue
[2026-08-19T15:18:32.683+0000] {logging_mixin.py:188} INFO - [2026-08-19T15:18:32.682+0000] {dagbag.py:538} INFO - Filling up the DagBag from /opt/airflow/dags/setup_pagila_sakila.py
[2026-08-19T15:18:32.700+0000] {processor.py:840} INFO - DAG(s) 'setup_pagila_sakila' retrieved from /opt/airflow/dags/setup_pagila_sakila.py
[2026-08-19T15:18:32.727+0000] {logging_mixin.py:188} INFO - [2026-08-19T15:18:32.726+0000] {dag.py:3036} INFO - Sync 1 DAGs
[2026-08-19T15:18:32.740+0000] {logging_mixin.py:188} INFO - [2026-08-19T15:18:32.740+0000] {dag.py:3823} INFO - Setting next_dagrun for setup_pagila_sakila to None, run_after=None
[2026-08-19T15:18:32.757+0000] {processor.py:183} INFO - Processing /opt/airflow/dags/setup_pagila_sakila.py took 0.080 seconds
[2026-08-19T15:19:02.839+0000] {processor.py:161} INFO - Started process (PID=1229) to work on /opt/airflow/dags/setup_pagila_sakila.py
[2026-08-19T15:19:02.840+0000] {processor.py:830} INFO - Processing file /opt/airflow/dags/setup_pagila_sakila.py for tasks to queue
[2026-08-19T15:19:02.842+0000] {logging_mixin.py:188} INFO - [2026-08-19T15:19:02.841+0000] {dagbag.py:538} INFO - Filling up the DagBag from /opt/airflow/dags/setup_pagila_sakila.py
[2026-08-19T15:19:02.860+0000] {processor.py:840} INFO - DAG(s) 'setup_pagila_sakila' retrieved from /opt/airflow/dags/setup_pagila_sakila.py
[2026-08-19T15:19:02.895+0000] {logging_mixin.py:188} INFO - [2026-08-19T15:19:02.895+0000] {dag.py:3036} INFO - Sync 1 DAGs
[2026-08-19T15:19:02.911+0000] {logging_mixin.py:188} INFO - [2026-08-19T15:19:02.911+0000] {dag.py:3823} INFO - Setting next_dagrun for setup_pagila_sakila to None, run_after=None
[2026-08-19T15:19:02.933+0000] {processor.py:183} INFO - Processing /opt/airflow/dags/setup_pagila_sakila.py took 0.098 seconds
[2026-08-19T15:19:33.032+0000] {processor.py:161} INFO - Started process (PID=1234) to work on /opt/airflow/dags/setup_pagila_sakila.py
[2026-08-19T15:19:33.033+0000] {processor.py:830} INFO - Processing file /opt/airflow/dags/setup_pagila_sakila.py for tasks to queue
[2026-08-19T15:19:33.035+0000] {logging_mixin.py:188} INFO - [2026-08-19T15:19:33.034+0000] {dagbag.py:538} INFO - Filling up the DagBag from /opt/airflow/dags/setup_pagila_sakila.py
[2026-08-19T15:19:33.058+0000] {processor.py:840} INFO - DAG(s) 'setup_pagila_sakila' retrieved from /opt/airflow/dags/setup_pagila_sakila.py
[2026-08-19T15:19:33.134+0000] {logging_mixin.py:188} INFO - [2026-08-19T15:19:33.134+0000] {dag.py:3036} INFO - Sync 1 DAGs
[2026-08-19T15:19:33.197+0000] {logging_mixin.py:188} INFO - [2026-08-19T15:19:33.197+0000] {dag.py:3823} INFO - Setting next_dagrun for setup_pagila_sakila to None, run_after=None
[2026-08-19T15:19:33.251+0000] {processor.py:183} INFO - Processing /opt/airflow/dags/setup_pagila_sakila.py took 0.224 seconds
[2026-08-19T15:20:03.402+0000] {processor.py:161} INFO - Started process (PID=1239) to work on /opt/airflow/dags/setup_pagila_sakila.py
[2026-08-19T15:20:03.404+0000] {processor.py:830} INFO - Processing file /opt/airflow/dags/setup_pagila_sakila.py for tasks to queue
[2026-08-19T15:20:03.407+0000] {logging_mixin.py:188} INFO - [2026-08-19T15:20:03.406+0000] {dagbag.py:538} INFO - Filling up the DagBag from /opt/airflow/dags/setup_pagila_sakila.py
[2026-08-19T15:20:03.489+0000] {processor.py:840} INFO - DAG(s) 'setup_pagila_sakila' retrieved from /opt/airflow/dags/setup_pagila_sakila.py
[2026-08-19T15:20:03.589+0000] {logging_mixin.py:188} INFO - [2026-08-19T15:20:03.589+0000] {dag.py:3036} INFO - Sync 1 DAGs
[2026-08-19T15:20:03.616+0000] {logging_mixin.py:188} INFO - [2026-08-19T15:20:03.616+0000] {dag.py:3823} INFO - Setting next_dagrun for setup_pagila_sakila to None, run_after=None
[2026-08-19T15:20:03.648+0000] {processor.py:183} INFO - Processing /opt/airflow/dags/setup_pagila_sakila.py took 0.252 seconds
[2026-08-19T15:20:33.808+0000] {processor.py:161} INFO - Started process (PID=1244) to work on /opt/airflow/dags/setup_pagila_sakila.py
[2026-08-19T15:20:33.810+0000] {processor.py:830} INFO - Processing file /opt/airflow/dags/setup_pagila_sakila.py for tasks to queue
[2026-08-19T15:20:33.812+0000] {logging_mixin.py:188} INFO - [2026-08-19T15:20:33.812+0000] {dagbag.py:538} INFO - Filling up the DagBag from /opt/airflow/dags/setup_pagila_sakila.py
[2026-08-19T15:20:33.840+0000] {processor.py:840} INFO - DAG(s) 'setup_pagila_sakila' retrieved from /opt/airflow/dags/setup_pagila_sakila.py
[2026-08-19T15:20:33.898+0000] {logging_mixin.py:188} INFO - [2026-08-19T15:20:33.898+0000] {dag.py:3036} INFO - Sync 1 DAGs
[2026-08-19T15:20:33.918+0000] {logging_mixin.py:188} INFO - [2026-08-19T15:20:33.918+0000] {dag.py:3823} INFO - Setting next_dagrun for setup_pagila_sakila to None, run_after=None
[2026-08-19T15:20:33.946+0000] {processor.py:183} INFO - Processing /opt/airflow/dags/setup_pagila_sakila.py took 0.144 seconds
[2026-08-19T15:21:04.116+0000] {processor.py:161} INFO - Started process (PID=1255) to work on /opt/airflow/dags/setup_pagila_sakila.py
[2026-08-19T15:21:04.118+0000] {processor.py:830} INFO - Processing file /opt/airflow/dags/setup_pagila_sakila.py for tasks to queue
[2026-08-19T15:21:04.119+0000] {logging_mixin.py:188} INFO - [2026-08-19T15:21:04.119+0000] {dagbag.py:538} INFO - Filling up the DagBag from /opt/airflow/dags/setup_pagila_sakila.py
[2026-08-19T15:21:04.134+0000] {processor.py:840} INFO - DAG(s) 'setup_pagila_sakila' retrieved from /opt/airflow/dags/setup_pagila_sakila.py
[2026-08-19T15:21:04.160+0000] {logging_mixin.py:188} INFO - [2026-08-19T15:21:04.159+0000] {dag.py:3036} INFO - Sync 1 DAGs
[2026-08-19T15:21:04.171+0000] {logging_mixin.py:188} INFO - [2026-08-19T15:21:04.171+0000] {dag.py:3823} INFO - Setting next_dagrun for setup_pagila_sakila to None, run_after=None
[2026-08-19T15:21:04.191+0000] {processor.py:183} INFO - Processing /opt/airflow/dags/setup_pagila_sakila.py took 0.078 seconds
[2026-08-19T15:21:34.253+0000] {processor.py:161} INFO - Started process (PID=1260) to work on /opt/airflow/dags/setup_pagila_sakila.py
[2026-08-19T15:21:34.254+0000] {processor.py:830} INFO - Processing file /opt/airflow/dags/setup_pagila_sakila.py for tasks to queue
[2026-08-19T15:21:34.255+0000] {logging_mixin.py:188} INFO - [2026-08-19T15:21:34.255+0000] {dagbag.py:538} INFO - Filling up the DagBag from /opt/airflow/dags/setup_pagila_sakila.py
[2026-08-19T15:21:34.274+0000] {processor.py:840} INFO - DAG(s) 'setup_pagila_sakila' retrieved from /opt/airflow/dags/setup_pagila_sakila.py
[2026-08-19T15:21:34.303+0000] {logging_mixin.py:188} INFO - [2026-08-19T15:21:34.302+0000] {dag.py:3036} INFO - Sync 1 DAGs
[2026-08-19T15:21:34.316+0000] {logging_mixin.py:188} INFO - [2026-08-19T15:21:34.316+0000] {dag.py:3823} INFO - Setting next_dagrun for setup_pagila_sakila to None, run_after=None
[2026-08-19T15:21:34.334+0000] {processor.py:183} INFO - Processing /opt/airflow/dags/setup_pagila_sakila.py took 0.085 seconds
[2026-08-19T15:22:04.480+0000] {processor.py:161} INFO - Started process (PID=1267) to work on /opt/airflow/dags/setup_pagila_sakila.py
[2026-08-19T15:22:04.483+0000] {processor.py:830} INFO - Processing file /opt/airflow/dags/setup_pagila_sakila.py for tasks to queue
[2026-08-19T15:22:04.492+0000] {logging_mixin.py:188} INFO - [2026-08-19T15:22:04.491+0000] {dagbag.py:538} INFO - Filling up the DagBag from /opt/airflow/dags/setup_pagila_sakila.py
[2026-08-19T15:22:04.522+0000] {processor.py:840} INFO - DAG(s) 'setup_pagila_sakila' retrieved from /opt/airflow/dags/setup_pagila_sakila.py
[2026-08-19T15:22:04.561+0000] {logging_mixin.py:188} INFO - [2026-08-19T15:22:04.561+0000] {dag.py:3036} INFO - Sync 1 DAGs
[2026-08-19T15:22:04.579+0000] {logging_mixin.py:188} INFO - [2026-08-19T15:22:04.579+0000] {dag.py:3823} INFO - Setting next_dagrun for setup_pagila_sakila to None, run_after=None
[2026-08-19T15:22:04.603+0000] {processor.py:183} INFO - Processing /opt/airflow/dags/setup_pagila_sakila.py took 0.129 seconds
[2026-08-19T15:22:34.771+0000] {processor.py:161} INFO - Started process (PID=1272) to work on /opt/airflow/dags/setup_pagila_sakila.py
[2026-08-19T15:22:34.778+0000] {processor.py:830} INFO - Processing file /opt/airflow/dags/setup_pagila_sakila.py for tasks to queue
[2026-08-19T15:22:34.780+0000] {logging_mixin.py:188} INFO - [2026-08-19T15:22:34.780+0000] {dagbag.py:538} INFO - Filling up the DagBag from /opt/airflow/dags/setup_pagila_sakila.py
[2026-08-19T15:22:34.802+0000] {processor.py:840} INFO - DAG(s) 'setup_pagila_sakila' retrieved from /opt/airflow/dags/setup_pagila_sakila.py
[2026-08-19T15:22:34.834+0000] {logging_mixin.py:188} INFO - [2026-08-19T15:22:34.834+0000] {dag.py:3036} INFO - Sync 1 DAGs
[2026-08-19T15:22:34.868+0000] {logging_mixin.py:188} INFO - [2026-08-19T15:22:34.868+0000] {dag.py:3823} INFO - Setting next_dagrun for setup_pagila_sakila to None, run_after=None
[2026-08-19T15:22:34.890+0000] {processor.py:183} INFO - Processing /opt/airflow/dags/setup_pagila_sakila.py took 0.134 seconds
[2026-08-19T15:23:05.023+0000] {processor.py:161} INFO - Started process (PID=1277) to work on /opt/airflow/dags/setup_pagila_sakila.py
[2026-08-19T15:23:05.025+0000] {processor.py:830} INFO - Processing file /opt/airflow/dags/setup_pagila_sakila.py for tasks to queue
[2026-08-19T15:23:05.026+0000] {logging_mixin.py:188} INFO - [2026-08-19T15:23:05.026+0000] {dagbag.py:538} INFO - Filling up the DagBag from /opt/airflow/dags/setup_pagila_sakila.py
[2026-08-19T15:23:05.049+0000] {processor.py:840} INFO - DAG(s) 'setup_pagila_sakila' retrieved from /opt/airflow/dags/setup_pagila_sakila.py
[2026-08-19T15:23:05.088+0000] {logging_mixin.py:188} INFO - [2026-08-19T15:23:05.088+0000] {dag.py:3036} INFO - Sync 1 DAGs
[2026-08-19T15:23:05.111+0000] {logging_mixin.py:188} INFO - [2026-08-19T15:23:05.111+0000] {dag.py:3823} INFO - Setting next_dagrun for setup_pagila_sakila to None, run_after=None
[2026-08-19T15:23:05.131+0000] {processor.py:183} INFO - Processing /opt/airflow/dags/setup_pagila_sakila.py took 0.112 seconds
[2026-08-19T15:23:35.272+0000] {processor.py:161} INFO - Started process (PID=1282) to work on /opt/airflow/dags/setup_pagila_sakila.py
[2026-08-19T15:23:35.274+0000] {processor.py:830} INFO - Processing file /opt/airflow/dags/setup_pagila_sakila.py for tasks to queue
[2026-08-19T15:23:35.276+0000] {logging_mixin.py:188} INFO - [2026-08-19T15:23:35.276+0000] {dagbag.py:538} INFO - Filling up the DagBag from /opt/airflow/dags/setup_pagila_sakila.py
[2026-08-19T15:23:35.300+0000] {processor.py:840} INFO - DAG(s) 'setup_pagila_sakila' retrieved from /opt/airflow/dags/setup_pagila_sakila.py
[2026-08-19T15:23:35.337+0000] {logging_mixin.py:188} INFO - [2026-08-19T15:23:35.337+0000] {dag.py:3036} INFO - Sync 1 DAGs
[2026-08-19T15:23:35.355+0000] {logging_mixin.py:188} INFO - [2026-08-19T15:23:35.355+0000] {dag.py:3823} INFO - Setting next_dagrun for setup_pagila_sakila to None, run_after=None
[2026-08-19T15:23:35.378+0000] {processor.py:183} INFO - Processing /opt/airflow/dags/setup_pagila_sakila.py took 0.112 seconds
[2026-08-19T15:24:05.518+0000] {processor.py:161} INFO - Started process (PID=1287) to work on /opt/airflow/dags/setup_pagila_sakila.py
[2026-08-19T15:24:05.520+0000] {processor.py:830} INFO - Processing file /opt/airflow/dags/setup_pagila_sakila.py for tasks to queue
[2026-08-19T15:24:05.521+0000] {logging_mixin.py:188} INFO - [2026-08-19T15:24:05.521+0000] {dagbag.py:538} INFO - Filling up the DagBag from /opt/airflow/dags/setup_pagila_sakila.py
[2026-08-19T15:24:05.544+0000] {processor.py:840} INFO - DAG(s) 'setup_pagila_sakila' retrieved from /opt/airflow/dags/setup_pagila_sakila.py
[2026-08-19T15:24:05.588+0000] {logging_mixin.py:188} INFO - [2026-08-19T15:24:05.587+0000] {dag.py:3036} INFO - Sync 1 DAGs
[2026-08-19T15:24:05.610+0000] {logging_mixin.py:188} INFO - [2026-08-19T15:24:05.610+0000] {dag.py:3823} INFO - Setting next_dagrun for setup_pagila_sakila to None, run_after=None
[2026-08-19T15:24:05.643+0000] {processor.py:183} INFO - Processing /opt/airflow/dags/setup_pagila_sakila.py took 0.129 seconds
[2026-08-19T15:24:35.788+0000] {processor.py:161} INFO - Started process (PID=1298) to work on /opt/airflow/dags/setup_pagila_sakila.py
[2026-08-19T15:24:35.789+0000] {processor.py:830} INFO - Processing file /opt/airflow/dags/setup_pagila_sakila.py for tasks to queue
[2026-08-19T15:24:35.790+0000] {logging_mixin.py:188} INFO - [2026-08-19T15:24:35.790+0000] {dagbag.py:538} INFO - Filling up the DagBag from /opt/airflow/dags/setup_pagila_sakila.py
[2026-08-19T15:24:35.805+0000] {processor.py:840} INFO - DAG(s) 'setup_pagila_sakila' retrieved from /opt/airflow/dags/setup_pagila_sakila.py
[2026-08-19T15:24:35.832+0000] {logging_mixin.py:188} INFO - [2026-08-19T15:24:35.831+0000] {dag.py:3036} INFO - Sync 1 DAGs
[2026-08-19T15:24:35.844+0000] {logging_mixin.py:188} INFO - [2026-08-19T15:24:35.844+0000] {dag.py:3823} INFO - Setting next_dagrun for setup_pagila_sakila to None, run_after=None
[2026-08-19T15:24:35.861+0000] {processor.py:183} INFO - Processing /opt/airflow/dags/setup_pagila_sakila.py took 0.077 seconds
[2026-08-19T15:25:05.952+0000] {processor.py:161} INFO - Started process (PID=1309) to work on /opt/airflow/dags/setup_pagila_sakila.py
[2026-08-19T15:25:05.953+0000] {processor.py:830} INFO - Processing file /opt/airflow/dags/setup_pagila_sakila.py for tasks to queue
[2026-08-19T15:25:05.955+0000] {logging_mixin.py:188} INFO - [2026-08-19T15:25:05.954+0000] {dagbag.py:538} INFO - Filling up the DagBag from /opt/airflow/dags/setup_pagila_sakila.py
[2026-08-19T15:25:05.974+0000] {processor.py:840} INFO - DAG(s) 'setup_pagila_sakila' retrieved from /opt/airflow/dags/setup_pagila_sakila.py
[2026-08-19T15:25:06.004+0000] {logging_mixin.py:188} INFO - [2026-08-19T15:25:06.003+0000] {dag.py:3036} INFO - Sync 1 DAGs
[2026-08-19T15:25:06.017+0000] {logging_mixin.py:188} INFO - [2026-08-19T15:25:06.017+0000] {dag.py:3823} INFO - Setting next_dagrun for setup_pagila_sakila to None, run_after=None
[2026-08-19T15:25:06.036+0000] {processor.py:183} INFO - Processing /opt/airflow/dags/setup_pagila_sakila.py took 0.088 seconds
[2026-08-19T15:25:36.190+0000] {processor.py:161} INFO - Started process (PID=1314) to work on /opt/airflow/dags/setup_pagila_sakila.py
[2026-08-19T15:25:36.191+0000] {processor.py:830} INFO - Processing file /opt/airflow/dags/setup_pagila_sakila.py for tasks to queue
[2026-08-19T15:25:36.192+0000] {logging_mixin.py:188} INFO - [2026-08-19T15:25:36.192+0000] {dagbag.py:538} INFO - Filling up the DagBag from /opt/airflow/dags/setup_pagila_sakila.py
[2026-08-19T15:25:36.210+0000] {processor.py:840} INFO - DAG(s) 'setup_pagila_sakila' retrieved from /opt/airflow/dags/setup_pagila_sakila.py
[2026-08-19T15:25:36.239+0000] {logging_mixin.py:188} INFO - [2026-08-19T15:25:36.238+0000] {dag.py:3036} INFO - Sync 1 DAGs
[2026-08-19T15:25:36.252+0000] {logging_mixin.py:188} INFO - [2026-08-19T15:25:36.252+0000] {dag.py:3823} INFO - Setting next_dagrun for setup_pagila_sakila to None, run_after=None
[2026-08-19T15:25:36.268+0000] {processor.py:183} INFO - Processing /opt/airflow/dags/setup_pagila_sakila.py took 0.082 seconds
[2026-08-19T15:26:06.353+0000] {processor.py:161} INFO - Started process (PID=1319) to work on /opt/airflow/dags/setup_pagila_sakila.py
[2026-08-19T15:26:06.354+0000] {processor.py:830} INFO - Processing file /opt/airflow/dags/setup_pagila_sakila.py for tasks to queue
[2026-08-19T15:26:06.355+0000] {logging_mixin.py:188} INFO - [2026-08-19T15:26:06.355+0000] {dagbag.py:538} INFO - Filling up the DagBag from /opt/airflow/dags/setup_pagila_sakila.py
[2026-08-19T15:26:06.373+0000] {processor.py:840} INFO - DAG(s) 'setup_pagila_sakila' retrieved from /opt/airflow/dags/setup_pagila_sakila.py
[2026-08-19T15:26:06.404+0000] {logging_mixin.py:188} INFO - [2026-08-19T15:26:06.404+0000] {dag.py:3036} INFO - Sync 1 DAGs
[2026-08-19T15:26:06.417+0000] {logging_mixin.py:188} INFO - [2026-08-19T15:26:06.417+0000] {dag.py:3823} INFO - Setting next_dagrun for setup_pagila_sakila to None, run_after=None
[2026-08-19T15:26:06.434+0000] {processor.py:183} INFO - Processing /opt/airflow/dags/setup_pagila_sakila.py took 0.085 seconds
[2026-08-19T15:26:36.587+0000] {processor.py:161} INFO - Started process (PID=1324) to work on /opt/airflow/dags/setup_pagila_sakila.py
[2026-08-19T15:26:36.589+0000] {processor.py:830} INFO - Processing file /opt/airflow/dags/setup_pagila_sakila.py for tasks to queue
[2026-08-19T15:26:36.592+0000] {logging_mixin.py:188} INFO - [2026-08-19T15:26:36.591+0000] {dagbag.py:538} INFO - Filling up the DagBag from /opt/airflow/dags/setup_pagila_sakila.py
[2026-08-19T15:26:36.631+0000] {processor.py:840} INFO - DAG(s) 'setup_pagila_sakila' retrieved from /opt/airflow/dags/setup_pagila_sakila.py
[2026-08-19T15:26:36.726+0000] {logging_mixin.py:188} INFO - [2026-08-19T15:26:36.726+0000] {dag.py:3036} INFO - Sync 1 DAGs
[2026-08-19T15:26:36.748+0000] {logging_mixin.py:188} INFO - [2026-08-19T15:26:36.747+0000] {dag.py:3823} INFO - Setting next_dagrun for setup_pagila_sakila to None, run_after=None
[2026-08-19T15:26:36.787+0000] {processor.py:183} INFO - Processing /opt/airflow/dags/setup_pagila_sakila.py took 0.206 seconds
[2026-08-19T15:27:06.940+0000] {processor.py:161} INFO - Started process (PID=1331) to work on /opt/airflow/dags/setup_pagila_sakila.py
[2026-08-19T15:27:06.942+0000] {processor.py:830} INFO - Processing file /opt/airflow/dags/setup_pagila_sakila.py for tasks to queue
[2026-08-19T15:27:06.943+0000] {logging_mixin.py:188} INFO - [2026-08-19T15:27:06.943+0000] {dagbag.py:538} INFO - Filling up the DagBag from /opt/airflow/dags/setup_pagila_sakila.py
[2026-08-19T15:27:06.966+0000] {processor.py:840} INFO - DAG(s) 'setup_pagila_sakila' retrieved from /opt/airflow/dags/setup_pagila_sakila.py
[2026-08-19T15:27:06.993+0000] {logging_mixin.py:188} INFO - [2026-08-19T15:27:06.993+0000] {dag.py:3036} INFO - Sync 1 DAGs
[2026-08-19T15:27:07.005+0000] {logging_mixin.py:188} INFO - [2026-08-19T15:27:07.005+0000] {dag.py:3823} INFO - Setting next_dagrun for setup_pagila_sakila to None, run_after=None
[2026-08-19T15:27:07.022+0000] {processor.py:183} INFO - Processing /opt/airflow/dags/setup_pagila_sakila.py took 0.085 seconds
[2026-08-19T15:27:37.100+0000] {processor.py:161} INFO - Started process (PID=1336) to work on /opt/airflow/dags/setup_pagila_sakila.py
[2026-08-19T15:27:37.101+0000] {processor.py:830} INFO - Processing file /opt/airflow/dags/setup_pagila_sakila.py for tasks to queue
[2026-08-19T15:27:37.103+0000] {logging_mixin.py:188} INFO - [2026-08-19T15:27:37.103+0000] {dagbag.py:538} INFO - Filling up the DagBag from /opt/airflow/dags/setup_pagila_sakila.py
[2026-08-19T15:27:37.119+0000] {processor.py:840} INFO - DAG(s) 'setup_pagila_sakila' retrieved from /opt/airflow/dags/setup_pagila_sakila.py
[2026-08-19T15:27:37.147+0000] {logging_mixin.py:188} INFO - [2026-08-19T15:27:37.147+0000] {dag.py:3036} INFO - Sync 1 DAGs
[2026-08-19T15:27:37.163+0000] {logging_mixin.py:188} INFO - [2026-08-19T15:27:37.163+0000] {dag.py:3823} INFO - Setting next_dagrun for setup_pagila_sakila to None, run_after=None
[2026-08-19T15:27:37.188+0000] {processor.py:183} INFO - Processing /opt/airflow/dags/setup_pagila_sakila.py took 0.091 seconds
[2026-08-19T15:28:07.340+0000] {processor.py:161} INFO - Started process (PID=1341) to work on /opt/airflow/dags/setup_pagila_sakila.py
[2026-08-19T15:28:07.341+0000] {processor.py:830} INFO - Processing file /opt/airflow/dags/setup_pagila_sakila.py for tasks to queue
[2026-08-19T15:28:07.342+0000] {logging_mixin.py:188} INFO - [2026-08-19T15:28:07.342+0000] {dagbag.py:538} INFO - Filling up the DagBag from /opt/airflow/dags/setup_pagila_sakila.py
[2026-08-19T15:28:07.361+0000] {processor.py:840} INFO - DAG(s) 'setup_pagila_sakila' retrieved from /opt/airflow/dags/setup_pagila_sakila.py
[2026-08-19T15:28:07.391+0000] {logging_mixin.py:188} INFO - [2026-08-19T15:28:07.390+0000] {dag.py:3036} INFO - Sync 1 DAGs
[2026-08-19T15:28:07.403+0000] {logging_mixin.py:188} INFO - [2026-08-19T15:28:07.403+0000] {dag.py:3823} INFO - Setting next_dagrun for setup_pagila_sakila to None, run_after=None
[2026-08-19T15:28:07.421+0000] {processor.py:183} INFO - Processing /opt/airflow/dags/setup_pagila_sakila.py took 0.084 seconds
[2026-08-19T15:28:37.493+0000] {processor.py:161} INFO - Started process (PID=1346) to work on /opt/airflow/dags/setup_pagila_sakila.py
[2026-08-19T15:28:37.494+0000] {processor.py:830} INFO - Processing file /opt/airflow/dags/setup_pagila_sakila.py for tasks to queue
[2026-08-19T15:28:37.495+0000] {logging_mixin.py:188} INFO - [2026-08-19T15:28:37.495+0000] {dagbag.py:538} INFO - Filling up the DagBag from /opt/airflow/dags/setup_pagila_sakila.py
[2026-08-19T15:28:37.512+0000] {processor.py:840} INFO - DAG(s) 'setup_pagila_sakila' retrieved from /opt/airflow/dags/setup_pagila_sakila.py
[2026-08-19T15:28:37.547+0000] {logging_mixin.py:188} INFO - [2026-08-19T15:28:37.547+0000] {dag.py:3036} INFO - Sync 1 DAGs
[2026-08-19T15:28:37.564+0000] {logging_mixin.py:188} INFO - [2026-08-19T15:28:37.564+0000] {dag.py:3823} INFO - Setting next_dagrun for setup_pagila_sakila to None, run_after=None
[2026-08-19T15:28:37.582+0000] {processor.py:183} INFO - Processing /opt/airflow/dags/setup_pagila_sakila.py took 0.092 seconds
[2026-08-19T15:29:07.747+0000] {processor.py:161} INFO - Started process (PID=1351) to work on /opt/airflow/dags/setup_pagila_sakila.py
[2026-08-19T15:29:07.748+0000] {processor.py:830} INFO - Processing file /opt/airflow/dags/setup_pagila_sakila.py for tasks to queue
[2026-08-19T15:29:07.750+0000] {logging_mixin.py:188} INFO - [2026-08-19T15:29:07.749+0000] {dagbag.py:538} INFO - Filling up the DagBag from /opt/airflow/dags/setup_pagila_sakila.py
[2026-08-19T15:29:07.773+0000] {processor.py:840} INFO - DAG(s) 'setup_pagila_sakila' retrieved from /opt/airflow/dags/setup_pagila_sakila.py
[2026-08-19T15:29:07.815+0000] {logging_mixin.py:188} INFO - [2026-08-19T15:29:07.815+0000] {dag.py:3036} INFO - Sync 1 DAGs
[2026-08-19T15:29:07.834+0000] {logging_mixin.py:188} INFO - [2026-08-19T15:29:07.834+0000] {dag.py:3823} INFO - Setting next_dagrun for setup_pagila_sakila to None, run_after=None
[2026-08-19T15:29:07.860+0000] {processor.py:183} INFO - Processing /opt/airflow/dags/setup_pagila_sakila.py took 0.117 seconds
[2026-08-19T15:29:37.913+0000] {processor.py:161} INFO - Started process (PID=1358) to work on /opt/airflow/dags/setup_pagila_sakila.py
[2026-08-19T15:29:37.915+0000] {processor.py:830} INFO - Processing file /opt/airflow/dags/setup_pagila_sakila.py for tasks to queue
[2026-08-19T15:29:37.916+0000] {logging_mixin.py:188} INFO - [2026-08-19T15:29:37.916+0000] {dagbag.py:538} INFO - Filling up the DagBag from /opt/airflow/dags/setup_pagila_sakila.py
[2026-08-19T15:29:37.936+0000] {processor.py:840} INFO - DAG(s) 'setup_pagila_sakila' retrieved from /opt/airflow/dags/setup_pagila_sakila.py
[2026-08-19T15:29:37.981+0000] {logging_mixin.py:188} INFO - [2026-08-19T15:29:37.981+0000] {dag.py:3036} INFO - Sync 1 DAGs
[2026-08-19T15:29:38.000+0000] {logging_mixin.py:188} INFO - [2026-08-19T15:29:37.999+0000] {dag.py:3823} INFO - Setting next_dagrun for setup_pagila_sakila to None, run_after=None
[2026-08-19T15:29:38.021+0000] {processor.py:183} INFO - Processing /opt/airflow/dags/setup_pagila_sakila.py took 0.112 seconds
[2026-08-19T15:30:08.140+0000] {processor.py:161} INFO - Started process (PID=1363) to work on /opt/airflow/dags/setup_pagila_sakila.py
[2026-08-19T15:30:08.142+0000] {processor.py:830} INFO - Processing file /opt/airflow/dags/setup_pagila_sakila.py for tasks to queue
[2026-08-19T15:30:08.144+0000] {logging_mixin.py:188} INFO - [2026-08-19T15:30:08.143+0000] {dagbag.py:538} INFO - Filling up the DagBag from /opt/airflow/dags/setup_pagila_sakila.py
[2026-08-19T15:30:08.178+0000] {processor.py:840} INFO - DAG(s) 'setup_pagila_sakila' retrieved from /opt/airflow/dags/setup_pagila_sakila.py
[2026-08-19T15:30:08.227+0000] {logging_mixin.py:188} INFO - [2026-08-19T15:30:08.226+0000] {dag.py:3036} INFO - Sync 1 DAGs
[2026-08-19T15:30:08.246+0000] {logging_mixin.py:188} INFO - [2026-08-19T15:30:08.246+0000] {dag.py:3823} INFO - Setting next_dagrun for setup_pagila_sakila to None, run_after=None
[2026-08-19T15:30:08.269+0000] {processor.py:183} INFO - Processing /opt/airflow/dags/setup_pagila_sakila.py took 0.134 seconds
[2026-08-19T15:30:38.394+0000] {processor.py:161} INFO - Started process (PID=1368) to work on /opt/airflow/dags/setup_pagila_sakila.py
[2026-08-19T15:30:38.398+0000] {processor.py:830} INFO - Processing file /opt/airflow/dags/setup_pagila_sakila.py for tasks to queue
[2026-08-19T15:30:38.400+0000] {logging_mixin.py:188} INFO - [2026-08-19T15:30:38.399+0000] {dagbag.py:538} INFO - Filling up the DagBag from /opt/airflow/dags/setup_pagila_sakila.py
[2026-08-19T15:30:38.427+0000] {processor.py:840} INFO - DAG(s) 'setup_pagila_sakila' retrieved from /opt/airflow/dags/setup_pagila_sakila.py
[2026-08-19T15:30:38.466+0000] {logging_mixin.py:188} INFO - [2026-08-19T15:30:38.466+0000] {dag.py:3036} INFO - Sync 1 DAGs
[2026-08-19T15:30:38.487+0000] {logging_mixin.py:188} INFO - [2026-08-19T15:30:38.487+0000] {dag.py:3823} INFO - Setting next_dagrun for setup_pagila_sakila to None, run_after=None
[2026-08-19T15:30:38.506+0000] {processor.py:183} INFO - Processing /opt/airflow/dags/setup_pagila_sakila.py took 0.119 seconds
[2026-08-19T15:31:08.633+0000] {processor.py:161} INFO - Started process (PID=1373) to work on /opt/airflow/dags/setup_pagila_sakila.py
[2026-08-19T15:31:08.635+0000] {processor.py:830} INFO - Processing file /opt/airflow/dags/setup_pagila_sakila.py for tasks to queue
[2026-08-19T15:31:08.637+0000] {logging_mixin.py:188} INFO - [2026-08-19T15:31:08.636+0000] {dagbag.py:538} INFO - Filling up the DagBag from /opt/airflow/dags/setup_pagila_sakila.py
[2026-08-19T15:31:08.654+0000] {processor.py:840} INFO - DAG(s) 'setup_pagila_sakila' retrieved from /opt/airflow/dags/setup_pagila_sakila.py
[2026-08-19T15:31:08.692+0000] {logging_mixin.py:188} INFO - [2026-08-19T15:31:08.692+0000] {dag.py:3036} INFO - Sync 1 DAGs
[2026-08-19T15:31:08.709+0000] {logging_mixin.py:188} INFO - [2026-08-19T15:31:08.709+0000] {dag.py:3823} INFO - Setting next_dagrun for setup_pagila_sakila to None, run_after=None
[2026-08-19T15:31:08.733+0000] {processor.py:183} INFO - Processing /opt/airflow/dags/setup_pagila_sakila.py took 0.103 seconds
[2026-08-19T15:31:38.786+0000] {processor.py:161} INFO - Started process (PID=1378) to work on /opt/airflow/dags/setup_pagila_sakila.py
[2026-08-19T15:31:38.788+0000] {processor.py:830} INFO - Processing file /opt/airflow/dags/setup_pagila_sakila.py for tasks to queue
[2026-08-19T15:31:38.789+0000] {logging_mixin.py:188} INFO - [2026-08-19T15:31:38.789+0000] {dagbag.py:538} INFO - Filling up the DagBag from /opt/airflow/dags/setup_pagila_sakila.py
[2026-08-19T15:31:38.808+0000] {processor.py:840} INFO - DAG(s) 'setup_pagila_sakila' retrieved from /opt/airflow/dags/setup_pagila_sakila.py
[2026-08-19T15:31:38.848+0000] {logging_mixin.py:188} INFO - [2026-08-19T15:31:38.848+0000] {dag.py:3036} INFO - Sync 1 DAGs
[2026-08-19T15:31:38.863+0000] {logging_mixin.py:188} INFO - [2026-08-19T15:31:38.863+0000] {dag.py:3823} INFO - Setting next_dagrun for setup_pagila_sakila to None, run_after=None
[2026-08-19T15:31:38.883+0000] {processor.py:183} INFO - Processing /opt/airflow/dags/setup_pagila_sakila.py took 0.101 seconds
[2026-08-19T15:32:09.001+0000] {processor.py:161} INFO - Started process (PID=1383) to work on /opt/airflow/dags/setup_pagila_sakila.py
[2026-08-19T15:32:09.002+0000] {processor.py:830} INFO - Processing file /opt/airflow/dags/setup_pagila_sakila.py for tasks to queue
[2026-08-19T15:32:09.004+0000] {logging_mixin.py:188} INFO - [2026-08-19T15:32:09.004+0000] {dagbag.py:538} INFO - Filling up the DagBag from /opt/airflow/dags/setup_pagila_sakila.py
[2026-08-19T15:32:09.028+0000] {processor.py:840} INFO - DAG(s) 'setup_pagila_sakila' retrieved from /opt/airflow/dags/setup_pagila_sakila.py
[2026-08-19T15:32:09.063+0000] {logging_mixin.py:188} INFO - [2026-08-19T15:32:09.062+0000] {dag.py:3036} INFO - Sync 1 DAGs
[2026-08-19T15:32:09.079+0000] {logging_mixin.py:188} INFO - [2026-08-19T15:32:09.078+0000] {dag.py:3823} INFO - Setting next_dagrun for setup_pagila_sakila to None, run_after=None
[2026-08-19T15:32:09.104+0000] {processor.py:183} INFO - Processing /opt/airflow/dags/setup_pagila_sakila.py took 0.107 seconds
[2026-08-19T15:32:39.166+0000] {processor.py:161} INFO - Started process (PID=1388) to work on /opt/airflow/dags/setup_pagila_sakila.py
[2026-08-19T15:32:39.167+0000] {processor.py:830} INFO - Processing file /opt/airflow/dags/setup_pagila_sakila.py for tasks to queue
[2026-08-19T15:32:39.169+0000] {logging_mixin.py:188} INFO - [2026-08-19T15:32:39.169+0000] {dagbag.py:538} INFO - Filling up the DagBag from /opt/airflow/dags/setup_pagila_sakila.py
[2026-08-19T15:32:39.189+0000] {processor.py:840} INFO - DAG(s) 'setup_pagila_sakila' retrieved from /opt/airflow/dags/setup_pagila_sakila.py
[2026-08-19T15:32:39.230+0000] {logging_mixin.py:188} INFO - [2026-08-19T15:32:39.230+0000] {dag.py:3036} INFO - Sync 1 DAGs
[2026-08-19T15:32:39.249+0000] {logging_mixin.py:188} INFO - [2026-08-19T15:32:39.248+0000] {dag.py:3823} INFO - Setting next_dagrun for setup_pagila_sakila to None, run_after=None
[2026-08-19T15:32:39.378+0000] {processor.py:183} INFO - Processing /opt/airflow/dags/setup_pagila_sakila.py took 0.216 seconds
[2026-08-19T15:33:09.541+0000] {processor.py:161} INFO - Started process (PID=1393) to work on /opt/airflow/dags/setup_pagila_sakila.py
[2026-08-19T15:33:09.543+0000] {processor.py:830} INFO - Processing file /opt/airflow/dags/setup_pagila_sakila.py for tasks to queue
[2026-08-19T15:33:09.544+0000] {logging_mixin.py:188} INFO - [2026-08-19T15:33:09.544+0000] {dagbag.py:538} INFO - Filling up the DagBag from /opt/airflow/dags/setup_pagila_sakila.py
[2026-08-19T15:33:09.565+0000] {processor.py:840} INFO - DAG(s) 'setup_pagila_sakila' retrieved from /opt/airflow/dags/setup_pagila_sakila.py
[2026-08-19T15:33:09.605+0000] {logging_mixin.py:188} INFO - [2026-08-19T15:33:09.604+0000] {dag.py:3036} INFO - Sync 1 DAGs
[2026-08-19T15:33:09.620+0000] {logging_mixin.py:188} INFO - [2026-08-19T15:33:09.620+0000] {dag.py:3823} INFO - Setting next_dagrun for setup_pagila_sakila to None, run_after=None
[2026-08-19T15:33:09.644+0000] {processor.py:183} INFO - Processing /opt/airflow/dags/setup_pagila_sakila.py took 0.108 seconds
[2026-08-19T15:33:39.772+0000] {processor.py:161} INFO - Started process (PID=1398) to work on /opt/airflow/dags/setup_pagila_sakila.py
[2026-08-19T15:33:39.774+0000] {processor.py:830} INFO - Processing file /opt/airflow/dags/setup_pagila_sakila.py for tasks to queue
[2026-08-19T15:33:39.775+0000] {logging_mixin.py:188} INFO - [2026-08-19T15:33:39.775+0000] {dagbag.py:538} INFO - Filling up the DagBag from /opt/airflow/dags/setup_pagila_sakila.py
[2026-08-19T15:33:39.801+0000] {processor.py:840} INFO - DAG(s) 'setup_pagila_sakila' retrieved from /opt/airflow/dags/setup_pagila_sakila.py
[2026-08-19T15:33:39.837+0000] {logging_mixin.py:188} INFO - [2026-08-19T15:33:39.836+0000] {dag.py:3036} INFO - Sync 1 DAGs
[2026-08-19T15:33:39.852+0000] {logging_mixin.py:188} INFO - [2026-08-19T15:33:39.851+0000] {dag.py:3823} INFO - Setting next_dagrun for setup_pagila_sakila to None, run_after=None
[2026-08-19T15:33:39.879+0000] {processor.py:183} INFO - Processing /opt/airflow/dags/setup_pagila_sakila.py took 0.114 seconds
[2026-08-19T15:34:10.008+0000] {processor.py:161} INFO - Started process (PID=1403) to work on /opt/airflow/dags/setup_pagila_sakila.py
[2026-08-19T15:34:10.010+0000] {processor.py:830} INFO - Processing file /opt/airflow/dags/setup_pagila_sakila.py for tasks to queue
[2026-08-19T15:34:10.012+0000] {logging_mixin.py:188} INFO - [2026-08-19T15:34:10.011+0000] {dagbag.py:538} INFO - Filling up the DagBag from /opt/airflow/dags/setup_pagila_sakila.py
[2026-08-19T15:34:10.035+0000] {processor.py:840} INFO - DAG(s) 'setup_pagila_sakila' retrieved from /opt/airflow/dags/setup_pagila_sakila.py
[2026-08-19T15:34:10.070+0000] {logging_mixin.py:188} INFO - [2026-08-19T15:34:10.070+0000] {dag.py:3036} INFO - Sync 1 DAGs
[2026-08-19T15:34:10.087+0000] {logging_mixin.py:188} INFO - [2026-08-19T15:34:10.086+0000] {dag.py:3823} INFO - Setting next_dagrun for setup_pagila_sakila to None, run_after=None
[2026-08-19T15:34:10.111+0000] {processor.py:183} INFO - Processing /opt/airflow/dags/setup_pagila_sakila.py took 0.109 seconds
[2026-08-19T15:34:40.228+0000] {processor.py:161} INFO - Started process (PID=1410) to work on /opt/airflow/dags/setup_pagila_sakila.py
[2026-08-19T15:34:40.229+0000] {processor.py:830} INFO - Processing file /opt/airflow/dags/setup_pagila_sakila.py for tasks to queue
[2026-08-19T15:34:40.231+0000] {logging_mixin.py:188} INFO - [2026-08-19T15:34:40.230+0000] {dagbag.py:538} INFO - Filling up the DagBag from /opt/airflow/dags/setup_pagila_sakila.py
[2026-08-19T15:34:40.248+0000] {processor.py:840} INFO - DAG(s) 'setup_pagila_sakila' retrieved from /opt/airflow/dags/setup_pagila_sakila.py
[2026-08-19T15:34:40.284+0000] {logging_mixin.py:188} INFO - [2026-08-19T15:34:40.284+0000] {dag.py:3036} INFO - Sync 1 DAGs
[2026-08-19T15:34:40.300+0000] {logging_mixin.py:188} INFO - [2026-08-19T15:34:40.299+0000] {dag.py:3823} INFO - Setting next_dagrun for setup_pagila_sakila to None, run_after=None
[2026-08-19T15:34:40.319+0000] {processor.py:183} INFO - Processing /opt/airflow/dags/setup_pagila_sakila.py took 0.095 seconds
[2026-08-19T15:35:10.364+0000] {processor.py:161} INFO - Started process (PID=1415) to work on /opt/airflow/dags/setup_pagila_sakila.py
[2026-08-19T15:35:10.365+0000] {processor.py:830} INFO - Processing file /opt/airflow/dags/setup_pagila_sakila.py for tasks to queue
[2026-08-19T15:35:10.366+0000] {logging_mixin.py:188} INFO - [2026-08-19T15:35:10.366+0000] {dagbag.py:538} INFO - Filling up the DagBag from /opt/airflow/dags/setup_pagila_sakila.py
[2026-08-19T15:35:10.383+0000] {processor.py:840} INFO - DAG(s) 'setup_pagila_sakila' retrieved from /opt/airflow/dags/setup_pagila_sakila.py
[2026-08-19T15:35:10.418+0000] {logging_mixin.py:188} INFO - [2026-08-19T15:35:10.418+0000] {dag.py:3036} INFO - Sync 1 DAGs
[2026-08-19T15:35:10.433+0000] {logging_mixin.py:188} INFO - [2026-08-19T15:35:10.433+0000] {dag.py:3823} INFO - Setting next_dagrun for setup_pagila_sakila to None, run_after=None
[2026-08-19T15:35:10.455+0000] {processor.py:183} INFO - Processing /opt/airflow/dags/setup_pagila_sakila.py took 0.095 seconds
[2026-08-19T15:35:40.565+0000] {processor.py:161} INFO - Started process (PID=1420) to work on /opt/airflow/dags/setup_pagila_sakila.py
[2026-08-19T15:35:40.566+0000] {processor.py:830} INFO - Processing file /opt/airflow/dags/setup_pagila_sakila.py for tasks to queue
[2026-08-19T15:35:40.567+0000] {logging_mixin.py:188} INFO - [2026-08-19T15:35:40.567+0000] {dagbag.py:538} INFO - Filling up the DagBag from /opt/airflow/dags/setup_pagila_sakila.py
[2026-08-19T15:35:40.584+0000] {processor.py:840} INFO - DAG(s) 'setup_pagila_sakila' retrieved from /opt/airflow/dags/setup_pagila_sakila.py
[2026-08-19T15:35:40.614+0000] {logging_mixin.py:188} INFO - [2026-08-19T15:35:40.614+0000] {dag.py:3036} INFO - Sync 1 DAGs
[2026-08-19T15:35:40.629+0000] {logging_mixin.py:188} INFO - [2026-08-19T15:35:40.629+0000] {dag.py:3823} INFO - Setting next_dagrun for setup_pagila_sakila to None, run_after=None
[2026-08-19T15:35:40.648+0000] {processor.py:183} INFO - Processing /opt/airflow/dags/setup_pagila_sakila.py took 0.086 seconds
[2026-08-19T15:36:10.714+0000] {processor.py:161} INFO - Started process (PID=1425) to work on /opt/airflow/dags/setup_pagila_sakila.py
[2026-08-19T15:36:10.716+0000] {processor.py:830} INFO - Processing file /opt/airflow/dags/setup_pagila_sakila.py for tasks to queue
[2026-08-19T15:36:10.717+0000] {logging_mixin.py:188} INFO - [2026-08-19T15:36:10.717+0000] {dagbag.py:538} INFO - Filling up the DagBag from /opt/airflow/dags/setup_pagila_sakila.py
[2026-08-19T15:36:10.743+0000] {processor.py:840} INFO - DAG(s) 'setup_pagila_sakila' retrieved from /opt/airflow/dags/setup_pagila_sakila.py
[2026-08-19T15:36:10.780+0000] {logging_mixin.py:188} INFO - [2026-08-19T15:36:10.779+0000] {dag.py:3036} INFO - Sync 1 DAGs
[2026-08-19T15:36:10.799+0000] {logging_mixin.py:188} INFO - [2026-08-19T15:36:10.799+0000] {dag.py:3823} INFO - Setting next_dagrun for setup_pagila_sakila to None, run_after=None
[2026-08-19T15:36:10.822+0000] {processor.py:183} INFO - Processing /opt/airflow/dags/setup_pagila_sakila.py took 0.113 seconds
[2026-08-19T15:36:40.915+0000] {processor.py:161} INFO - Started process (PID=1430) to work on /opt/airflow/dags/setup_pagila_sakila.py
[2026-08-19T15:36:40.916+0000] {processor.py:830} INFO - Processing file /opt/airflow/dags/setup_pagila_sakila.py for tasks to queue
[2026-08-19T15:36:40.918+0000] {logging_mixin.py:188} INFO - [2026-08-19T15:36:40.917+0000] {dagbag.py:538} INFO - Filling up the DagBag from /opt/airflow/dags/setup_pagila_sakila.py
[2026-08-19T15:36:40.937+0000] {processor.py:840} INFO - DAG(s) 'setup_pagila_sakila' retrieved from /opt/airflow/dags/setup_pagila_sakila.py
[2026-08-19T15:36:40.969+0000] {logging_mixin.py:188} INFO - [2026-08-19T15:36:40.969+0000] {dag.py:3036} INFO - Sync 1 DAGs
[2026-08-19T15:36:40.987+0000] {logging_mixin.py:188} INFO - [2026-08-19T15:36:40.987+0000] {dag.py:3823} INFO - Setting next_dagrun for setup_pagila_sakila to None, run_after=None
[2026-08-19T15:36:41.012+0000] {processor.py:183} INFO - Processing /opt/airflow/dags/setup_pagila_sakila.py took 0.101 seconds
[2026-08-19T15:37:11.101+0000] {processor.py:161} INFO - Started process (PID=1435) to work on /opt/airflow/dags/setup_pagila_sakila.py
[2026-08-19T15:37:11.103+0000] {processor.py:830} INFO - Processing file /opt/airflow/dags/setup_pagila_sakila.py for tasks to queue
[2026-08-19T15:37:11.104+0000] {logging_mixin.py:188} INFO - [2026-08-19T15:37:11.104+0000] {dagbag.py:538} INFO - Filling up the DagBag from /opt/airflow/dags/setup_pagila_sakila.py
[2026-08-19T15:37:11.129+0000] {processor.py:840} INFO - DAG(s) 'setup_pagila_sakila' retrieved from /opt/airflow/dags/setup_pagila_sakila.py
[2026-08-19T15:37:11.182+0000] {logging_mixin.py:188} INFO - [2026-08-19T15:37:11.181+0000] {dag.py:3036} INFO - Sync 1 DAGs
[2026-08-19T15:37:11.202+0000] {logging_mixin.py:188} INFO - [2026-08-19T15:37:11.202+0000] {dag.py:3823} INFO - Setting next_dagrun for setup_pagila_sakila to None, run_after=None
[2026-08-19T15:37:11.224+0000] {processor.py:183} INFO - Processing /opt/airflow/dags/setup_pagila_sakila.py took 0.128 seconds
[2026-08-19T15:37:41.278+0000] {processor.py:161} INFO - Started process (PID=1440) to work on /opt/airflow/dags/setup_pagila_sakila.py
[2026-08-19T15:37:41.279+0000] {processor.py:830} INFO - Processing file /opt/airflow/dags/setup_pagila_sakila.py for tasks to queue
[2026-08-19T15:37:41.280+0000] {logging_mixin.py:188} INFO - [2026-08-19T15:37:41.280+0000] {dagbag.py:538} INFO - Filling up the DagBag from /opt/airflow/dags/setup_pagila_sakila.py
[2026-08-19T15:37:41.300+0000] {processor.py:840} INFO - DAG(s) 'setup_pagila_sakila' retrieved from /opt/airflow/dags/setup_pagila_sakila.py
[2026-08-19T15:37:41.341+0000] {logging_mixin.py:188} INFO - [2026-08-19T15:37:41.341+0000] {dag.py:3036} INFO - Sync 1 DAGs
[2026-08-19T15:37:41.365+0000] {logging_mixin.py:188} INFO - [2026-08-19T15:37:41.365+0000] {dag.py:3823} INFO - Setting next_dagrun for setup_pagila_sakila to None, run_after=None
[2026-08-19T15:37:41.393+0000] {processor.py:183} INFO - Processing /opt/airflow/dags/setup_pagila_sakila.py took 0.121 seconds
[2026-08-19T15:38:11.472+0000] {processor.py:161} INFO - Started process (PID=1445) to work on /opt/airflow/dags/setup_pagila_sakila.py
[2026-08-19T15:38:11.474+0000] {processor.py:830} INFO - Processing file /opt/airflow/dags/setup_pagila_sakila.py for tasks to queue
[2026-08-19T15:38:11.475+0000] {logging_mixin.py:188} INFO - [2026-08-19T15:38:11.475+0000] {dagbag.py:538} INFO - Filling up the DagBag from /opt/airflow/dags/setup_pagila_sakila.py
[2026-08-19T15:38:11.497+0000] {processor.py:840} INFO - DAG(s) 'setup_pagila_sakila' retrieved from /opt/airflow/dags/setup_pagila_sakila.py
[2026-08-19T15:38:11.527+0000] {logging_mixin.py:188} INFO - [2026-08-19T15:38:11.527+0000] {dag.py:3036} INFO - Sync 1 DAGs
[2026-08-19T15:38:11.542+0000] {logging_mixin.py:188} INFO - [2026-08-19T15:38:11.541+0000] {dag.py:3823} INFO - Setting next_dagrun for setup_pagila_sakila to None, run_after=None
[2026-08-19T15:38:11.560+0000] {processor.py:183} INFO - Processing /opt/airflow/dags/setup_pagila_sakila.py took 0.092 seconds
[2026-08-19T15:38:41.664+0000] {processor.py:161} INFO - Started process (PID=1450) to work on /opt/airflow/dags/setup_pagila_sakila.py
[2026-08-19T15:38:41.666+0000] {processor.py:830} INFO - Processing file /opt/airflow/dags/setup_pagila_sakila.py for tasks to queue
[2026-08-19T15:38:41.668+0000] {logging_mixin.py:188} INFO - [2026-08-19T15:38:41.668+0000] {dagbag.py:538} INFO - Filling up the DagBag from /opt/airflow/dags/setup_pagila_sakila.py
[2026-08-19T15:38:41.707+0000] {processor.py:840} INFO - DAG(s) 'setup_pagila_sakila' retrieved from /opt/airflow/dags/setup_pagila_sakila.py
[2026-08-19T15:38:41.767+0000] {logging_mixin.py:188} INFO - [2026-08-19T15:38:41.766+0000] {dag.py:3036} INFO - Sync 1 DAGs
[2026-08-19T15:38:41.793+0000] {logging_mixin.py:188} INFO - [2026-08-19T15:38:41.792+0000] {dag.py:3823} INFO - Setting next_dagrun for setup_pagila_sakila to None, run_after=None
[2026-08-19T15:38:41.823+0000] {processor.py:183} INFO - Processing /opt/airflow/dags/setup_pagila_sakila.py took 0.167 seconds
[2026-08-19T15:39:11.968+0000] {processor.py:161} INFO - Started process (PID=1455) to work on /opt/airflow/dags/setup_pagila_sakila.py
[2026-08-19T15:39:11.970+0000] {processor.py:830} INFO - Processing file /opt/airflow/dags/setup_pagila_sakila.py for tasks to queue
[2026-08-19T15:39:11.971+0000] {logging_mixin.py:188} INFO - [2026-08-19T15:39:11.971+0000] {dagbag.py:538} INFO - Filling up the DagBag from /opt/airflow/dags/setup_pagila_sakila.py
[2026-08-19T15:39:11.989+0000] {processor.py:840} INFO - DAG(s) 'setup_pagila_sakila' retrieved from /opt/airflow/dags/setup_pagila_sakila.py
[2026-08-19T15:39:12.022+0000] {logging_mixin.py:188} INFO - [2026-08-19T15:39:12.022+0000] {dag.py:3036} INFO - Sync 1 DAGs
[2026-08-19T15:39:12.039+0000] {logging_mixin.py:188} INFO - [2026-08-19T15:39:12.039+0000] {dag.py:3823} INFO - Setting next_dagrun for setup_pagila_sakila to None, run_after=None
[2026-08-19T15:39:12.062+0000] {processor.py:183} INFO - Processing /opt/airflow/dags/setup_pagila_sakila.py took 0.098 seconds
[2026-08-19T15:39:42.106+0000] {processor.py:161} INFO - Started process (PID=1460) to work on /opt/airflow/dags/setup_pagila_sakila.py
[2026-08-19T15:39:42.107+0000] {processor.py:830} INFO - Processing file /opt/airflow/dags/setup_pagila_sakila.py for tasks to queue
[2026-08-19T15:39:42.108+0000] {logging_mixin.py:188} INFO - [2026-08-19T15:39:42.108+0000] {dagbag.py:538} INFO - Filling up the DagBag from /opt/airflow/dags/setup_pagila_sakila.py
[2026-08-19T15:39:42.124+0000] {processor.py:840} INFO - DAG(s) 'setup_pagila_sakila' retrieved from /opt/airflow/dags/setup_pagila_sakila.py
[2026-08-19T15:39:42.157+0000] {logging_mixin.py:188} INFO - [2026-08-19T15:39:42.156+0000] {dag.py:3036} INFO - Sync 1 DAGs
[2026-08-19T15:39:42.173+0000] {logging_mixin.py:188} INFO - [2026-08-19T15:39:42.173+0000] {dag.py:3823} INFO - Setting next_dagrun for setup_pagila_sakila to None, run_after=None
[2026-08-19T15:39:42.196+0000] {processor.py:183} INFO - Processing /opt/airflow/dags/setup_pagila_sakila.py took 0.093 seconds
[2026-08-19T15:40:12.329+0000] {processor.py:161} INFO - Started process (PID=1465) to work on /opt/airflow/dags/setup_pagila_sakila.py
[2026-08-19T15:40:12.330+0000] {processor.py:830} INFO - Processing file /opt/airflow/dags/setup_pagila_sakila.py for tasks to queue
[2026-08-19T15:40:12.332+0000] {logging_mixin.py:188} INFO - [2026-08-19T15:40:12.332+0000] {dagbag.py:538} INFO - Filling up the DagBag from /opt/airflow/dags/setup_pagila_sakila.py
[2026-08-19T15:40:12.356+0000] {processor.py:840} INFO - DAG(s) 'setup_pagila_sakila' retrieved from /opt/airflow/dags/setup_pagila_sakila.py
[2026-08-19T15:40:12.391+0000] {logging_mixin.py:188} INFO - [2026-08-19T15:40:12.390+0000] {dag.py:3036} INFO - Sync 1 DAGs
[2026-08-19T15:40:12.406+0000] {logging_mixin.py:188} INFO - [2026-08-19T15:40:12.406+0000] {dag.py:3823} INFO - Setting next_dagrun for setup_pagila_sakila to None, run_after=None
[2026-08-19T15:40:12.426+0000] {processor.py:183} INFO - Processing /opt/airflow/dags/setup_pagila_sakila.py took 0.103 seconds
[2026-08-19T15:40:42.471+0000] {processor.py:161} INFO - Started process (PID=1470) to work on /opt/airflow/dags/setup_pagila_sakila.py
[2026-08-19T15:40:42.472+0000] {processor.py:830} INFO - Processing file /opt/airflow/dags/setup_pagila_sakila.py for tasks to queue
[2026-08-19T15:40:42.473+0000] {logging_mixin.py:188} INFO - [2026-08-19T15:40:42.473+0000] {dagbag.py:538} INFO - Filling up the DagBag from /opt/airflow/dags/setup_pagila_sakila.py
[2026-08-19T15:40:42.491+0000] {processor.py:840} INFO - DAG(s) 'setup_pagila_sakila' retrieved from /opt/airflow/dags/setup_pagila_sakila.py
[2026-08-19T15:40:42.522+0000] {logging_mixin.py:188} INFO - [2026-08-19T15:40:42.521+0000] {dag.py:3036} INFO - Sync 1 DAGs
[2026-08-19T15:40:42.538+0000] {logging_mixin.py:188} INFO - [2026-08-19T15:40:42.538+0000] {dag.py:3823} INFO - Setting next_dagrun for setup_pagila_sakila to None, run_after=None
[2026-08-19T15:40:42.561+0000] {processor.py:183} INFO - Processing /opt/airflow/dags/setup_pagila_sakila.py took 0.094 seconds
[2026-08-19T15:41:12.693+0000] {processor.py:161} INFO - Started process (PID=1475) to work on /opt/airflow/dags/setup_pagila_sakila.py
[2026-08-19T15:41:12.694+0000] {processor.py:830} INFO - Processing file /opt/airflow/dags/setup_pagila_sakila.py for tasks to queue
[2026-08-19T15:41:12.696+0000] {logging_mixin.py:188} INFO - [2026-08-19T15:41:12.696+0000] {dagbag.py:538} INFO - Filling up the DagBag from /opt/airflow/dags/setup_pagila_sakila.py
[2026-08-19T15:41:12.717+0000] {processor.py:840} INFO - DAG(s) 'setup_pagila_sakila' retrieved from /opt/airflow/dags/setup_pagila_sakila.py
[2026-08-19T15:41:12.754+0000] {logging_mixin.py:188} INFO - [2026-08-19T15:41:12.753+0000] {dag.py:3036} INFO - Sync 1 DAGs
[2026-08-19T15:41:12.773+0000] {logging_mixin.py:188} INFO - [2026-08-19T15:41:12.772+0000] {dag.py:3823} INFO - Setting next_dagrun for setup_pagila_sakila to None, run_after=None
[2026-08-19T15:41:12.803+0000] {processor.py:183} INFO - Processing /opt/airflow/dags/setup_pagila_sakila.py took 0.113 seconds
[2026-08-19T15:41:42.861+0000] {processor.py:161} INFO - Started process (PID=1480) to work on /opt/airflow/dags/setup_pagila_sakila.py
[2026-08-19T15:41:42.863+0000] {processor.py:830} INFO - Processing file /opt/airflow/dags/setup_pagila_sakila.py for tasks to queue
[2026-08-19T15:41:42.865+0000] {logging_mixin.py:188} INFO - [2026-08-19T15:41:42.865+0000] {dagbag.py:538} INFO - Filling up the DagBag from /opt/airflow/dags/setup_pagila_sakila.py
[2026-08-19T15:41:42.891+0000] {processor.py:840} INFO - DAG(s) 'setup_pagila_sakila' retrieved from /opt/airflow/dags/setup_pagila_sakila.py
[2026-08-19T15:41:42.939+0000] {logging_mixin.py:188} INFO - [2026-08-19T15:41:42.939+0000] {dag.py:3036} INFO - Sync 1 DAGs
[2026-08-19T15:41:42.963+0000] {logging_mixin.py:188} INFO - [2026-08-19T15:41:42.962+0000] {dag.py:3823} INFO - Setting next_dagrun for setup_pagila_sakila to None, run_after=None
[2026-08-19T15:41:42.993+0000] {processor.py:183} INFO - Processing /opt/airflow/dags/setup_pagila_sakila.py took 0.138 seconds
[2026-08-19T15:42:13.090+0000] {processor.py:161} INFO - Started process (PID=1485) to work on /opt/airflow/dags/setup_pagila_sakila.py
[2026-08-19T15:42:13.091+0000] {processor.py:830} INFO - Processing file /opt/airflow/dags/setup_pagila_sakila.py for tasks to queue
[2026-08-19T15:42:13.094+0000] {logging_mixin.py:188} INFO - [2026-08-19T15:42:13.093+0000] {dagbag.py:538} INFO - Filling up the DagBag from /opt/airflow/dags/setup_pagila_sakila.py
[2026-08-19T15:42:13.115+0000] {processor.py:840} INFO - DAG(s) 'setup_pagila_sakila' retrieved from /opt/airflow/dags/setup_pagila_sakila.py
[2026-08-19T15:42:13.148+0000] {logging_mixin.py:188} INFO - [2026-08-19T15:42:13.148+0000] {dag.py:3036} INFO - Sync 1 DAGs
[2026-08-19T15:42:13.164+0000] {logging_mixin.py:188} INFO - [2026-08-19T15:42:13.164+0000] {dag.py:3823} INFO - Setting next_dagrun for setup_pagila_sakila to None, run_after=None
[2026-08-19T15:42:13.186+0000] {processor.py:183} INFO - Processing /opt/airflow/dags/setup_pagila_sakila.py took 0.100 seconds
[2026-08-19T15:42:43.252+0000] {processor.py:161} INFO - Started process (PID=1490) to work on /opt/airflow/dags/setup_pagila_sakila.py
[2026-08-19T15:42:43.254+0000] {processor.py:830} INFO - Processing file /opt/airflow/dags/setup_pagila_sakila.py for tasks to queue
[2026-08-19T15:42:43.255+0000] {logging_mixin.py:188} INFO - [2026-08-19T15:42:43.255+0000] {dagbag.py:538} INFO - Filling up the DagBag from /opt/airflow/dags/setup_pagila_sakila.py
[2026-08-19T15:42:43.273+0000] {processor.py:840} INFO - DAG(s) 'setup_pagila_sakila' retrieved from /opt/airflow/dags/setup_pagila_sakila.py
[2026-08-19T15:42:43.315+0000] {logging_mixin.py:188} INFO - [2026-08-19T15:42:43.315+0000] {dag.py:3036} INFO - Sync 1 DAGs
[2026-08-19T15:42:43.334+0000] {logging_mixin.py:188} INFO - [2026-08-19T15:42:43.334+0000] {dag.py:3823} INFO - Setting next_dagrun for setup_pagila_sakila to None, run_after=None
[2026-08-19T15:42:43.367+0000] {processor.py:183} INFO - Processing /opt/airflow/dags/setup_pagila_sakila.py took 0.119 seconds
[2026-08-19T15:43:13.457+0000] {processor.py:161} INFO - Started process (PID=1495) to work on /opt/airflow/dags/setup_pagila_sakila.py
[2026-08-19T15:43:13.458+0000] {processor.py:830} INFO - Processing file /opt/airflow/dags/setup_pagila_sakila.py for tasks to queue
[2026-08-19T15:43:13.460+0000] {logging_mixin.py:188} INFO - [2026-08-19T15:43:13.459+0000] {dagbag.py:538} INFO - Filling up the DagBag from /opt/airflow/dags/setup_pagila_sakila.py
[2026-08-19T15:43:13.480+0000] {processor.py:840} INFO - DAG(s) 'setup_pagila_sakila' retrieved from /opt/airflow/dags/setup_pagila_sakila.py
[2026-08-19T15:43:13.533+0000] {logging_mixin.py:188} INFO - [2026-08-19T15:43:13.533+0000] {dag.py:3036} INFO - Sync 1 DAGs
[2026-08-19T15:43:13.577+0000] {logging_mixin.py:188} INFO - [2026-08-19T15:43:13.577+0000] {dag.py:3823} INFO - Setting next_dagrun for setup_pagila_sakila to None, run_after=None
[2026-08-19T15:43:13.602+0000] {processor.py:183} INFO - Processing /opt/airflow/dags/setup_pagila_sakila.py took 0.149 seconds
[2026-08-19T15:43:43.651+0000] {processor.py:161} INFO - Started process (PID=1500) to work on /opt/airflow/dags/setup_pagila_sakila.py
[2026-08-19T15:43:43.652+0000] {processor.py:830} INFO - Processing file /opt/airflow/dags/setup_pagila_sakila.py for tasks to queue
[2026-08-19T15:43:43.654+0000] {logging_mixin.py:188} INFO - [2026-08-19T15:43:43.654+0000] {dagbag.py:538} INFO - Filling up the DagBag from /opt/airflow/dags/setup_pagila_sakila.py
[2026-08-19T15:43:43.673+0000] {processor.py:840} INFO - DAG(s) 'setup_pagila_sakila' retrieved from /opt/airflow/dags/setup_pagila_sakila.py
[2026-08-19T15:43:43.715+0000] {logging_mixin.py:188} INFO - [2026-08-19T15:43:43.715+0000] {dag.py:3036} INFO - Sync 1 DAGs
[2026-08-19T15:43:43.733+0000] {logging_mixin.py:188} INFO - [2026-08-19T15:43:43.733+0000] {dag.py:3823} INFO - Setting next_dagrun for setup_pagila_sakila to None, run_after=None
[2026-08-19T15:43:43.754+0000] {processor.py:183} INFO - Processing /opt/airflow/dags/setup_pagila_sakila.py took 0.107 seconds
[2026-08-19T15:44:13.869+0000] {processor.py:161} INFO - Started process (PID=1505) to work on /opt/airflow/dags/setup_pagila_sakila.py
[2026-08-19T15:44:13.870+0000] {processor.py:830} INFO - Processing file /opt/airflow/dags/setup_pagila_sakila.py for tasks to queue
[2026-08-19T15:44:13.872+0000] {logging_mixin.py:188} INFO - [2026-08-19T15:44:13.871+0000] {dagbag.py:538} INFO - Filling up the DagBag from /opt/airflow/dags/setup_pagila_sakila.py
[2026-08-19T15:44:13.893+0000] {processor.py:840} INFO - DAG(s) 'setup_pagila_sakila' retrieved from /opt/airflow/dags/setup_pagila_sakila.py
[2026-08-19T15:44:13.965+0000] {logging_mixin.py:188} INFO - [2026-08-19T15:44:13.964+0000] {dag.py:3036} INFO - Sync 1 DAGs
[2026-08-19T15:44:14.015+0000] {logging_mixin.py:188} INFO - [2026-08-19T15:44:14.015+0000] {dag.py:3823} INFO - Setting next_dagrun for setup_pagila_sakila to None, run_after=None
[2026-08-19T15:44:14.039+0000] {processor.py:183} INFO - Processing /opt/airflow/dags/setup_pagila_sakila.py took 0.173 seconds
[2026-08-19T15:44:44.172+0000] {processor.py:161} INFO - Started process (PID=1510) to work on /opt/airflow/dags/setup_pagila_sakila.py
[2026-08-19T15:44:44.174+0000] {processor.py:830} INFO - Processing file /opt/airflow/dags/setup_pagila_sakila.py for tasks to queue
[2026-08-19T15:44:44.175+0000] {logging_mixin.py:188} INFO - [2026-08-19T15:44:44.175+0000] {dagbag.py:538} INFO - Filling up the DagBag from /opt/airflow/dags/setup_pagila_sakila.py
[2026-08-19T15:44:44.193+0000] {processor.py:840} INFO - DAG(s) 'setup_pagila_sakila' retrieved from /opt/airflow/dags/setup_pagila_sakila.py
[2026-08-19T15:44:44.230+0000] {logging_mixin.py:188} INFO - [2026-08-19T15:44:44.230+0000] {dag.py:3036} INFO - Sync 1 DAGs
[2026-08-19T15:44:44.247+0000] {logging_mixin.py:188} INFO - [2026-08-19T15:44:44.246+0000] {dag.py:3823} INFO - Setting next_dagrun for setup_pagila_sakila to None, run_after=None
[2026-08-19T15:44:44.283+0000] {processor.py:183} INFO - Processing /opt/airflow/dags/setup_pagila_sakila.py took 0.115 seconds
[2026-08-19T15:45:14.411+0000] {processor.py:161} INFO - Started process (PID=1515) to work on /opt/airflow/dags/setup_pagila_sakila.py
[2026-08-19T15:45:14.413+0000] {processor.py:830} INFO - Processing file /opt/airflow/dags/setup_pagila_sakila.py for tasks to queue
[2026-08-19T15:45:14.415+0000] {logging_mixin.py:188} INFO - [2026-08-19T15:45:14.414+0000] {dagbag.py:538} INFO - Filling up the DagBag from /opt/airflow/dags/setup_pagila_sakila.py
[2026-08-19T15:45:14.435+0000] {processor.py:840} INFO - DAG(s) 'setup_pagila_sakila' retrieved from /opt/airflow/dags/setup_pagila_sakila.py
[2026-08-19T15:45:14.505+0000] {logging_mixin.py:188} INFO - [2026-08-19T15:45:14.505+0000] {dag.py:3036} INFO - Sync 1 DAGs
[2026-08-19T15:45:14.518+0000] {logging_mixin.py:188} INFO - [2026-08-19T15:45:14.518+0000] {dag.py:3823} INFO - Setting next_dagrun for setup_pagila_sakila to None, run_after=None
[2026-08-19T15:45:14.538+0000] {processor.py:183} INFO - Processing /opt/airflow/dags/setup_pagila_sakila.py took 0.135 seconds
[2026-08-19T15:45:44.665+0000] {processor.py:161} INFO - Started process (PID=1520) to work on /opt/airflow/dags/setup_pagila_sakila.py
[2026-08-19T15:45:44.667+0000] {processor.py:830} INFO - Processing file /opt/airflow/dags/setup_pagila_sakila.py for tasks to queue
[2026-08-19T15:45:44.668+0000] {logging_mixin.py:188} INFO - [2026-08-19T15:45:44.668+0000] {dagbag.py:538} INFO - Filling up the DagBag from /opt/airflow/dags/setup_pagila_sakila.py
[2026-08-19T15:45:44.690+0000] {processor.py:840} INFO - DAG(s) 'setup_pagila_sakila' retrieved from /opt/airflow/dags/setup_pagila_sakila.py
[2026-08-19T15:45:45.021+0000] {logging_mixin.py:188} INFO - [2026-08-19T15:45:45.021+0000] {dag.py:3036} INFO - Sync 1 DAGs
[2026-08-19T15:45:45.034+0000] {logging_mixin.py:188} INFO - [2026-08-19T15:45:45.034+0000] {dag.py:3823} INFO - Setting next_dagrun for setup_pagila_sakila to None, run_after=None
[2026-08-19T15:45:45.063+0000] {processor.py:183} INFO - Processing /opt/airflow/dags/setup_pagila_sakila.py took 0.403 seconds
[2026-08-19T15:46:15.222+0000] {processor.py:161} INFO - Started process (PID=1525) to work on /opt/airflow/dags/setup_pagila_sakila.py
[2026-08-19T15:46:15.224+0000] {processor.py:830} INFO - Processing file /opt/airflow/dags/setup_pagila_sakila.py for tasks to queue
[2026-08-19T15:46:15.226+0000] {logging_mixin.py:188} INFO - [2026-08-19T15:46:15.225+0000] {dagbag.py:538} INFO - Filling up the DagBag from /opt/airflow/dags/setup_pagila_sakila.py
[2026-08-19T15:46:15.244+0000] {processor.py:840} INFO - DAG(s) 'setup_pagila_sakila' retrieved from /opt/airflow/dags/setup_pagila_sakila.py
[2026-08-19T15:46:15.280+0000] {logging_mixin.py:188} INFO - [2026-08-19T15:46:15.279+0000] {dag.py:3036} INFO - Sync 1 DAGs
[2026-08-19T15:46:15.297+0000] {logging_mixin.py:188} INFO - [2026-08-19T15:46:15.297+0000] {dag.py:3823} INFO - Setting next_dagrun for setup_pagila_sakila to None, run_after=None
[2026-08-19T15:46:15.321+0000] {processor.py:183} INFO - Processing /opt/airflow/dags/setup_pagila_sakila.py took 0.103 seconds
[2026-08-19T15:46:45.391+0000] {processor.py:161} INFO - Started process (PID=1530) to work on /opt/airflow/dags/setup_pagila_sakila.py
[2026-08-19T15:46:45.394+0000] {processor.py:830} INFO - Processing file /opt/airflow/dags/setup_pagila_sakila.py for tasks to queue
[2026-08-19T15:46:45.398+0000] {logging_mixin.py:188} INFO - [2026-08-19T15:46:45.397+0000] {dagbag.py:538} INFO - Filling up the DagBag from /opt/airflow/dags/setup_pagila_sakila.py
[2026-08-19T15:46:45.443+0000] {processor.py:840} INFO - DAG(s) 'setup_pagila_sakila' retrieved from /opt/airflow/dags/setup_pagila_sakila.py
[2026-08-19T15:46:45.490+0000] {logging_mixin.py:188} INFO - [2026-08-19T15:46:45.490+0000] {dag.py:3036} INFO - Sync 1 DAGs
[2026-08-19T15:46:45.514+0000] {logging_mixin.py:188} INFO - [2026-08-19T15:46:45.514+0000] {dag.py:3823} INFO - Setting next_dagrun for setup_pagila_sakila to None, run_after=None
[2026-08-19T15:46:45.548+0000] {processor.py:183} INFO - Processing /opt/airflow/dags/setup_pagila_sakila.py took 0.166 seconds
[2026-08-19T15:47:15.626+0000] {processor.py:161} INFO - Started process (PID=1535) to work on /opt/airflow/dags/setup_pagila_sakila.py
[2026-08-19T15:47:15.628+0000] {processor.py:830} INFO - Processing file /opt/airflow/dags/setup_pagila_sakila.py for tasks to queue
[2026-08-19T15:47:15.629+0000] {logging_mixin.py:188} INFO - [2026-08-19T15:47:15.629+0000] {dagbag.py:538} INFO - Filling up the DagBag from /opt/airflow/dags/setup_pagila_sakila.py
[2026-08-19T15:47:15.723+0000] {processor.py:840} INFO - DAG(s) 'setup_pagila_sakila' retrieved from /opt/airflow/dags/setup_pagila_sakila.py
[2026-08-19T15:47:15.846+0000] {logging_mixin.py:188} INFO - [2026-08-19T15:47:15.846+0000] {dag.py:3036} INFO - Sync 1 DAGs
[2026-08-19T15:47:15.932+0000] {logging_mixin.py:188} INFO - [2026-08-19T15:47:15.931+0000] {dag.py:3823} INFO - Setting next_dagrun for setup_pagila_sakila to None, run_after=None
[2026-08-19T15:47:16.005+0000] {processor.py:183} INFO - Processing /opt/airflow/dags/setup_pagila_sakila.py took 0.383 seconds
[2026-08-19T15:47:46.163+0000] {processor.py:161} INFO - Started process (PID=1540) to work on /opt/airflow/dags/setup_pagila_sakila.py
[2026-08-19T15:47:46.165+0000] {processor.py:830} INFO - Processing file /opt/airflow/dags/setup_pagila_sakila.py for tasks to queue
[2026-08-19T15:47:46.167+0000] {logging_mixin.py:188} INFO - [2026-08-19T15:47:46.166+0000] {dagbag.py:538} INFO - Filling up the DagBag from /opt/airflow/dags/setup_pagila_sakila.py
[2026-08-19T15:47:46.245+0000] {processor.py:840} INFO - DAG(s) 'setup_pagila_sakila' retrieved from /opt/airflow/dags/setup_pagila_sakila.py
[2026-08-19T15:47:46.389+0000] {logging_mixin.py:188} INFO - [2026-08-19T15:47:46.389+0000] {dag.py:3036} INFO - Sync 1 DAGs
[2026-08-19T15:47:46.444+0000] {logging_mixin.py:188} INFO - [2026-08-19T15:47:46.444+0000] {dag.py:3823} INFO - Setting next_dagrun for setup_pagila_sakila to None, run_after=None
[2026-08-19T15:47:46.476+0000] {processor.py:183} INFO - Processing /opt/airflow/dags/setup_pagila_sakila.py took 0.320 seconds
[2026-08-19T15:48:36.101+0000] {processor.py:161} INFO - Started process (PID=204) to work on /opt/airflow/dags/setup_pagila_sakila.py
[2026-08-19T15:48:36.104+0000] {processor.py:830} INFO - Processing file /opt/airflow/dags/setup_pagila_sakila.py for tasks to queue
[2026-08-19T15:48:36.106+0000] {logging_mixin.py:188} INFO - [2026-08-19T15:48:36.105+0000] {dagbag.py:538} INFO - Filling up the DagBag from /opt/airflow/dags/setup_pagila_sakila.py
[2026-08-19T15:48:36.159+0000] {processor.py:840} INFO - DAG(s) 'setup_pagila_sakila' retrieved from /opt/airflow/dags/setup_pagila_sakila.py
[2026-08-19T15:48:36.210+0000] {logging_mixin.py:188} INFO - [2026-08-19T15:48:36.210+0000] {dag.py:3036} INFO - Sync 1 DAGs
[2026-08-19T15:48:36.248+0000] {logging_mixin.py:188} INFO - [2026-08-19T15:48:36.247+0000] {dag.py:3823} INFO - Setting next_dagrun for setup_pagila_sakila to None, run_after=None
[2026-08-19T15:48:36.276+0000] {processor.py:183} INFO - Processing /opt/airflow/dags/setup_pagila_sakila.py took 0.193 seconds
[2026-08-19T15:49:06.334+0000] {processor.py:161} INFO - Started process (PID=210) to work on /opt/airflow/dags/setup_pagila_sakila.py
[2026-08-19T15:49:06.336+0000] {processor.py:830} INFO - Processing file /opt/airflow/dags/setup_pagila_sakila.py for tasks to queue
[2026-08-19T15:49:06.338+0000] {logging_mixin.py:188} INFO - [2026-08-19T15:49:06.338+0000] {dagbag.py:538} INFO - Filling up the DagBag from /opt/airflow/dags/setup_pagila_sakila.py
[2026-08-19T15:49:06.407+0000] {processor.py:840} INFO - DAG(s) 'setup_pagila_sakila' retrieved from /opt/airflow/dags/setup_pagila_sakila.py
[2026-08-19T15:49:06.594+0000] {logging_mixin.py:188} INFO - [2026-08-19T15:49:06.594+0000] {dag.py:3036} INFO - Sync 1 DAGs
[2026-08-19T15:49:06.617+0000] {logging_mixin.py:188} INFO - [2026-08-19T15:49:06.617+0000] {dag.py:3823} INFO - Setting next_dagrun for setup_pagila_sakila to None, run_after=None
[2026-08-19T15:49:06.650+0000] {processor.py:183} INFO - Processing /opt/airflow/dags/setup_pagila_sakila.py took 0.327 seconds
[2026-08-19T15:49:38.037+0000] {processor.py:161} INFO - Started process (PID=205) to work on /opt/airflow/dags/setup_pagila_sakila.py
[2026-08-19T15:49:38.043+0000] {processor.py:830} INFO - Processing file /opt/airflow/dags/setup_pagila_sakila.py for tasks to queue
[2026-08-19T15:49:38.046+0000] {logging_mixin.py:188} INFO - [2026-08-19T15:49:38.045+0000] {dagbag.py:538} INFO - Filling up the DagBag from /opt/airflow/dags/setup_pagila_sakila.py
[2026-08-19T15:49:38.100+0000] {processor.py:840} INFO - DAG(s) 'setup_pagila_sakila' retrieved from /opt/airflow/dags/setup_pagila_sakila.py
[2026-08-19T15:49:38.157+0000] {logging_mixin.py:188} INFO - [2026-08-19T15:49:38.156+0000] {dag.py:3036} INFO - Sync 1 DAGs
[2026-08-19T15:49:38.191+0000] {logging_mixin.py:188} INFO - [2026-08-19T15:49:38.191+0000] {dag.py:3823} INFO - Setting next_dagrun for setup_pagila_sakila to None, run_after=None
[2026-08-19T15:49:38.221+0000] {processor.py:183} INFO - Processing /opt/airflow/dags/setup_pagila_sakila.py took 0.190 seconds
[2026-08-19T15:50:08.343+0000] {processor.py:161} INFO - Started process (PID=213) to work on /opt/airflow/dags/setup_pagila_sakila.py
[2026-08-19T15:50:08.345+0000] {processor.py:830} INFO - Processing file /opt/airflow/dags/setup_pagila_sakila.py for tasks to queue
[2026-08-19T15:50:08.347+0000] {logging_mixin.py:188} INFO - [2026-08-19T15:50:08.346+0000] {dagbag.py:538} INFO - Filling up the DagBag from /opt/airflow/dags/setup_pagila_sakila.py
[2026-08-19T15:50:08.368+0000] {processor.py:840} INFO - DAG(s) 'setup_pagila_sakila' retrieved from /opt/airflow/dags/setup_pagila_sakila.py
[2026-08-19T15:50:08.541+0000] {logging_mixin.py:188} INFO - [2026-08-19T15:50:08.541+0000] {dag.py:3036} INFO - Sync 1 DAGs
[2026-08-19T15:50:08.557+0000] {logging_mixin.py:188} INFO - [2026-08-19T15:50:08.557+0000] {dag.py:3823} INFO - Setting next_dagrun for setup_pagila_sakila to None, run_after=None
[2026-08-19T15:50:08.579+0000] {processor.py:183} INFO - Processing /opt/airflow/dags/setup_pagila_sakila.py took 0.240 seconds
[2026-08-19T15:50:38.776+0000] {processor.py:161} INFO - Started process (PID=218) to work on /opt/airflow/dags/setup_pagila_sakila.py
[2026-08-19T15:50:38.778+0000] {processor.py:830} INFO - Processing file /opt/airflow/dags/setup_pagila_sakila.py for tasks to queue
[2026-08-19T15:50:38.779+0000] {logging_mixin.py:188} INFO - [2026-08-19T15:50:38.779+0000] {dagbag.py:538} INFO - Filling up the DagBag from /opt/airflow/dags/setup_pagila_sakila.py
[2026-08-19T15:50:38.801+0000] {processor.py:840} INFO - DAG(s) 'setup_pagila_sakila' retrieved from /opt/airflow/dags/setup_pagila_sakila.py
[2026-08-19T15:50:38.842+0000] {logging_mixin.py:188} INFO - [2026-08-19T15:50:38.841+0000] {dag.py:3036} INFO - Sync 1 DAGs
[2026-08-19T15:50:38.858+0000] {logging_mixin.py:188} INFO - [2026-08-19T15:50:38.857+0000] {dag.py:3823} INFO - Setting next_dagrun for setup_pagila_sakila to None, run_after=None
[2026-08-19T15:50:38.880+0000] {processor.py:183} INFO - Processing /opt/airflow/dags/setup_pagila_sakila.py took 0.109 seconds
[2026-08-19T15:51:08.933+0000] {processor.py:161} INFO - Started process (PID=223) to work on /opt/airflow/dags/setup_pagila_sakila.py
[2026-08-19T15:51:08.935+0000] {processor.py:830} INFO - Processing file /opt/airflow/dags/setup_pagila_sakila.py for tasks to queue
[2026-08-19T15:51:08.936+0000] {logging_mixin.py:188} INFO - [2026-08-19T15:51:08.936+0000] {dagbag.py:538} INFO - Filling up the DagBag from /opt/airflow/dags/setup_pagila_sakila.py
[2026-08-19T15:51:08.956+0000] {processor.py:840} INFO - DAG(s) 'setup_pagila_sakila' retrieved from /opt/airflow/dags/setup_pagila_sakila.py
[2026-08-19T15:51:09.025+0000] {logging_mixin.py:188} INFO - [2026-08-19T15:51:09.024+0000] {dag.py:3036} INFO - Sync 1 DAGs
[2026-08-19T15:51:09.049+0000] {logging_mixin.py:188} INFO - [2026-08-19T15:51:09.049+0000] {dag.py:3823} INFO - Setting next_dagrun for setup_pagila_sakila to None, run_after=None
[2026-08-19T15:51:09.074+0000] {processor.py:183} INFO - Processing /opt/airflow/dags/setup_pagila_sakila.py took 0.144 seconds
[2026-08-19T15:51:39.208+0000] {processor.py:161} INFO - Started process (PID=228) to work on /opt/airflow/dags/setup_pagila_sakila.py
[2026-08-19T15:51:39.209+0000] {processor.py:830} INFO - Processing file /opt/airflow/dags/setup_pagila_sakila.py for tasks to queue
[2026-08-19T15:51:39.211+0000] {logging_mixin.py:188} INFO - [2026-08-19T15:51:39.211+0000] {dagbag.py:538} INFO - Filling up the DagBag from /opt/airflow/dags/setup_pagila_sakila.py
[2026-08-19T15:51:39.233+0000] {processor.py:840} INFO - DAG(s) 'setup_pagila_sakila' retrieved from /opt/airflow/dags/setup_pagila_sakila.py
[2026-08-19T15:51:39.291+0000] {logging_mixin.py:188} INFO - [2026-08-19T15:51:39.290+0000] {dag.py:3036} INFO - Sync 1 DAGs
[2026-08-19T15:51:39.308+0000] {logging_mixin.py:188} INFO - [2026-08-19T15:51:39.308+0000] {dag.py:3823} INFO - Setting next_dagrun for setup_pagila_sakila to None, run_after=None
[2026-08-19T15:51:39.330+0000] {processor.py:183} INFO - Processing /opt/airflow/dags/setup_pagila_sakila.py took 0.126 seconds
[2026-08-19T15:52:09.460+0000] {processor.py:161} INFO - Started process (PID=233) to work on /opt/airflow/dags/setup_pagila_sakila.py
[2026-08-19T15:52:09.462+0000] {processor.py:830} INFO - Processing file /opt/airflow/dags/setup_pagila_sakila.py for tasks to queue
[2026-08-19T15:52:09.463+0000] {logging_mixin.py:188} INFO - [2026-08-19T15:52:09.463+0000] {dagbag.py:538} INFO - Filling up the DagBag from /opt/airflow/dags/setup_pagila_sakila.py
[2026-08-19T15:52:09.481+0000] {processor.py:840} INFO - DAG(s) 'setup_pagila_sakila' retrieved from /opt/airflow/dags/setup_pagila_sakila.py
[2026-08-19T15:52:09.515+0000] {logging_mixin.py:188} INFO - [2026-08-19T15:52:09.514+0000] {dag.py:3036} INFO - Sync 1 DAGs
[2026-08-19T15:52:09.538+0000] {logging_mixin.py:188} INFO - [2026-08-19T15:52:09.538+0000] {dag.py:3823} INFO - Setting next_dagrun for setup_pagila_sakila to None, run_after=None
[2026-08-19T15:52:09.566+0000] {processor.py:183} INFO - Processing /opt/airflow/dags/setup_pagila_sakila.py took 0.109 seconds
[2026-08-19T15:52:39.629+0000] {processor.py:161} INFO - Started process (PID=238) to work on /opt/airflow/dags/setup_pagila_sakila.py
[2026-08-19T15:52:39.630+0000] {processor.py:830} INFO - Processing file /opt/airflow/dags/setup_pagila_sakila.py for tasks to queue
[2026-08-19T15:52:39.633+0000] {logging_mixin.py:188} INFO - [2026-08-19T15:52:39.632+0000] {dagbag.py:538} INFO - Filling up the DagBag from /opt/airflow/dags/setup_pagila_sakila.py
[2026-08-19T15:52:39.690+0000] {processor.py:840} INFO - DAG(s) 'setup_pagila_sakila' retrieved from /opt/airflow/dags/setup_pagila_sakila.py
[2026-08-19T15:52:39.757+0000] {logging_mixin.py:188} INFO - [2026-08-19T15:52:39.756+0000] {dag.py:3036} INFO - Sync 1 DAGs
[2026-08-19T15:52:39.780+0000] {logging_mixin.py:188} INFO - [2026-08-19T15:52:39.780+0000] {dag.py:3823} INFO - Setting next_dagrun for setup_pagila_sakila to None, run_after=None
[2026-08-19T15:52:39.802+0000] {processor.py:183} INFO - Processing /opt/airflow/dags/setup_pagila_sakila.py took 0.182 seconds
[2026-08-19T15:53:09.880+0000] {processor.py:161} INFO - Started process (PID=243) to work on /opt/airflow/dags/setup_pagila_sakila.py
[2026-08-19T15:53:09.881+0000] {processor.py:830} INFO - Processing file /opt/airflow/dags/setup_pagila_sakila.py for tasks to queue
[2026-08-19T15:53:09.883+0000] {logging_mixin.py:188} INFO - [2026-08-19T15:53:09.882+0000] {dagbag.py:538} INFO - Filling up the DagBag from /opt/airflow/dags/setup_pagila_sakila.py
[2026-08-19T15:53:09.902+0000] {processor.py:840} INFO - DAG(s) 'setup_pagila_sakila' retrieved from /opt/airflow/dags/setup_pagila_sakila.py
[2026-08-19T15:53:09.934+0000] {logging_mixin.py:188} INFO - [2026-08-19T15:53:09.933+0000] {dag.py:3036} INFO - Sync 1 DAGs
[2026-08-19T15:53:09.947+0000] {logging_mixin.py:188} INFO - [2026-08-19T15:53:09.947+0000] {dag.py:3823} INFO - Setting next_dagrun for setup_pagila_sakila to None, run_after=None
[2026-08-19T15:53:09.966+0000] {processor.py:183} INFO - Processing /opt/airflow/dags/setup_pagila_sakila.py took 0.090 seconds
[2026-08-19T15:53:40.138+0000] {processor.py:161} INFO - Started process (PID=248) to work on /opt/airflow/dags/setup_pagila_sakila.py
[2026-08-19T15:53:40.139+0000] {processor.py:830} INFO - Processing file /opt/airflow/dags/setup_pagila_sakila.py for tasks to queue
[2026-08-19T15:53:40.141+0000] {logging_mixin.py:188} INFO - [2026-08-19T15:53:40.140+0000] {dagbag.py:538} INFO - Filling up the DagBag from /opt/airflow/dags/setup_pagila_sakila.py
[2026-08-19T15:53:40.160+0000] {processor.py:840} INFO - DAG(s) 'setup_pagila_sakila' retrieved from /opt/airflow/dags/setup_pagila_sakila.py
[2026-08-19T15:53:40.187+0000] {logging_mixin.py:188} INFO - [2026-08-19T15:53:40.187+0000] {dag.py:3036} INFO - Sync 1 DAGs
[2026-08-19T15:53:40.200+0000] {logging_mixin.py:188} INFO - [2026-08-19T15:53:40.200+0000] {dag.py:3823} INFO - Setting next_dagrun for setup_pagila_sakila to None, run_after=None
[2026-08-19T15:53:40.221+0000] {processor.py:183} INFO - Processing /opt/airflow/dags/setup_pagila_sakila.py took 0.088 seconds
[2026-08-19T15:54:10.290+0000] {processor.py:161} INFO - Started process (PID=253) to work on /opt/airflow/dags/setup_pagila_sakila.py
[2026-08-19T15:54:10.291+0000] {processor.py:830} INFO - Processing file /opt/airflow/dags/setup_pagila_sakila.py for tasks to queue
[2026-08-19T15:54:10.292+0000] {logging_mixin.py:188} INFO - [2026-08-19T15:54:10.292+0000] {dagbag.py:538} INFO - Filling up the DagBag from /opt/airflow/dags/setup_pagila_sakila.py
[2026-08-19T15:54:10.312+0000] {processor.py:840} INFO - DAG(s) 'setup_pagila_sakila' retrieved from /opt/airflow/dags/setup_pagila_sakila.py
[2026-08-19T15:54:10.342+0000] {logging_mixin.py:188} INFO - [2026-08-19T15:54:10.342+0000] {dag.py:3036} INFO - Sync 1 DAGs
[2026-08-19T15:54:10.356+0000] {logging_mixin.py:188} INFO - [2026-08-19T15:54:10.356+0000] {dag.py:3823} INFO - Setting next_dagrun for setup_pagila_sakila to None, run_after=None
[2026-08-19T15:54:10.377+0000] {processor.py:183} INFO - Processing /opt/airflow/dags/setup_pagila_sakila.py took 0.091 seconds
[2026-08-19T15:54:40.528+0000] {processor.py:161} INFO - Started process (PID=258) to work on /opt/airflow/dags/setup_pagila_sakila.py
[2026-08-19T15:54:40.530+0000] {processor.py:830} INFO - Processing file /opt/airflow/dags/setup_pagila_sakila.py for tasks to queue
[2026-08-19T15:54:40.532+0000] {logging_mixin.py:188} INFO - [2026-08-19T15:54:40.531+0000] {dagbag.py:538} INFO - Filling up the DagBag from /opt/airflow/dags/setup_pagila_sakila.py
[2026-08-19T15:54:40.553+0000] {processor.py:840} INFO - DAG(s) 'setup_pagila_sakila' retrieved from /opt/airflow/dags/setup_pagila_sakila.py
[2026-08-19T15:54:40.590+0000] {logging_mixin.py:188} INFO - [2026-08-19T15:54:40.590+0000] {dag.py:3036} INFO - Sync 1 DAGs
[2026-08-19T15:54:40.606+0000] {logging_mixin.py:188} INFO - [2026-08-19T15:54:40.606+0000] {dag.py:3823} INFO - Setting next_dagrun for setup_pagila_sakila to None, run_after=None
[2026-08-19T15:54:40.629+0000] {processor.py:183} INFO - Processing /opt/airflow/dags/setup_pagila_sakila.py took 0.105 seconds
[2026-08-19T15:55:10.689+0000] {processor.py:161} INFO - Started process (PID=263) to work on /opt/airflow/dags/setup_pagila_sakila.py
[2026-08-19T15:55:10.691+0000] {processor.py:830} INFO - Processing file /opt/airflow/dags/setup_pagila_sakila.py for tasks to queue
[2026-08-19T15:55:10.693+0000] {logging_mixin.py:188} INFO - [2026-08-19T15:55:10.692+0000] {dagbag.py:538} INFO - Filling up the DagBag from /opt/airflow/dags/setup_pagila_sakila.py
[2026-08-19T15:55:10.714+0000] {processor.py:840} INFO - DAG(s) 'setup_pagila_sakila' retrieved from /opt/airflow/dags/setup_pagila_sakila.py
[2026-08-19T15:55:10.754+0000] {logging_mixin.py:188} INFO - [2026-08-19T15:55:10.753+0000] {dag.py:3036} INFO - Sync 1 DAGs
[2026-08-19T15:55:10.772+0000] {logging_mixin.py:188} INFO - [2026-08-19T15:55:10.772+0000] {dag.py:3823} INFO - Setting next_dagrun for setup_pagila_sakila to None, run_after=None
[2026-08-19T15:55:10.797+0000] {processor.py:183} INFO - Processing /opt/airflow/dags/setup_pagila_sakila.py took 0.113 seconds
[2026-08-19T15:55:40.893+0000] {processor.py:161} INFO - Started process (PID=268) to work on /opt/airflow/dags/setup_pagila_sakila.py
[2026-08-19T15:55:40.894+0000] {processor.py:830} INFO - Processing file /opt/airflow/dags/setup_pagila_sakila.py for tasks to queue
[2026-08-19T15:55:40.896+0000] {logging_mixin.py:188} INFO - [2026-08-19T15:55:40.895+0000] {dagbag.py:538} INFO - Filling up the DagBag from /opt/airflow/dags/setup_pagila_sakila.py
[2026-08-19T15:55:40.911+0000] {processor.py:840} INFO - DAG(s) 'setup_pagila_sakila' retrieved from /opt/airflow/dags/setup_pagila_sakila.py
[2026-08-19T15:55:40.939+0000] {logging_mixin.py:188} INFO - [2026-08-19T15:55:40.939+0000] {dag.py:3036} INFO - Sync 1 DAGs
[2026-08-19T15:55:40.954+0000] {logging_mixin.py:188} INFO - [2026-08-19T15:55:40.953+0000] {dag.py:3823} INFO - Setting next_dagrun for setup_pagila_sakila to None, run_after=None
[2026-08-19T15:55:40.974+0000] {processor.py:183} INFO - Processing /opt/airflow/dags/setup_pagila_sakila.py took 0.084 seconds
[2026-08-19T15:56:11.064+0000] {processor.py:161} INFO - Started process (PID=273) to work on /opt/airflow/dags/setup_pagila_sakila.py
[2026-08-19T15:56:11.065+0000] {processor.py:830} INFO - Processing file /opt/airflow/dags/setup_pagila_sakila.py for tasks to queue
[2026-08-19T15:56:11.067+0000] {logging_mixin.py:188} INFO - [2026-08-19T15:56:11.066+0000] {dagbag.py:538} INFO - Filling up the DagBag from /opt/airflow/dags/setup_pagila_sakila.py
[2026-08-19T15:56:11.088+0000] {processor.py:840} INFO - DAG(s) 'setup_pagila_sakila' retrieved from /opt/airflow/dags/setup_pagila_sakila.py
[2026-08-19T15:56:11.126+0000] {logging_mixin.py:188} INFO - [2026-08-19T15:56:11.126+0000] {dag.py:3036} INFO - Sync 1 DAGs
[2026-08-19T15:56:11.140+0000] {logging_mixin.py:188} INFO - [2026-08-19T15:56:11.139+0000] {dag.py:3823} INFO - Setting next_dagrun for setup_pagila_sakila to None, run_after=None
[2026-08-19T15:56:11.160+0000] {processor.py:183} INFO - Processing /opt/airflow/dags/setup_pagila_sakila.py took 0.100 seconds
[2026-08-19T15:56:41.277+0000] {processor.py:161} INFO - Started process (PID=278) to work on /opt/airflow/dags/setup_pagila_sakila.py
[2026-08-19T15:56:41.279+0000] {processor.py:830} INFO - Processing file /opt/airflow/dags/setup_pagila_sakila.py for tasks to queue
[2026-08-19T15:56:41.280+0000] {logging_mixin.py:188} INFO - [2026-08-19T15:56:41.280+0000] {dagbag.py:538} INFO - Filling up the DagBag from /opt/airflow/dags/setup_pagila_sakila.py
[2026-08-19T15:56:41.296+0000] {processor.py:840} INFO - DAG(s) 'setup_pagila_sakila' retrieved from /opt/airflow/dags/setup_pagila_sakila.py
[2026-08-19T15:56:41.324+0000] {logging_mixin.py:188} INFO - [2026-08-19T15:56:41.324+0000] {dag.py:3036} INFO - Sync 1 DAGs
[2026-08-19T15:56:41.338+0000] {logging_mixin.py:188} INFO - [2026-08-19T15:56:41.338+0000] {dag.py:3823} INFO - Setting next_dagrun for setup_pagila_sakila to None, run_after=None
[2026-08-19T15:56:41.360+0000] {processor.py:183} INFO - Processing /opt/airflow/dags/setup_pagila_sakila.py took 0.086 seconds
[2026-08-19T15:57:11.490+0000] {processor.py:161} INFO - Started process (PID=283) to work on /opt/airflow/dags/setup_pagila_sakila.py
[2026-08-19T15:57:11.491+0000] {processor.py:830} INFO - Processing file /opt/airflow/dags/setup_pagila_sakila.py for tasks to queue
[2026-08-19T15:57:11.495+0000] {logging_mixin.py:188} INFO - [2026-08-19T15:57:11.493+0000] {dagbag.py:538} INFO - Filling up the DagBag from /opt/airflow/dags/setup_pagila_sakila.py
[2026-08-19T15:57:11.518+0000] {processor.py:840} INFO - DAG(s) 'setup_pagila_sakila' retrieved from /opt/airflow/dags/setup_pagila_sakila.py
[2026-08-19T15:57:11.547+0000] {logging_mixin.py:188} INFO - [2026-08-19T15:57:11.547+0000] {dag.py:3036} INFO - Sync 1 DAGs
[2026-08-19T15:57:11.563+0000] {logging_mixin.py:188} INFO - [2026-08-19T15:57:11.562+0000] {dag.py:3823} INFO - Setting next_dagrun for setup_pagila_sakila to None, run_after=None
[2026-08-19T15:57:11.582+0000] {processor.py:183} INFO - Processing /opt/airflow/dags/setup_pagila_sakila.py took 0.095 seconds
[2026-08-19T15:57:41.680+0000] {processor.py:161} INFO - Started process (PID=288) to work on /opt/airflow/dags/setup_pagila_sakila.py
[2026-08-19T15:57:41.681+0000] {processor.py:830} INFO - Processing file /opt/airflow/dags/setup_pagila_sakila.py for tasks to queue
[2026-08-19T15:57:41.683+0000] {logging_mixin.py:188} INFO - [2026-08-19T15:57:41.682+0000] {dagbag.py:538} INFO - Filling up the DagBag from /opt/airflow/dags/setup_pagila_sakila.py
[2026-08-19T15:57:41.710+0000] {processor.py:840} INFO - DAG(s) 'setup_pagila_sakila' retrieved from /opt/airflow/dags/setup_pagila_sakila.py
[2026-08-19T15:57:41.740+0000] {logging_mixin.py:188} INFO - [2026-08-19T15:57:41.740+0000] {dag.py:3036} INFO - Sync 1 DAGs
[2026-08-19T15:57:41.753+0000] {logging_mixin.py:188} INFO - [2026-08-19T15:57:41.752+0000] {dag.py:3823} INFO - Setting next_dagrun for setup_pagila_sakila to None, run_after=None
[2026-08-19T15:57:41.770+0000] {processor.py:183} INFO - Processing /opt/airflow/dags/setup_pagila_sakila.py took 0.101 seconds
[2026-08-19T15:58:11.860+0000] {processor.py:161} INFO - Started process (PID=293) to work on /opt/airflow/dags/setup_pagila_sakila.py
[2026-08-19T15:58:11.861+0000] {processor.py:830} INFO - Processing file /opt/airflow/dags/setup_pagila_sakila.py for tasks to queue
[2026-08-19T15:58:11.862+0000] {logging_mixin.py:188} INFO - [2026-08-19T15:58:11.862+0000] {dagbag.py:538} INFO - Filling up the DagBag from /opt/airflow/dags/setup_pagila_sakila.py
[2026-08-19T15:58:11.879+0000] {processor.py:840} INFO - DAG(s) 'setup_pagila_sakila' retrieved from /opt/airflow/dags/setup_pagila_sakila.py
[2026-08-19T15:58:11.904+0000] {logging_mixin.py:188} INFO - [2026-08-19T15:58:11.904+0000] {dag.py:3036} INFO - Sync 1 DAGs
[2026-08-19T15:58:11.918+0000] {logging_mixin.py:188} INFO - [2026-08-19T15:58:11.917+0000] {dag.py:3823} INFO - Setting next_dagrun for setup_pagila_sakila to None, run_after=None
[2026-08-19T15:58:11.936+0000] {processor.py:183} INFO - Processing /opt/airflow/dags/setup_pagila_sakila.py took 0.080 seconds
[2026-08-19T15:58:42.052+0000] {processor.py:161} INFO - Started process (PID=298) to work on /opt/airflow/dags/setup_pagila_sakila.py
[2026-08-19T15:58:42.054+0000] {processor.py:830} INFO - Processing file /opt/airflow/dags/setup_pagila_sakila.py for tasks to queue
[2026-08-19T15:58:42.055+0000] {logging_mixin.py:188} INFO - [2026-08-19T15:58:42.055+0000] {dagbag.py:538} INFO - Filling up the DagBag from /opt/airflow/dags/setup_pagila_sakila.py
[2026-08-19T15:58:42.073+0000] {processor.py:840} INFO - DAG(s) 'setup_pagila_sakila' retrieved from /opt/airflow/dags/setup_pagila_sakila.py
[2026-08-19T15:58:42.107+0000] {logging_mixin.py:188} INFO - [2026-08-19T15:58:42.107+0000] {dag.py:3036} INFO - Sync 1 DAGs
[2026-08-19T15:58:42.125+0000] {logging_mixin.py:188} INFO - [2026-08-19T15:58:42.124+0000] {dag.py:3823} INFO - Setting next_dagrun for setup_pagila_sakila to None, run_after=None
[2026-08-19T15:58:42.151+0000] {processor.py:183} INFO - Processing /opt/airflow/dags/setup_pagila_sakila.py took 0.103 seconds
[2026-08-19T15:59:12.262+0000] {processor.py:161} INFO - Started process (PID=303) to work on /opt/airflow/dags/setup_pagila_sakila.py
[2026-08-19T15:59:12.263+0000] {processor.py:830} INFO - Processing file /opt/airflow/dags/setup_pagila_sakila.py for tasks to queue
[2026-08-19T15:59:12.264+0000] {logging_mixin.py:188} INFO - [2026-08-19T15:59:12.264+0000] {dagbag.py:538} INFO - Filling up the DagBag from /opt/airflow/dags/setup_pagila_sakila.py
[2026-08-19T15:59:12.280+0000] {processor.py:840} INFO - DAG(s) 'setup_pagila_sakila' retrieved from /opt/airflow/dags/setup_pagila_sakila.py
[2026-08-19T15:59:12.306+0000] {logging_mixin.py:188} INFO - [2026-08-19T15:59:12.305+0000] {dag.py:3036} INFO - Sync 1 DAGs
[2026-08-19T15:59:12.318+0000] {logging_mixin.py:188} INFO - [2026-08-19T15:59:12.317+0000] {dag.py:3823} INFO - Setting next_dagrun for setup_pagila_sakila to None, run_after=None
[2026-08-19T15:59:12.333+0000] {processor.py:183} INFO - Processing /opt/airflow/dags/setup_pagila_sakila.py took 0.075 seconds
[2026-08-19T15:59:42.449+0000] {processor.py:161} INFO - Started process (PID=308) to work on /opt/airflow/dags/setup_pagila_sakila.py
[2026-08-19T15:59:42.450+0000] {processor.py:830} INFO - Processing file /opt/airflow/dags/setup_pagila_sakila.py for tasks to queue
[2026-08-19T15:59:42.452+0000] {logging_mixin.py:188} INFO - [2026-08-19T15:59:42.451+0000] {dagbag.py:538} INFO - Filling up the DagBag from /opt/airflow/dags/setup_pagila_sakila.py
[2026-08-19T15:59:42.473+0000] {processor.py:840} INFO - DAG(s) 'setup_pagila_sakila' retrieved from /opt/airflow/dags/setup_pagila_sakila.py
[2026-08-19T15:59:42.512+0000] {logging_mixin.py:188} INFO - [2026-08-19T15:59:42.511+0000] {dag.py:3036} INFO - Sync 1 DAGs
[2026-08-19T15:59:42.537+0000] {logging_mixin.py:188} INFO - [2026-08-19T15:59:42.536+0000] {dag.py:3823} INFO - Setting next_dagrun for setup_pagila_sakila to None, run_after=None
[2026-08-19T15:59:42.622+0000] {processor.py:183} INFO - Processing /opt/airflow/dags/setup_pagila_sakila.py took 0.176 seconds
[2026-08-19T16:00:12.812+0000] {processor.py:161} INFO - Started process (PID=313) to work on /opt/airflow/dags/setup_pagila_sakila.py
[2026-08-19T16:00:12.834+0000] {processor.py:830} INFO - Processing file /opt/airflow/dags/setup_pagila_sakila.py for tasks to queue
[2026-08-19T16:00:12.875+0000] {logging_mixin.py:188} INFO - [2026-08-19T16:00:12.873+0000] {dagbag.py:538} INFO - Filling up the DagBag from /opt/airflow/dags/setup_pagila_sakila.py
[2026-08-19T16:00:12.957+0000] {processor.py:840} INFO - DAG(s) 'setup_pagila_sakila' retrieved from /opt/airflow/dags/setup_pagila_sakila.py
[2026-08-19T16:00:13.207+0000] {logging_mixin.py:188} INFO - [2026-08-19T16:00:13.207+0000] {dag.py:3036} INFO - Sync 1 DAGs
[2026-08-19T16:00:13.343+0000] {logging_mixin.py:188} INFO - [2026-08-19T16:00:13.342+0000] {dag.py:3823} INFO - Setting next_dagrun for setup_pagila_sakila to None, run_after=None
[2026-08-19T16:00:13.459+0000] {processor.py:183} INFO - Processing /opt/airflow/dags/setup_pagila_sakila.py took 0.672 seconds
[2026-08-19T17:21:45.921+0000] {processor.py:161} INFO - Started process (PID=323) to work on /opt/airflow/dags/setup_pagila_sakila.py
[2026-08-19T17:21:45.926+0000] {processor.py:830} INFO - Processing file /opt/airflow/dags/setup_pagila_sakila.py for tasks to queue
[2026-08-19T17:21:45.930+0000] {logging_mixin.py:188} INFO - [2026-08-19T17:21:45.928+0000] {dagbag.py:538} INFO - Filling up the DagBag from /opt/airflow/dags/setup_pagila_sakila.py
[2026-08-19T17:21:45.998+0000] {processor.py:840} INFO - DAG(s) 'setup_pagila_sakila' retrieved from /opt/airflow/dags/setup_pagila_sakila.py
[2026-08-19T17:21:46.068+0000] {logging_mixin.py:188} INFO - [2026-08-19T17:21:46.068+0000] {dag.py:3036} INFO - Sync 1 DAGs
[2026-08-19T17:21:46.083+0000] {logging_mixin.py:188} INFO - [2026-08-19T17:21:46.083+0000] {dag.py:3823} INFO - Setting next_dagrun for setup_pagila_sakila to None, run_after=None
[2026-08-19T17:21:46.101+0000] {processor.py:183} INFO - Processing /opt/airflow/dags/setup_pagila_sakila.py took 0.198 seconds
[2026-08-19T17:22:16.268+0000] {processor.py:161} INFO - Started process (PID=328) to work on /opt/airflow/dags/setup_pagila_sakila.py
[2026-08-19T17:22:16.271+0000] {processor.py:830} INFO - Processing file /opt/airflow/dags/setup_pagila_sakila.py for tasks to queue
[2026-08-19T17:22:16.273+0000] {logging_mixin.py:188} INFO - [2026-08-19T17:22:16.272+0000] {dagbag.py:538} INFO - Filling up the DagBag from /opt/airflow/dags/setup_pagila_sakila.py
[2026-08-19T17:22:16.323+0000] {processor.py:840} INFO - DAG(s) 'setup_pagila_sakila' retrieved from /opt/airflow/dags/setup_pagila_sakila.py
[2026-08-19T17:22:16.390+0000] {logging_mixin.py:188} INFO - [2026-08-19T17:22:16.389+0000] {dag.py:3036} INFO - Sync 1 DAGs
[2026-08-19T17:22:16.417+0000] {logging_mixin.py:188} INFO - [2026-08-19T17:22:16.417+0000] {dag.py:3823} INFO - Setting next_dagrun for setup_pagila_sakila to None, run_after=None
[2026-08-19T17:22:16.446+0000] {processor.py:183} INFO - Processing /opt/airflow/dags/setup_pagila_sakila.py took 0.187 seconds
[2026-08-19T17:22:46.498+0000] {processor.py:161} INFO - Started process (PID=333) to work on /opt/airflow/dags/setup_pagila_sakila.py
[2026-08-19T17:22:46.500+0000] {processor.py:830} INFO - Processing file /opt/airflow/dags/setup_pagila_sakila.py for tasks to queue
[2026-08-19T17:22:46.502+0000] {logging_mixin.py:188} INFO - [2026-08-19T17:22:46.501+0000] {dagbag.py:538} INFO - Filling up the DagBag from /opt/airflow/dags/setup_pagila_sakila.py
[2026-08-19T17:22:46.547+0000] {processor.py:840} INFO - DAG(s) 'setup_pagila_sakila' retrieved from /opt/airflow/dags/setup_pagila_sakila.py
[2026-08-19T17:22:46.578+0000] {logging_mixin.py:188} INFO - [2026-08-19T17:22:46.578+0000] {dag.py:3036} INFO - Sync 1 DAGs
[2026-08-19T17:22:46.594+0000] {logging_mixin.py:188} INFO - [2026-08-19T17:22:46.594+0000] {dag.py:3823} INFO - Setting next_dagrun for setup_pagila_sakila to None, run_after=None
[2026-08-19T17:22:46.614+0000] {processor.py:183} INFO - Processing /opt/airflow/dags/setup_pagila_sakila.py took 0.120 seconds
[2026-08-19T17:23:16.740+0000] {processor.py:161} INFO - Started process (PID=338) to work on /opt/airflow/dags/setup_pagila_sakila.py
[2026-08-19T17:23:16.741+0000] {processor.py:830} INFO - Processing file /opt/airflow/dags/setup_pagila_sakila.py for tasks to queue
[2026-08-19T17:23:16.743+0000] {logging_mixin.py:188} INFO - [2026-08-19T17:23:16.742+0000] {dagbag.py:538} INFO - Filling up the DagBag from /opt/airflow/dags/setup_pagila_sakila.py
[2026-08-19T17:23:16.769+0000] {processor.py:840} INFO - DAG(s) 'setup_pagila_sakila' retrieved from /opt/airflow/dags/setup_pagila_sakila.py
[2026-08-19T17:23:16.846+0000] {logging_mixin.py:188} INFO - [2026-08-19T17:23:16.846+0000] {dag.py:3036} INFO - Sync 1 DAGs
[2026-08-19T17:23:16.876+0000] {logging_mixin.py:188} INFO - [2026-08-19T17:23:16.876+0000] {dag.py:3823} INFO - Setting next_dagrun for setup_pagila_sakila to None, run_after=None
[2026-08-19T17:23:16.903+0000] {processor.py:183} INFO - Processing /opt/airflow/dags/setup_pagila_sakila.py took 0.172 seconds
[2026-08-19T17:23:47.011+0000] {processor.py:161} INFO - Started process (PID=343) to work on /opt/airflow/dags/setup_pagila_sakila.py
[2026-08-19T17:23:47.016+0000] {processor.py:830} INFO - Processing file /opt/airflow/dags/setup_pagila_sakila.py for tasks to queue
[2026-08-19T17:23:47.018+0000] {logging_mixin.py:188} INFO - [2026-08-19T17:23:47.017+0000] {dagbag.py:538} INFO - Filling up the DagBag from /opt/airflow/dags/setup_pagila_sakila.py
[2026-08-19T17:23:47.035+0000] {processor.py:840} INFO - DAG(s) 'setup_pagila_sakila' retrieved from /opt/airflow/dags/setup_pagila_sakila.py
[2026-08-19T17:23:47.080+0000] {logging_mixin.py:188} INFO - [2026-08-19T17:23:47.079+0000] {dag.py:3036} INFO - Sync 1 DAGs
[2026-08-19T17:23:47.107+0000] {logging_mixin.py:188} INFO - [2026-08-19T17:23:47.107+0000] {dag.py:3823} INFO - Setting next_dagrun for setup_pagila_sakila to None, run_after=None
[2026-08-19T17:23:47.137+0000] {processor.py:183} INFO - Processing /opt/airflow/dags/setup_pagila_sakila.py took 0.132 seconds
[2026-08-19T17:24:17.271+0000] {processor.py:161} INFO - Started process (PID=348) to work on /opt/airflow/dags/setup_pagila_sakila.py
[2026-08-19T17:24:17.272+0000] {processor.py:830} INFO - Processing file /opt/airflow/dags/setup_pagila_sakila.py for tasks to queue
[2026-08-19T17:24:17.274+0000] {logging_mixin.py:188} INFO - [2026-08-19T17:24:17.273+0000] {dagbag.py:538} INFO - Filling up the DagBag from /opt/airflow/dags/setup_pagila_sakila.py
[2026-08-19T17:24:17.310+0000] {processor.py:840} INFO - DAG(s) 'setup_pagila_sakila' retrieved from /opt/airflow/dags/setup_pagila_sakila.py
[2026-08-19T17:24:17.343+0000] {logging_mixin.py:188} INFO - [2026-08-19T17:24:17.343+0000] {dag.py:3036} INFO - Sync 1 DAGs
[2026-08-19T17:24:17.356+0000] {logging_mixin.py:188} INFO - [2026-08-19T17:24:17.356+0000] {dag.py:3823} INFO - Setting next_dagrun for setup_pagila_sakila to None, run_after=None
[2026-08-19T17:24:17.380+0000] {processor.py:183} INFO - Processing /opt/airflow/dags/setup_pagila_sakila.py took 0.113 seconds
[2026-08-19T17:24:47.512+0000] {processor.py:161} INFO - Started process (PID=353) to work on /opt/airflow/dags/setup_pagila_sakila.py
[2026-08-19T17:24:47.514+0000] {processor.py:830} INFO - Processing file /opt/airflow/dags/setup_pagila_sakila.py for tasks to queue
[2026-08-19T17:24:47.516+0000] {logging_mixin.py:188} INFO - [2026-08-19T17:24:47.515+0000] {dagbag.py:538} INFO - Filling up the DagBag from /opt/airflow/dags/setup_pagila_sakila.py
[2026-08-19T17:24:47.534+0000] {processor.py:840} INFO - DAG(s) 'setup_pagila_sakila' retrieved from /opt/airflow/dags/setup_pagila_sakila.py
[2026-08-19T17:24:47.561+0000] {logging_mixin.py:188} INFO - [2026-08-19T17:24:47.561+0000] {dag.py:3036} INFO - Sync 1 DAGs
[2026-08-19T17:24:47.574+0000] {logging_mixin.py:188} INFO - [2026-08-19T17:24:47.574+0000] {dag.py:3823} INFO - Setting next_dagrun for setup_pagila_sakila to None, run_after=None
[2026-08-19T17:24:47.593+0000] {processor.py:183} INFO - Processing /opt/airflow/dags/setup_pagila_sakila.py took 0.085 seconds
[2026-08-19T17:25:17.795+0000] {processor.py:161} INFO - Started process (PID=358) to work on /opt/airflow/dags/setup_pagila_sakila.py
[2026-08-19T17:25:17.796+0000] {processor.py:830} INFO - Processing file /opt/airflow/dags/setup_pagila_sakila.py for tasks to queue
[2026-08-19T17:25:17.798+0000] {logging_mixin.py:188} INFO - [2026-08-19T17:25:17.797+0000] {dagbag.py:538} INFO - Filling up the DagBag from /opt/airflow/dags/setup_pagila_sakila.py
[2026-08-19T17:25:17.815+0000] {processor.py:840} INFO - DAG(s) 'setup_pagila_sakila' retrieved from /opt/airflow/dags/setup_pagila_sakila.py
[2026-08-19T17:25:17.843+0000] {logging_mixin.py:188} INFO - [2026-08-19T17:25:17.843+0000] {dag.py:3036} INFO - Sync 1 DAGs
[2026-08-19T17:25:17.856+0000] {logging_mixin.py:188} INFO - [2026-08-19T17:25:17.855+0000] {dag.py:3823} INFO - Setting next_dagrun for setup_pagila_sakila to None, run_after=None
[2026-08-19T17:25:17.875+0000] {processor.py:183} INFO - Processing /opt/airflow/dags/setup_pagila_sakila.py took 0.084 seconds
[2026-08-19T17:25:48.028+0000] {processor.py:161} INFO - Started process (PID=363) to work on /opt/airflow/dags/setup_pagila_sakila.py
[2026-08-19T17:25:48.029+0000] {processor.py:830} INFO - Processing file /opt/airflow/dags/setup_pagila_sakila.py for tasks to queue
[2026-08-19T17:25:48.031+0000] {logging_mixin.py:188} INFO - [2026-08-19T17:25:48.030+0000] {dagbag.py:538} INFO - Filling up the DagBag from /opt/airflow/dags/setup_pagila_sakila.py
[2026-08-19T17:25:48.050+0000] {processor.py:840} INFO - DAG(s) 'setup_pagila_sakila' retrieved from /opt/airflow/dags/setup_pagila_sakila.py
[2026-08-19T17:25:48.075+0000] {logging_mixin.py:188} INFO - [2026-08-19T17:25:48.075+0000] {dag.py:3036} INFO - Sync 1 DAGs
[2026-08-19T17:25:48.091+0000] {logging_mixin.py:188} INFO - [2026-08-19T17:25:48.091+0000] {dag.py:3823} INFO - Setting next_dagrun for setup_pagila_sakila to None, run_after=None
[2026-08-19T17:25:48.116+0000] {processor.py:183} INFO - Processing /opt/airflow/dags/setup_pagila_sakila.py took 0.091 seconds
[2026-08-19T17:26:18.307+0000] {processor.py:161} INFO - Started process (PID=368) to work on /opt/airflow/dags/setup_pagila_sakila.py
[2026-08-19T17:26:18.309+0000] {processor.py:830} INFO - Processing file /opt/airflow/dags/setup_pagila_sakila.py for tasks to queue
[2026-08-19T17:26:18.310+0000] {logging_mixin.py:188} INFO - [2026-08-19T17:26:18.310+0000] {dagbag.py:538} INFO - Filling up the DagBag from /opt/airflow/dags/setup_pagila_sakila.py
[2026-08-19T17:26:18.329+0000] {processor.py:840} INFO - DAG(s) 'setup_pagila_sakila' retrieved from /opt/airflow/dags/setup_pagila_sakila.py
[2026-08-19T17:26:18.359+0000] {logging_mixin.py:188} INFO - [2026-08-19T17:26:18.359+0000] {dag.py:3036} INFO - Sync 1 DAGs
[2026-08-19T17:26:18.385+0000] {logging_mixin.py:188} INFO - [2026-08-19T17:26:18.385+0000] {dag.py:3823} INFO - Setting next_dagrun for setup_pagila_sakila to None, run_after=None
[2026-08-19T17:26:18.416+0000] {processor.py:183} INFO - Processing /opt/airflow/dags/setup_pagila_sakila.py took 0.112 seconds
[2026-08-19T17:26:48.509+0000] {processor.py:161} INFO - Started process (PID=373) to work on /opt/airflow/dags/setup_pagila_sakila.py
[2026-08-19T17:26:48.510+0000] {processor.py:830} INFO - Processing file /opt/airflow/dags/setup_pagila_sakila.py for tasks to queue
[2026-08-19T17:26:48.512+0000] {logging_mixin.py:188} INFO - [2026-08-19T17:26:48.511+0000] {dagbag.py:538} INFO - Filling up the DagBag from /opt/airflow/dags/setup_pagila_sakila.py
[2026-08-19T17:26:48.531+0000] {processor.py:840} INFO - DAG(s) 'setup_pagila_sakila' retrieved from /opt/airflow/dags/setup_pagila_sakila.py
[2026-08-19T17:26:48.558+0000] {logging_mixin.py:188} INFO - [2026-08-19T17:26:48.558+0000] {dag.py:3036} INFO - Sync 1 DAGs
[2026-08-19T17:26:48.571+0000] {logging_mixin.py:188} INFO - [2026-08-19T17:26:48.571+0000] {dag.py:3823} INFO - Setting next_dagrun for setup_pagila_sakila to None, run_after=None
[2026-08-19T17:26:48.589+0000] {processor.py:183} INFO - Processing /opt/airflow/dags/setup_pagila_sakila.py took 0.085 seconds
[2026-08-19T17:27:18.855+0000] {processor.py:161} INFO - Started process (PID=378) to work on /opt/airflow/dags/setup_pagila_sakila.py
[2026-08-19T17:27:18.861+0000] {processor.py:830} INFO - Processing file /opt/airflow/dags/setup_pagila_sakila.py for tasks to queue
[2026-08-19T17:27:18.866+0000] {logging_mixin.py:188} INFO - [2026-08-19T17:27:18.865+0000] {dagbag.py:538} INFO - Filling up the DagBag from /opt/airflow/dags/setup_pagila_sakila.py
[2026-08-19T17:27:18.934+0000] {processor.py:840} INFO - DAG(s) 'setup_pagila_sakila' retrieved from /opt/airflow/dags/setup_pagila_sakila.py
[2026-08-19T17:27:19.029+0000] {logging_mixin.py:188} INFO - [2026-08-19T17:27:19.028+0000] {dag.py:3036} INFO - Sync 1 DAGs
[2026-08-19T17:27:19.080+0000] {logging_mixin.py:188} INFO - [2026-08-19T17:27:19.079+0000] {dag.py:3823} INFO - Setting next_dagrun for setup_pagila_sakila to None, run_after=None
[2026-08-19T17:27:19.143+0000] {processor.py:183} INFO - Processing /opt/airflow/dags/setup_pagila_sakila.py took 0.301 seconds
[2026-08-19T17:47:36.002+0000] {processor.py:161} INFO - Started process (PID=383) to work on /opt/airflow/dags/setup_pagila_sakila.py
[2026-08-19T17:47:36.042+0000] {processor.py:830} INFO - Processing file /opt/airflow/dags/setup_pagila_sakila.py for tasks to queue
[2026-08-19T17:47:36.079+0000] {logging_mixin.py:188} INFO - [2026-08-19T17:47:36.063+0000] {dagbag.py:538} INFO - Filling up the DagBag from /opt/airflow/dags/setup_pagila_sakila.py
[2026-08-19T17:47:36.429+0000] {processor.py:840} INFO - DAG(s) 'setup_pagila_sakila' retrieved from /opt/airflow/dags/setup_pagila_sakila.py
[2026-08-19T17:47:37.005+0000] {logging_mixin.py:188} INFO - [2026-08-19T17:47:37.004+0000] {dag.py:3036} INFO - Sync 1 DAGs
[2026-08-19T17:47:37.332+0000] {logging_mixin.py:188} INFO - [2026-08-19T17:47:37.330+0000] {dag.py:3823} INFO - Setting next_dagrun for setup_pagila_sakila to None, run_after=None
[2026-08-19T17:47:37.659+0000] {processor.py:183} INFO - Processing /opt/airflow/dags/setup_pagila_sakila.py took 1.890 seconds
[2026-08-19T17:48:08.267+0000] {processor.py:161} INFO - Started process (PID=390) to work on /opt/airflow/dags/setup_pagila_sakila.py
[2026-08-19T17:48:08.269+0000] {processor.py:830} INFO - Processing file /opt/airflow/dags/setup_pagila_sakila.py for tasks to queue
[2026-08-19T17:48:08.270+0000] {logging_mixin.py:188} INFO - [2026-08-19T17:48:08.270+0000] {dagbag.py:538} INFO - Filling up the DagBag from /opt/airflow/dags/setup_pagila_sakila.py
[2026-08-19T17:48:08.291+0000] {processor.py:840} INFO - DAG(s) 'setup_pagila_sakila' retrieved from /opt/airflow/dags/setup_pagila_sakila.py
[2026-08-19T17:48:08.319+0000] {logging_mixin.py:188} INFO - [2026-08-19T17:48:08.319+0000] {dag.py:3036} INFO - Sync 1 DAGs
[2026-08-19T17:48:08.334+0000] {logging_mixin.py:188} INFO - [2026-08-19T17:48:08.333+0000] {dag.py:3823} INFO - Setting next_dagrun for setup_pagila_sakila to None, run_after=None
[2026-08-19T17:48:08.367+0000] {processor.py:183} INFO - Processing /opt/airflow/dags/setup_pagila_sakila.py took 0.105 seconds
[2026-08-19T17:48:38.512+0000] {processor.py:161} INFO - Started process (PID=395) to work on /opt/airflow/dags/setup_pagila_sakila.py
[2026-08-19T17:48:38.515+0000] {processor.py:830} INFO - Processing file /opt/airflow/dags/setup_pagila_sakila.py for tasks to queue
[2026-08-19T17:48:38.517+0000] {logging_mixin.py:188} INFO - [2026-08-19T17:48:38.517+0000] {dagbag.py:538} INFO - Filling up the DagBag from /opt/airflow/dags/setup_pagila_sakila.py
[2026-08-19T17:48:38.585+0000] {processor.py:840} INFO - DAG(s) 'setup_pagila_sakila' retrieved from /opt/airflow/dags/setup_pagila_sakila.py
[2026-08-19T17:48:38.667+0000] {logging_mixin.py:188} INFO - [2026-08-19T17:48:38.667+0000] {dag.py:3036} INFO - Sync 1 DAGs
[2026-08-19T17:48:38.713+0000] {logging_mixin.py:188} INFO - [2026-08-19T17:48:38.713+0000] {dag.py:3823} INFO - Setting next_dagrun for setup_pagila_sakila to None, run_after=None
[2026-08-19T17:48:38.759+0000] {processor.py:183} INFO - Processing /opt/airflow/dags/setup_pagila_sakila.py took 0.254 seconds
[2026-08-19T17:49:09.025+0000] {processor.py:161} INFO - Started process (PID=400) to work on /opt/airflow/dags/setup_pagila_sakila.py
[2026-08-19T17:49:09.029+0000] {processor.py:830} INFO - Processing file /opt/airflow/dags/setup_pagila_sakila.py for tasks to queue
[2026-08-19T17:49:09.031+0000] {logging_mixin.py:188} INFO - [2026-08-19T17:49:09.031+0000] {dagbag.py:538} INFO - Filling up the DagBag from /opt/airflow/dags/setup_pagila_sakila.py
[2026-08-19T17:49:09.072+0000] {processor.py:840} INFO - DAG(s) 'setup_pagila_sakila' retrieved from /opt/airflow/dags/setup_pagila_sakila.py
[2026-08-19T17:49:09.111+0000] {logging_mixin.py:188} INFO - [2026-08-19T17:49:09.111+0000] {dag.py:3036} INFO - Sync 1 DAGs
[2026-08-19T17:49:09.126+0000] {logging_mixin.py:188} INFO - [2026-08-19T17:49:09.126+0000] {dag.py:3823} INFO - Setting next_dagrun for setup_pagila_sakila to None, run_after=None
[2026-08-19T17:49:09.151+0000] {processor.py:183} INFO - Processing /opt/airflow/dags/setup_pagila_sakila.py took 0.137 seconds
[2026-08-19T17:49:39.195+0000] {processor.py:161} INFO - Started process (PID=405) to work on /opt/airflow/dags/setup_pagila_sakila.py
[2026-08-19T17:49:39.197+0000] {processor.py:830} INFO - Processing file /opt/airflow/dags/setup_pagila_sakila.py for tasks to queue
[2026-08-19T17:49:39.199+0000] {logging_mixin.py:188} INFO - [2026-08-19T17:49:39.199+0000] {dagbag.py:538} INFO - Filling up the DagBag from /opt/airflow/dags/setup_pagila_sakila.py
[2026-08-19T17:49:39.250+0000] {processor.py:840} INFO - DAG(s) 'setup_pagila_sakila' retrieved from /opt/airflow/dags/setup_pagila_sakila.py
[2026-08-19T17:49:39.322+0000] {logging_mixin.py:188} INFO - [2026-08-19T17:49:39.321+0000] {dag.py:3036} INFO - Sync 1 DAGs
[2026-08-19T17:49:39.343+0000] {logging_mixin.py:188} INFO - [2026-08-19T17:49:39.343+0000] {dag.py:3823} INFO - Setting next_dagrun for setup_pagila_sakila to None, run_after=None
[2026-08-19T17:49:39.370+0000] {processor.py:183} INFO - Processing /opt/airflow/dags/setup_pagila_sakila.py took 0.182 seconds
[2026-08-19T17:50:09.507+0000] {processor.py:161} INFO - Started process (PID=410) to work on /opt/airflow/dags/setup_pagila_sakila.py
[2026-08-19T17:50:09.509+0000] {processor.py:830} INFO - Processing file /opt/airflow/dags/setup_pagila_sakila.py for tasks to queue
[2026-08-19T17:50:09.510+0000] {logging_mixin.py:188} INFO - [2026-08-19T17:50:09.510+0000] {dagbag.py:538} INFO - Filling up the DagBag from /opt/airflow/dags/setup_pagila_sakila.py
[2026-08-19T17:50:09.528+0000] {processor.py:840} INFO - DAG(s) 'setup_pagila_sakila' retrieved from /opt/airflow/dags/setup_pagila_sakila.py
[2026-08-19T17:50:09.559+0000] {logging_mixin.py:188} INFO - [2026-08-19T17:50:09.559+0000] {dag.py:3036} INFO - Sync 1 DAGs
[2026-08-19T17:50:09.573+0000] {logging_mixin.py:188} INFO - [2026-08-19T17:50:09.573+0000] {dag.py:3823} INFO - Setting next_dagrun for setup_pagila_sakila to None, run_after=None
[2026-08-19T17:50:09.592+0000] {processor.py:183} INFO - Processing /opt/airflow/dags/setup_pagila_sakila.py took 0.089 seconds
[2026-08-19T17:50:39.730+0000] {processor.py:161} INFO - Started process (PID=415) to work on /opt/airflow/dags/setup_pagila_sakila.py
[2026-08-19T17:50:39.733+0000] {processor.py:830} INFO - Processing file /opt/airflow/dags/setup_pagila_sakila.py for tasks to queue
[2026-08-19T17:50:39.735+0000] {logging_mixin.py:188} INFO - [2026-08-19T17:50:39.734+0000] {dagbag.py:538} INFO - Filling up the DagBag from /opt/airflow/dags/setup_pagila_sakila.py
[2026-08-19T17:50:39.752+0000] {processor.py:840} INFO - DAG(s) 'setup_pagila_sakila' retrieved from /opt/airflow/dags/setup_pagila_sakila.py
[2026-08-19T17:50:39.778+0000] {logging_mixin.py:188} INFO - [2026-08-19T17:50:39.778+0000] {dag.py:3036} INFO - Sync 1 DAGs
[2026-08-19T17:50:39.791+0000] {logging_mixin.py:188} INFO - [2026-08-19T17:50:39.791+0000] {dag.py:3823} INFO - Setting next_dagrun for setup_pagila_sakila to None, run_after=None
[2026-08-19T17:50:39.821+0000] {processor.py:183} INFO - Processing /opt/airflow/dags/setup_pagila_sakila.py took 0.095 seconds
[2026-08-19T17:51:09.920+0000] {processor.py:161} INFO - Started process (PID=420) to work on /opt/airflow/dags/setup_pagila_sakila.py
[2026-08-19T17:51:09.921+0000] {processor.py:830} INFO - Processing file /opt/airflow/dags/setup_pagila_sakila.py for tasks to queue
[2026-08-19T17:51:09.923+0000] {logging_mixin.py:188} INFO - [2026-08-19T17:51:09.922+0000] {dagbag.py:538} INFO - Filling up the DagBag from /opt/airflow/dags/setup_pagila_sakila.py
[2026-08-19T17:51:09.953+0000] {processor.py:840} INFO - DAG(s) 'setup_pagila_sakila' retrieved from /opt/airflow/dags/setup_pagila_sakila.py
[2026-08-19T17:51:10.002+0000] {logging_mixin.py:188} INFO - [2026-08-19T17:51:10.001+0000] {dag.py:3036} INFO - Sync 1 DAGs
[2026-08-19T17:51:10.031+0000] {logging_mixin.py:188} INFO - [2026-08-19T17:51:10.031+0000] {dag.py:3823} INFO - Setting next_dagrun for setup_pagila_sakila to None, run_after=None
[2026-08-19T17:51:10.057+0000] {processor.py:183} INFO - Processing /opt/airflow/dags/setup_pagila_sakila.py took 0.141 seconds
[2026-08-19T17:51:40.142+0000] {processor.py:161} INFO - Started process (PID=425) to work on /opt/airflow/dags/setup_pagila_sakila.py
[2026-08-19T17:51:40.144+0000] {processor.py:830} INFO - Processing file /opt/airflow/dags/setup_pagila_sakila.py for tasks to queue
[2026-08-19T17:51:40.145+0000] {logging_mixin.py:188} INFO - [2026-08-19T17:51:40.144+0000] {dagbag.py:538} INFO - Filling up the DagBag from /opt/airflow/dags/setup_pagila_sakila.py
[2026-08-19T17:51:40.159+0000] {processor.py:840} INFO - DAG(s) 'setup_pagila_sakila' retrieved from /opt/airflow/dags/setup_pagila_sakila.py
[2026-08-19T17:51:40.187+0000] {logging_mixin.py:188} INFO - [2026-08-19T17:51:40.186+0000] {dag.py:3036} INFO - Sync 1 DAGs
[2026-08-19T17:51:40.199+0000] {logging_mixin.py:188} INFO - [2026-08-19T17:51:40.199+0000] {dag.py:3823} INFO - Setting next_dagrun for setup_pagila_sakila to None, run_after=None
[2026-08-19T17:51:40.220+0000] {processor.py:183} INFO - Processing /opt/airflow/dags/setup_pagila_sakila.py took 0.080 seconds
[2026-08-19T17:52:10.376+0000] {processor.py:161} INFO - Started process (PID=430) to work on /opt/airflow/dags/setup_pagila_sakila.py
[2026-08-19T17:52:10.378+0000] {processor.py:830} INFO - Processing file /opt/airflow/dags/setup_pagila_sakila.py for tasks to queue
[2026-08-19T17:52:10.379+0000] {logging_mixin.py:188} INFO - [2026-08-19T17:52:10.379+0000] {dagbag.py:538} INFO - Filling up the DagBag from /opt/airflow/dags/setup_pagila_sakila.py
[2026-08-19T17:52:10.394+0000] {processor.py:840} INFO - DAG(s) 'setup_pagila_sakila' retrieved from /opt/airflow/dags/setup_pagila_sakila.py
[2026-08-19T17:52:10.424+0000] {logging_mixin.py:188} INFO - [2026-08-19T17:52:10.424+0000] {dag.py:3036} INFO - Sync 1 DAGs
[2026-08-19T17:52:10.439+0000] {logging_mixin.py:188} INFO - [2026-08-19T17:52:10.438+0000] {dag.py:3823} INFO - Setting next_dagrun for setup_pagila_sakila to None, run_after=None
[2026-08-19T17:52:10.465+0000] {processor.py:183} INFO - Processing /opt/airflow/dags/setup_pagila_sakila.py took 0.092 seconds
[2026-08-19T17:52:40.633+0000] {processor.py:161} INFO - Started process (PID=435) to work on /opt/airflow/dags/setup_pagila_sakila.py
[2026-08-19T17:52:40.634+0000] {processor.py:830} INFO - Processing file /opt/airflow/dags/setup_pagila_sakila.py for tasks to queue
[2026-08-19T17:52:40.635+0000] {logging_mixin.py:188} INFO - [2026-08-19T17:52:40.635+0000] {dagbag.py:538} INFO - Filling up the DagBag from /opt/airflow/dags/setup_pagila_sakila.py
[2026-08-19T17:52:40.650+0000] {processor.py:840} INFO - DAG(s) 'setup_pagila_sakila' retrieved from /opt/airflow/dags/setup_pagila_sakila.py
[2026-08-19T17:52:40.676+0000] {logging_mixin.py:188} INFO - [2026-08-19T17:52:40.676+0000] {dag.py:3036} INFO - Sync 1 DAGs
[2026-08-19T17:52:40.688+0000] {logging_mixin.py:188} INFO - [2026-08-19T17:52:40.688+0000] {dag.py:3823} INFO - Setting next_dagrun for setup_pagila_sakila to None, run_after=None
[2026-08-19T17:52:40.708+0000] {processor.py:183} INFO - Processing /opt/airflow/dags/setup_pagila_sakila.py took 0.079 seconds
[2026-08-19T17:53:10.807+0000] {processor.py:161} INFO - Started process (PID=440) to work on /opt/airflow/dags/setup_pagila_sakila.py
[2026-08-19T17:53:10.808+0000] {processor.py:830} INFO - Processing file /opt/airflow/dags/setup_pagila_sakila.py for tasks to queue
[2026-08-19T17:53:10.810+0000] {logging_mixin.py:188} INFO - [2026-08-19T17:53:10.809+0000] {dagbag.py:538} INFO - Filling up the DagBag from /opt/airflow/dags/setup_pagila_sakila.py
[2026-08-19T17:53:10.825+0000] {processor.py:840} INFO - DAG(s) 'setup_pagila_sakila' retrieved from /opt/airflow/dags/setup_pagila_sakila.py
[2026-08-19T17:53:10.854+0000] {logging_mixin.py:188} INFO - [2026-08-19T17:53:10.854+0000] {dag.py:3036} INFO - Sync 1 DAGs
[2026-08-19T17:53:10.868+0000] {logging_mixin.py:188} INFO - [2026-08-19T17:53:10.868+0000] {dag.py:3823} INFO - Setting next_dagrun for setup_pagila_sakila to None, run_after=None
[2026-08-19T17:53:10.893+0000] {processor.py:183} INFO - Processing /opt/airflow/dags/setup_pagila_sakila.py took 0.091 seconds
[2026-08-19T17:53:41.086+0000] {processor.py:161} INFO - Started process (PID=445) to work on /opt/airflow/dags/setup_pagila_sakila.py
[2026-08-19T17:53:41.088+0000] {processor.py:830} INFO - Processing file /opt/airflow/dags/setup_pagila_sakila.py for tasks to queue
[2026-08-19T17:53:41.089+0000] {logging_mixin.py:188} INFO - [2026-08-19T17:53:41.089+0000] {dagbag.py:538} INFO - Filling up the DagBag from /opt/airflow/dags/setup_pagila_sakila.py
[2026-08-19T17:53:41.107+0000] {processor.py:840} INFO - DAG(s) 'setup_pagila_sakila' retrieved from /opt/airflow/dags/setup_pagila_sakila.py
[2026-08-19T17:53:41.134+0000] {logging_mixin.py:188} INFO - [2026-08-19T17:53:41.134+0000] {dag.py:3036} INFO - Sync 1 DAGs
[2026-08-19T17:53:41.146+0000] {logging_mixin.py:188} INFO - [2026-08-19T17:53:41.146+0000] {dag.py:3823} INFO - Setting next_dagrun for setup_pagila_sakila to None, run_after=None
[2026-08-19T17:53:41.168+0000] {processor.py:183} INFO - Processing /opt/airflow/dags/setup_pagila_sakila.py took 0.084 seconds
[2026-08-19T17:54:11.294+0000] {processor.py:161} INFO - Started process (PID=450) to work on /opt/airflow/dags/setup_pagila_sakila.py
[2026-08-19T17:54:11.296+0000] {processor.py:830} INFO - Processing file /opt/airflow/dags/setup_pagila_sakila.py for tasks to queue
[2026-08-19T17:54:11.298+0000] {logging_mixin.py:188} INFO - [2026-08-19T17:54:11.297+0000] {dagbag.py:538} INFO - Filling up the DagBag from /opt/airflow/dags/setup_pagila_sakila.py
[2026-08-19T17:54:11.324+0000] {processor.py:840} INFO - DAG(s) 'setup_pagila_sakila' retrieved from /opt/airflow/dags/setup_pagila_sakila.py
[2026-08-19T17:54:11.365+0000] {logging_mixin.py:188} INFO - [2026-08-19T17:54:11.365+0000] {dag.py:3036} INFO - Sync 1 DAGs
[2026-08-19T17:54:11.388+0000] {logging_mixin.py:188} INFO - [2026-08-19T17:54:11.388+0000] {dag.py:3823} INFO - Setting next_dagrun for setup_pagila_sakila to None, run_after=None
[2026-08-19T17:54:11.412+0000] {processor.py:183} INFO - Processing /opt/airflow/dags/setup_pagila_sakila.py took 0.123 seconds
[2026-08-19T17:54:41.533+0000] {processor.py:161} INFO - Started process (PID=455) to work on /opt/airflow/dags/setup_pagila_sakila.py
[2026-08-19T17:54:41.535+0000] {processor.py:830} INFO - Processing file /opt/airflow/dags/setup_pagila_sakila.py for tasks to queue
[2026-08-19T17:54:41.536+0000] {logging_mixin.py:188} INFO - [2026-08-19T17:54:41.536+0000] {dagbag.py:538} INFO - Filling up the DagBag from /opt/airflow/dags/setup_pagila_sakila.py
[2026-08-19T17:54:41.552+0000] {processor.py:840} INFO - DAG(s) 'setup_pagila_sakila' retrieved from /opt/airflow/dags/setup_pagila_sakila.py
[2026-08-19T17:54:41.578+0000] {logging_mixin.py:188} INFO - [2026-08-19T17:54:41.578+0000] {dag.py:3036} INFO - Sync 1 DAGs
[2026-08-19T17:54:41.593+0000] {logging_mixin.py:188} INFO - [2026-08-19T17:54:41.592+0000] {dag.py:3823} INFO - Setting next_dagrun for setup_pagila_sakila to None, run_after=None
[2026-08-19T17:54:41.613+0000] {processor.py:183} INFO - Processing /opt/airflow/dags/setup_pagila_sakila.py took 0.083 seconds
[2026-08-19T17:55:11.686+0000] {processor.py:161} INFO - Started process (PID=460) to work on /opt/airflow/dags/setup_pagila_sakila.py
[2026-08-19T17:55:11.688+0000] {processor.py:830} INFO - Processing file /opt/airflow/dags/setup_pagila_sakila.py for tasks to queue
[2026-08-19T17:55:11.691+0000] {logging_mixin.py:188} INFO - [2026-08-19T17:55:11.690+0000] {dagbag.py:538} INFO - Filling up the DagBag from /opt/airflow/dags/setup_pagila_sakila.py
[2026-08-19T17:55:11.713+0000] {processor.py:840} INFO - DAG(s) 'setup_pagila_sakila' retrieved from /opt/airflow/dags/setup_pagila_sakila.py
[2026-08-19T17:55:11.743+0000] {logging_mixin.py:188} INFO - [2026-08-19T17:55:11.743+0000] {dag.py:3036} INFO - Sync 1 DAGs
[2026-08-19T17:55:11.759+0000] {logging_mixin.py:188} INFO - [2026-08-19T17:55:11.759+0000] {dag.py:3823} INFO - Setting next_dagrun for setup_pagila_sakila to None, run_after=None
[2026-08-19T17:55:11.783+0000] {processor.py:183} INFO - Processing /opt/airflow/dags/setup_pagila_sakila.py took 0.100 seconds
[2026-08-19T17:55:41.908+0000] {processor.py:161} INFO - Started process (PID=465) to work on /opt/airflow/dags/setup_pagila_sakila.py
[2026-08-19T17:55:41.912+0000] {processor.py:830} INFO - Processing file /opt/airflow/dags/setup_pagila_sakila.py for tasks to queue
[2026-08-19T17:55:41.915+0000] {logging_mixin.py:188} INFO - [2026-08-19T17:55:41.914+0000] {dagbag.py:538} INFO - Filling up the DagBag from /opt/airflow/dags/setup_pagila_sakila.py
[2026-08-19T17:55:41.936+0000] {processor.py:840} INFO - DAG(s) 'setup_pagila_sakila' retrieved from /opt/airflow/dags/setup_pagila_sakila.py
[2026-08-19T17:55:41.968+0000] {logging_mixin.py:188} INFO - [2026-08-19T17:55:41.968+0000] {dag.py:3036} INFO - Sync 1 DAGs
[2026-08-19T17:55:41.983+0000] {logging_mixin.py:188} INFO - [2026-08-19T17:55:41.982+0000] {dag.py:3823} INFO - Setting next_dagrun for setup_pagila_sakila to None, run_after=None
[2026-08-19T17:55:42.007+0000] {processor.py:183} INFO - Processing /opt/airflow/dags/setup_pagila_sakila.py took 0.110 seconds
[2026-08-19T17:56:12.047+0000] {processor.py:161} INFO - Started process (PID=470) to work on /opt/airflow/dags/setup_pagila_sakila.py
[2026-08-19T17:56:12.049+0000] {processor.py:830} INFO - Processing file /opt/airflow/dags/setup_pagila_sakila.py for tasks to queue
[2026-08-19T17:56:12.050+0000] {logging_mixin.py:188} INFO - [2026-08-19T17:56:12.050+0000] {dagbag.py:538} INFO - Filling up the DagBag from /opt/airflow/dags/setup_pagila_sakila.py
[2026-08-19T17:56:12.070+0000] {processor.py:840} INFO - DAG(s) 'setup_pagila_sakila' retrieved from /opt/airflow/dags/setup_pagila_sakila.py
[2026-08-19T17:56:12.103+0000] {logging_mixin.py:188} INFO - [2026-08-19T17:56:12.103+0000] {dag.py:3036} INFO - Sync 1 DAGs
[2026-08-19T17:56:12.120+0000] {logging_mixin.py:188} INFO - [2026-08-19T17:56:12.120+0000] {dag.py:3823} INFO - Setting next_dagrun for setup_pagila_sakila to None, run_after=None
[2026-08-19T17:56:12.138+0000] {processor.py:183} INFO - Processing /opt/airflow/dags/setup_pagila_sakila.py took 0.096 seconds
[2026-08-19T17:56:42.275+0000] {processor.py:161} INFO - Started process (PID=475) to work on /opt/airflow/dags/setup_pagila_sakila.py
[2026-08-19T17:56:42.278+0000] {processor.py:830} INFO - Processing file /opt/airflow/dags/setup_pagila_sakila.py for tasks to queue
[2026-08-19T17:56:42.280+0000] {logging_mixin.py:188} INFO - [2026-08-19T17:56:42.279+0000] {dagbag.py:538} INFO - Filling up the DagBag from /opt/airflow/dags/setup_pagila_sakila.py
[2026-08-19T17:56:42.309+0000] {processor.py:840} INFO - DAG(s) 'setup_pagila_sakila' retrieved from /opt/airflow/dags/setup_pagila_sakila.py
[2026-08-19T17:56:42.365+0000] {logging_mixin.py:188} INFO - [2026-08-19T17:56:42.364+0000] {dag.py:3036} INFO - Sync 1 DAGs
[2026-08-19T17:56:42.408+0000] {logging_mixin.py:188} INFO - [2026-08-19T17:56:42.408+0000] {dag.py:3823} INFO - Setting next_dagrun for setup_pagila_sakila to None, run_after=None
[2026-08-19T17:56:42.442+0000] {processor.py:183} INFO - Processing /opt/airflow/dags/setup_pagila_sakila.py took 0.172 seconds
[2026-08-19T17:57:12.627+0000] {processor.py:161} INFO - Started process (PID=480) to work on /opt/airflow/dags/setup_pagila_sakila.py
[2026-08-19T17:57:12.629+0000] {processor.py:830} INFO - Processing file /opt/airflow/dags/setup_pagila_sakila.py for tasks to queue
[2026-08-19T17:57:12.630+0000] {logging_mixin.py:188} INFO - [2026-08-19T17:57:12.630+0000] {dagbag.py:538} INFO - Filling up the DagBag from /opt/airflow/dags/setup_pagila_sakila.py
[2026-08-19T17:57:12.647+0000] {processor.py:840} INFO - DAG(s) 'setup_pagila_sakila' retrieved from /opt/airflow/dags/setup_pagila_sakila.py
[2026-08-19T17:57:12.673+0000] {logging_mixin.py:188} INFO - [2026-08-19T17:57:12.673+0000] {dag.py:3036} INFO - Sync 1 DAGs
[2026-08-19T17:57:12.686+0000] {logging_mixin.py:188} INFO - [2026-08-19T17:57:12.686+0000] {dag.py:3823} INFO - Setting next_dagrun for setup_pagila_sakila to None, run_after=None
[2026-08-19T17:57:12.709+0000] {processor.py:183} INFO - Processing /opt/airflow/dags/setup_pagila_sakila.py took 0.085 seconds
[2026-08-19T17:57:42.833+0000] {processor.py:161} INFO - Started process (PID=485) to work on /opt/airflow/dags/setup_pagila_sakila.py
[2026-08-19T17:57:42.834+0000] {processor.py:830} INFO - Processing file /opt/airflow/dags/setup_pagila_sakila.py for tasks to queue
[2026-08-19T17:57:42.836+0000] {logging_mixin.py:188} INFO - [2026-08-19T17:57:42.835+0000] {dagbag.py:538} INFO - Filling up the DagBag from /opt/airflow/dags/setup_pagila_sakila.py
[2026-08-19T17:57:42.851+0000] {processor.py:840} INFO - DAG(s) 'setup_pagila_sakila' retrieved from /opt/airflow/dags/setup_pagila_sakila.py
[2026-08-19T17:57:42.876+0000] {logging_mixin.py:188} INFO - [2026-08-19T17:57:42.876+0000] {dag.py:3036} INFO - Sync 1 DAGs
[2026-08-19T17:57:42.888+0000] {logging_mixin.py:188} INFO - [2026-08-19T17:57:42.888+0000] {dag.py:3823} INFO - Setting next_dagrun for setup_pagila_sakila to None, run_after=None
[2026-08-19T17:57:42.906+0000] {processor.py:183} INFO - Processing /opt/airflow/dags/setup_pagila_sakila.py took 0.076 seconds
[2026-08-19T17:58:13.027+0000] {processor.py:161} INFO - Started process (PID=490) to work on /opt/airflow/dags/setup_pagila_sakila.py
[2026-08-19T17:58:13.028+0000] {processor.py:830} INFO - Processing file /opt/airflow/dags/setup_pagila_sakila.py for tasks to queue
[2026-08-19T17:58:13.029+0000] {logging_mixin.py:188} INFO - [2026-08-19T17:58:13.029+0000] {dagbag.py:538} INFO - Filling up the DagBag from /opt/airflow/dags/setup_pagila_sakila.py
[2026-08-19T17:58:13.043+0000] {processor.py:840} INFO - DAG(s) 'setup_pagila_sakila' retrieved from /opt/airflow/dags/setup_pagila_sakila.py
[2026-08-19T17:58:13.066+0000] {logging_mixin.py:188} INFO - [2026-08-19T17:58:13.066+0000] {dag.py:3036} INFO - Sync 1 DAGs
[2026-08-19T17:58:13.078+0000] {logging_mixin.py:188} INFO - [2026-08-19T17:58:13.078+0000] {dag.py:3823} INFO - Setting next_dagrun for setup_pagila_sakila to None, run_after=None
[2026-08-19T17:58:13.096+0000] {processor.py:183} INFO - Processing /opt/airflow/dags/setup_pagila_sakila.py took 0.073 seconds
[2026-08-19T17:58:43.303+0000] {processor.py:161} INFO - Started process (PID=495) to work on /opt/airflow/dags/setup_pagila_sakila.py
[2026-08-19T17:58:43.305+0000] {processor.py:830} INFO - Processing file /opt/airflow/dags/setup_pagila_sakila.py for tasks to queue
[2026-08-19T17:58:43.307+0000] {logging_mixin.py:188} INFO - [2026-08-19T17:58:43.306+0000] {dagbag.py:538} INFO - Filling up the DagBag from /opt/airflow/dags/setup_pagila_sakila.py
[2026-08-19T17:58:43.326+0000] {processor.py:840} INFO - DAG(s) 'setup_pagila_sakila' retrieved from /opt/airflow/dags/setup_pagila_sakila.py
[2026-08-19T17:58:43.354+0000] {logging_mixin.py:188} INFO - [2026-08-19T17:58:43.353+0000] {dag.py:3036} INFO - Sync 1 DAGs
[2026-08-19T17:58:43.369+0000] {logging_mixin.py:188} INFO - [2026-08-19T17:58:43.369+0000] {dag.py:3823} INFO - Setting next_dagrun for setup_pagila_sakila to None, run_after=None
[2026-08-19T17:58:43.389+0000] {processor.py:183} INFO - Processing /opt/airflow/dags/setup_pagila_sakila.py took 0.091 seconds
[2026-08-19T17:59:13.515+0000] {processor.py:161} INFO - Started process (PID=500) to work on /opt/airflow/dags/setup_pagila_sakila.py
[2026-08-19T17:59:13.516+0000] {processor.py:830} INFO - Processing file /opt/airflow/dags/setup_pagila_sakila.py for tasks to queue
[2026-08-19T17:59:13.518+0000] {logging_mixin.py:188} INFO - [2026-08-19T17:59:13.518+0000] {dagbag.py:538} INFO - Filling up the DagBag from /opt/airflow/dags/setup_pagila_sakila.py
[2026-08-19T17:59:13.535+0000] {processor.py:840} INFO - DAG(s) 'setup_pagila_sakila' retrieved from /opt/airflow/dags/setup_pagila_sakila.py
[2026-08-19T17:59:13.561+0000] {logging_mixin.py:188} INFO - [2026-08-19T17:59:13.561+0000] {dag.py:3036} INFO - Sync 1 DAGs
[2026-08-19T17:59:13.575+0000] {logging_mixin.py:188} INFO - [2026-08-19T17:59:13.575+0000] {dag.py:3823} INFO - Setting next_dagrun for setup_pagila_sakila to None, run_after=None
[2026-08-19T17:59:13.594+0000] {processor.py:183} INFO - Processing /opt/airflow/dags/setup_pagila_sakila.py took 0.084 seconds
[2026-08-19T17:59:43.726+0000] {processor.py:161} INFO - Started process (PID=505) to work on /opt/airflow/dags/setup_pagila_sakila.py
[2026-08-19T17:59:43.727+0000] {processor.py:830} INFO - Processing file /opt/airflow/dags/setup_pagila_sakila.py for tasks to queue
[2026-08-19T17:59:43.729+0000] {logging_mixin.py:188} INFO - [2026-08-19T17:59:43.728+0000] {dagbag.py:538} INFO - Filling up the DagBag from /opt/airflow/dags/setup_pagila_sakila.py
[2026-08-19T17:59:43.745+0000] {processor.py:840} INFO - DAG(s) 'setup_pagila_sakila' retrieved from /opt/airflow/dags/setup_pagila_sakila.py
[2026-08-19T17:59:43.770+0000] {logging_mixin.py:188} INFO - [2026-08-19T17:59:43.769+0000] {dag.py:3036} INFO - Sync 1 DAGs
[2026-08-19T17:59:43.782+0000] {logging_mixin.py:188} INFO - [2026-08-19T17:59:43.781+0000] {dag.py:3823} INFO - Setting next_dagrun for setup_pagila_sakila to None, run_after=None
[2026-08-19T17:59:43.800+0000] {processor.py:183} INFO - Processing /opt/airflow/dags/setup_pagila_sakila.py took 0.077 seconds
[2026-08-19T18:00:13.936+0000] {processor.py:161} INFO - Started process (PID=510) to work on /opt/airflow/dags/setup_pagila_sakila.py
[2026-08-19T18:00:13.937+0000] {processor.py:830} INFO - Processing file /opt/airflow/dags/setup_pagila_sakila.py for tasks to queue
[2026-08-19T18:00:13.939+0000] {logging_mixin.py:188} INFO - [2026-08-19T18:00:13.938+0000] {dagbag.py:538} INFO - Filling up the DagBag from /opt/airflow/dags/setup_pagila_sakila.py
[2026-08-19T18:00:13.955+0000] {processor.py:840} INFO - DAG(s) 'setup_pagila_sakila' retrieved from /opt/airflow/dags/setup_pagila_sakila.py
[2026-08-19T18:00:13.979+0000] {logging_mixin.py:188} INFO - [2026-08-19T18:00:13.979+0000] {dag.py:3036} INFO - Sync 1 DAGs
[2026-08-19T18:00:13.994+0000] {logging_mixin.py:188} INFO - [2026-08-19T18:00:13.994+0000] {dag.py:3823} INFO - Setting next_dagrun for setup_pagila_sakila to None, run_after=None
[2026-08-19T18:00:14.017+0000] {processor.py:183} INFO - Processing /opt/airflow/dags/setup_pagila_sakila.py took 0.084 seconds
[2026-08-19T18:00:44.214+0000] {processor.py:161} INFO - Started process (PID=515) to work on /opt/airflow/dags/setup_pagila_sakila.py
[2026-08-19T18:00:44.216+0000] {processor.py:830} INFO - Processing file /opt/airflow/dags/setup_pagila_sakila.py for tasks to queue
[2026-08-19T18:00:44.217+0000] {logging_mixin.py:188} INFO - [2026-08-19T18:00:44.217+0000] {dagbag.py:538} INFO - Filling up the DagBag from /opt/airflow/dags/setup_pagila_sakila.py
[2026-08-19T18:00:44.231+0000] {processor.py:840} INFO - DAG(s) 'setup_pagila_sakila' retrieved from /opt/airflow/dags/setup_pagila_sakila.py
[2026-08-19T18:00:44.256+0000] {logging_mixin.py:188} INFO - [2026-08-19T18:00:44.256+0000] {dag.py:3036} INFO - Sync 1 DAGs
[2026-08-19T18:00:44.268+0000] {logging_mixin.py:188} INFO - [2026-08-19T18:00:44.268+0000] {dag.py:3823} INFO - Setting next_dagrun for setup_pagila_sakila to None, run_after=None
[2026-08-19T18:00:44.286+0000] {processor.py:183} INFO - Processing /opt/airflow/dags/setup_pagila_sakila.py took 0.083 seconds
[2026-08-19T18:01:14.412+0000] {processor.py:161} INFO - Started process (PID=520) to work on /opt/airflow/dags/setup_pagila_sakila.py
[2026-08-19T18:01:14.413+0000] {processor.py:830} INFO - Processing file /opt/airflow/dags/setup_pagila_sakila.py for tasks to queue
[2026-08-19T18:01:14.415+0000] {logging_mixin.py:188} INFO - [2026-08-19T18:01:14.414+0000] {dagbag.py:538} INFO - Filling up the DagBag from /opt/airflow/dags/setup_pagila_sakila.py
[2026-08-19T18:01:14.430+0000] {processor.py:840} INFO - DAG(s) 'setup_pagila_sakila' retrieved from /opt/airflow/dags/setup_pagila_sakila.py
[2026-08-19T18:01:14.453+0000] {logging_mixin.py:188} INFO - [2026-08-19T18:01:14.453+0000] {dag.py:3036} INFO - Sync 1 DAGs
[2026-08-19T18:01:14.464+0000] {logging_mixin.py:188} INFO - [2026-08-19T18:01:14.464+0000] {dag.py:3823} INFO - Setting next_dagrun for setup_pagila_sakila to None, run_after=None
[2026-08-19T18:01:14.487+0000] {processor.py:183} INFO - Processing /opt/airflow/dags/setup_pagila_sakila.py took 0.078 seconds
[2026-08-19T18:01:44.648+0000] {processor.py:161} INFO - Started process (PID=525) to work on /opt/airflow/dags/setup_pagila_sakila.py
[2026-08-19T18:01:44.649+0000] {processor.py:830} INFO - Processing file /opt/airflow/dags/setup_pagila_sakila.py for tasks to queue
[2026-08-19T18:01:44.650+0000] {logging_mixin.py:188} INFO - [2026-08-19T18:01:44.650+0000] {dagbag.py:538} INFO - Filling up the DagBag from /opt/airflow/dags/setup_pagila_sakila.py
[2026-08-19T18:01:44.666+0000] {processor.py:840} INFO - DAG(s) 'setup_pagila_sakila' retrieved from /opt/airflow/dags/setup_pagila_sakila.py
[2026-08-19T18:01:44.692+0000] {logging_mixin.py:188} INFO - [2026-08-19T18:01:44.692+0000] {dag.py:3036} INFO - Sync 1 DAGs
[2026-08-19T18:01:44.705+0000] {logging_mixin.py:188} INFO - [2026-08-19T18:01:44.705+0000] {dag.py:3823} INFO - Setting next_dagrun for setup_pagila_sakila to None, run_after=None
[2026-08-19T18:01:44.728+0000] {processor.py:183} INFO - Processing /opt/airflow/dags/setup_pagila_sakila.py took 0.083 seconds
[2026-08-19T18:02:14.851+0000] {processor.py:161} INFO - Started process (PID=530) to work on /opt/airflow/dags/setup_pagila_sakila.py
[2026-08-19T18:02:14.852+0000] {processor.py:830} INFO - Processing file /opt/airflow/dags/setup_pagila_sakila.py for tasks to queue
[2026-08-19T18:02:14.854+0000] {logging_mixin.py:188} INFO - [2026-08-19T18:02:14.853+0000] {dagbag.py:538} INFO - Filling up the DagBag from /opt/airflow/dags/setup_pagila_sakila.py
[2026-08-19T18:02:14.872+0000] {processor.py:840} INFO - DAG(s) 'setup_pagila_sakila' retrieved from /opt/airflow/dags/setup_pagila_sakila.py
[2026-08-19T18:02:14.900+0000] {logging_mixin.py:188} INFO - [2026-08-19T18:02:14.899+0000] {dag.py:3036} INFO - Sync 1 DAGs
[2026-08-19T18:02:14.912+0000] {logging_mixin.py:188} INFO - [2026-08-19T18:02:14.912+0000] {dag.py:3823} INFO - Setting next_dagrun for setup_pagila_sakila to None, run_after=None
[2026-08-19T18:02:14.935+0000] {processor.py:183} INFO - Processing /opt/airflow/dags/setup_pagila_sakila.py took 0.089 seconds
[2026-08-19T18:02:45.096+0000] {processor.py:161} INFO - Started process (PID=535) to work on /opt/airflow/dags/setup_pagila_sakila.py
[2026-08-19T18:02:45.098+0000] {processor.py:830} INFO - Processing file /opt/airflow/dags/setup_pagila_sakila.py for tasks to queue
[2026-08-19T18:02:45.099+0000] {logging_mixin.py:188} INFO - [2026-08-19T18:02:45.099+0000] {dagbag.py:538} INFO - Filling up the DagBag from /opt/airflow/dags/setup_pagila_sakila.py
[2026-08-19T18:02:45.117+0000] {processor.py:840} INFO - DAG(s) 'setup_pagila_sakila' retrieved from /opt/airflow/dags/setup_pagila_sakila.py
[2026-08-19T18:02:45.142+0000] {logging_mixin.py:188} INFO - [2026-08-19T18:02:45.142+0000] {dag.py:3036} INFO - Sync 1 DAGs
[2026-08-19T18:02:45.154+0000] {logging_mixin.py:188} INFO - [2026-08-19T18:02:45.154+0000] {dag.py:3823} INFO - Setting next_dagrun for setup_pagila_sakila to None, run_after=None
[2026-08-19T18:02:45.173+0000] {processor.py:183} INFO - Processing /opt/airflow/dags/setup_pagila_sakila.py took 0.082 seconds
[2026-08-19T18:03:15.325+0000] {processor.py:161} INFO - Started process (PID=540) to work on /opt/airflow/dags/setup_pagila_sakila.py
[2026-08-19T18:03:15.327+0000] {processor.py:830} INFO - Processing file /opt/airflow/dags/setup_pagila_sakila.py for tasks to queue
[2026-08-19T18:03:15.328+0000] {logging_mixin.py:188} INFO - [2026-08-19T18:03:15.328+0000] {dagbag.py:538} INFO - Filling up the DagBag from /opt/airflow/dags/setup_pagila_sakila.py
[2026-08-19T18:03:15.362+0000] {processor.py:840} INFO - DAG(s) 'setup_pagila_sakila' retrieved from /opt/airflow/dags/setup_pagila_sakila.py
[2026-08-19T18:03:15.400+0000] {logging_mixin.py:188} INFO - [2026-08-19T18:03:15.400+0000] {dag.py:3036} INFO - Sync 1 DAGs
[2026-08-19T18:03:15.422+0000] {logging_mixin.py:188} INFO - [2026-08-19T18:03:15.422+0000] {dag.py:3823} INFO - Setting next_dagrun for setup_pagila_sakila to None, run_after=None
[2026-08-19T18:03:15.441+0000] {processor.py:183} INFO - Processing /opt/airflow/dags/setup_pagila_sakila.py took 0.120 seconds
[2026-08-19T18:03:45.514+0000] {processor.py:161} INFO - Started process (PID=545) to work on /opt/airflow/dags/setup_pagila_sakila.py
[2026-08-19T18:03:45.516+0000] {processor.py:830} INFO - Processing file /opt/airflow/dags/setup_pagila_sakila.py for tasks to queue
[2026-08-19T18:03:45.518+0000] {logging_mixin.py:188} INFO - [2026-08-19T18:03:45.517+0000] {dagbag.py:538} INFO - Filling up the DagBag from /opt/airflow/dags/setup_pagila_sakila.py
[2026-08-19T18:03:45.534+0000] {processor.py:840} INFO - DAG(s) 'setup_pagila_sakila' retrieved from /opt/airflow/dags/setup_pagila_sakila.py
[2026-08-19T18:03:45.560+0000] {logging_mixin.py:188} INFO - [2026-08-19T18:03:45.560+0000] {dag.py:3036} INFO - Sync 1 DAGs
[2026-08-19T18:03:45.574+0000] {logging_mixin.py:188} INFO - [2026-08-19T18:03:45.574+0000] {dag.py:3823} INFO - Setting next_dagrun for setup_pagila_sakila to None, run_after=None
[2026-08-19T18:03:45.598+0000] {processor.py:183} INFO - Processing /opt/airflow/dags/setup_pagila_sakila.py took 0.087 seconds
[2026-08-19T18:04:15.774+0000] {processor.py:161} INFO - Started process (PID=550) to work on /opt/airflow/dags/setup_pagila_sakila.py
[2026-08-19T18:04:15.775+0000] {processor.py:830} INFO - Processing file /opt/airflow/dags/setup_pagila_sakila.py for tasks to queue
[2026-08-19T18:04:15.777+0000] {logging_mixin.py:188} INFO - [2026-08-19T18:04:15.776+0000] {dagbag.py:538} INFO - Filling up the DagBag from /opt/airflow/dags/setup_pagila_sakila.py
[2026-08-19T18:04:15.798+0000] {processor.py:840} INFO - DAG(s) 'setup_pagila_sakila' retrieved from /opt/airflow/dags/setup_pagila_sakila.py
[2026-08-19T18:04:15.828+0000] {logging_mixin.py:188} INFO - [2026-08-19T18:04:15.828+0000] {dag.py:3036} INFO - Sync 1 DAGs
[2026-08-19T18:04:15.849+0000] {logging_mixin.py:188} INFO - [2026-08-19T18:04:15.848+0000] {dag.py:3823} INFO - Setting next_dagrun for setup_pagila_sakila to None, run_after=None
[2026-08-19T18:04:15.881+0000] {processor.py:183} INFO - Processing /opt/airflow/dags/setup_pagila_sakila.py took 0.111 seconds
[2026-08-19T18:04:45.952+0000] {processor.py:161} INFO - Started process (PID=555) to work on /opt/airflow/dags/setup_pagila_sakila.py
[2026-08-19T18:04:45.954+0000] {processor.py:830} INFO - Processing file /opt/airflow/dags/setup_pagila_sakila.py for tasks to queue
[2026-08-19T18:04:45.955+0000] {logging_mixin.py:188} INFO - [2026-08-19T18:04:45.955+0000] {dagbag.py:538} INFO - Filling up the DagBag from /opt/airflow/dags/setup_pagila_sakila.py
[2026-08-19T18:04:45.973+0000] {processor.py:840} INFO - DAG(s) 'setup_pagila_sakila' retrieved from /opt/airflow/dags/setup_pagila_sakila.py
[2026-08-19T18:04:45.999+0000] {logging_mixin.py:188} INFO - [2026-08-19T18:04:45.999+0000] {dag.py:3036} INFO - Sync 1 DAGs
[2026-08-19T18:04:46.014+0000] {logging_mixin.py:188} INFO - [2026-08-19T18:04:46.013+0000] {dag.py:3823} INFO - Setting next_dagrun for setup_pagila_sakila to None, run_after=None
[2026-08-19T18:04:46.032+0000] {processor.py:183} INFO - Processing /opt/airflow/dags/setup_pagila_sakila.py took 0.085 seconds
[2026-08-19T18:05:16.238+0000] {processor.py:161} INFO - Started process (PID=560) to work on /opt/airflow/dags/setup_pagila_sakila.py
[2026-08-19T18:05:16.239+0000] {processor.py:830} INFO - Processing file /opt/airflow/dags/setup_pagila_sakila.py for tasks to queue
[2026-08-19T18:05:16.241+0000] {logging_mixin.py:188} INFO - [2026-08-19T18:05:16.241+0000] {dagbag.py:538} INFO - Filling up the DagBag from /opt/airflow/dags/setup_pagila_sakila.py
[2026-08-19T18:05:16.263+0000] {processor.py:840} INFO - DAG(s) 'setup_pagila_sakila' retrieved from /opt/airflow/dags/setup_pagila_sakila.py
[2026-08-19T18:05:16.293+0000] {logging_mixin.py:188} INFO - [2026-08-19T18:05:16.292+0000] {dag.py:3036} INFO - Sync 1 DAGs
[2026-08-19T18:05:16.317+0000] {logging_mixin.py:188} INFO - [2026-08-19T18:05:16.316+0000] {dag.py:3823} INFO - Setting next_dagrun for setup_pagila_sakila to None, run_after=None
[2026-08-19T18:05:16.349+0000] {processor.py:183} INFO - Processing /opt/airflow/dags/setup_pagila_sakila.py took 0.114 seconds
[2026-08-19T18:05:46.418+0000] {processor.py:161} INFO - Started process (PID=565) to work on /opt/airflow/dags/setup_pagila_sakila.py
[2026-08-19T18:05:46.420+0000] {processor.py:830} INFO - Processing file /opt/airflow/dags/setup_pagila_sakila.py for tasks to queue
[2026-08-19T18:05:46.421+0000] {logging_mixin.py:188} INFO - [2026-08-19T18:05:46.421+0000] {dagbag.py:538} INFO - Filling up the DagBag from /opt/airflow/dags/setup_pagila_sakila.py
[2026-08-19T18:05:46.437+0000] {processor.py:840} INFO - DAG(s) 'setup_pagila_sakila' retrieved from /opt/airflow/dags/setup_pagila_sakila.py
[2026-08-19T18:05:46.464+0000] {logging_mixin.py:188} INFO - [2026-08-19T18:05:46.463+0000] {dag.py:3036} INFO - Sync 1 DAGs
[2026-08-19T18:05:46.477+0000] {logging_mixin.py:188} INFO - [2026-08-19T18:05:46.477+0000] {dag.py:3823} INFO - Setting next_dagrun for setup_pagila_sakila to None, run_after=None
[2026-08-19T18:05:46.502+0000] {processor.py:183} INFO - Processing /opt/airflow/dags/setup_pagila_sakila.py took 0.087 seconds
[2026-08-19T18:06:16.727+0000] {processor.py:161} INFO - Started process (PID=570) to work on /opt/airflow/dags/setup_pagila_sakila.py
[2026-08-19T18:06:16.728+0000] {processor.py:830} INFO - Processing file /opt/airflow/dags/setup_pagila_sakila.py for tasks to queue
[2026-08-19T18:06:16.729+0000] {logging_mixin.py:188} INFO - [2026-08-19T18:06:16.729+0000] {dagbag.py:538} INFO - Filling up the DagBag from /opt/airflow/dags/setup_pagila_sakila.py
[2026-08-19T18:06:16.744+0000] {processor.py:840} INFO - DAG(s) 'setup_pagila_sakila' retrieved from /opt/airflow/dags/setup_pagila_sakila.py
[2026-08-19T18:06:16.771+0000] {logging_mixin.py:188} INFO - [2026-08-19T18:06:16.770+0000] {dag.py:3036} INFO - Sync 1 DAGs
[2026-08-19T18:06:16.782+0000] {logging_mixin.py:188} INFO - [2026-08-19T18:06:16.781+0000] {dag.py:3823} INFO - Setting next_dagrun for setup_pagila_sakila to None, run_after=None
[2026-08-19T18:06:16.798+0000] {processor.py:183} INFO - Processing /opt/airflow/dags/setup_pagila_sakila.py took 0.073 seconds
[2026-08-19T18:06:46.881+0000] {processor.py:161} INFO - Started process (PID=575) to work on /opt/airflow/dags/setup_pagila_sakila.py
[2026-08-19T18:06:46.883+0000] {processor.py:830} INFO - Processing file /opt/airflow/dags/setup_pagila_sakila.py for tasks to queue
[2026-08-19T18:06:46.885+0000] {logging_mixin.py:188} INFO - [2026-08-19T18:06:46.884+0000] {dagbag.py:538} INFO - Filling up the DagBag from /opt/airflow/dags/setup_pagila_sakila.py
[2026-08-19T18:06:46.915+0000] {processor.py:840} INFO - DAG(s) 'setup_pagila_sakila' retrieved from /opt/airflow/dags/setup_pagila_sakila.py
[2026-08-19T18:06:46.960+0000] {logging_mixin.py:188} INFO - [2026-08-19T18:06:46.960+0000] {dag.py:3036} INFO - Sync 1 DAGs
[2026-08-19T18:06:46.980+0000] {logging_mixin.py:188} INFO - [2026-08-19T18:06:46.980+0000] {dag.py:3823} INFO - Setting next_dagrun for setup_pagila_sakila to None, run_after=None
[2026-08-19T18:06:47.014+0000] {processor.py:183} INFO - Processing /opt/airflow/dags/setup_pagila_sakila.py took 0.137 seconds
[2026-08-19T18:07:17.112+0000] {processor.py:161} INFO - Started process (PID=580) to work on /opt/airflow/dags/setup_pagila_sakila.py
[2026-08-19T18:07:17.114+0000] {processor.py:830} INFO - Processing file /opt/airflow/dags/setup_pagila_sakila.py for tasks to queue
[2026-08-19T18:07:17.115+0000] {logging_mixin.py:188} INFO - [2026-08-19T18:07:17.115+0000] {dagbag.py:538} INFO - Filling up the DagBag from /opt/airflow/dags/setup_pagila_sakila.py
[2026-08-19T18:07:17.134+0000] {processor.py:840} INFO - DAG(s) 'setup_pagila_sakila' retrieved from /opt/airflow/dags/setup_pagila_sakila.py
[2026-08-19T18:07:17.161+0000] {logging_mixin.py:188} INFO - [2026-08-19T18:07:17.161+0000] {dag.py:3036} INFO - Sync 1 DAGs
[2026-08-19T18:07:17.176+0000] {logging_mixin.py:188} INFO - [2026-08-19T18:07:17.175+0000] {dag.py:3823} INFO - Setting next_dagrun for setup_pagila_sakila to None, run_after=None
[2026-08-19T18:07:17.199+0000] {processor.py:183} INFO - Processing /opt/airflow/dags/setup_pagila_sakila.py took 0.092 seconds
[2026-08-19T18:07:47.299+0000] {processor.py:161} INFO - Started process (PID=585) to work on /opt/airflow/dags/setup_pagila_sakila.py
[2026-08-19T18:07:47.300+0000] {processor.py:830} INFO - Processing file /opt/airflow/dags/setup_pagila_sakila.py for tasks to queue
[2026-08-19T18:07:47.301+0000] {logging_mixin.py:188} INFO - [2026-08-19T18:07:47.301+0000] {dagbag.py:538} INFO - Filling up the DagBag from /opt/airflow/dags/setup_pagila_sakila.py
[2026-08-19T18:07:47.317+0000] {processor.py:840} INFO - DAG(s) 'setup_pagila_sakila' retrieved from /opt/airflow/dags/setup_pagila_sakila.py
[2026-08-19T18:07:47.349+0000] {logging_mixin.py:188} INFO - [2026-08-19T18:07:47.349+0000] {dag.py:3036} INFO - Sync 1 DAGs
[2026-08-19T18:07:47.363+0000] {logging_mixin.py:188} INFO - [2026-08-19T18:07:47.363+0000] {dag.py:3823} INFO - Setting next_dagrun for setup_pagila_sakila to None, run_after=None
[2026-08-19T18:07:47.382+0000] {processor.py:183} INFO - Processing /opt/airflow/dags/setup_pagila_sakila.py took 0.087 seconds
[2026-08-19T18:08:17.484+0000] {processor.py:161} INFO - Started process (PID=590) to work on /opt/airflow/dags/setup_pagila_sakila.py
[2026-08-19T18:08:17.489+0000] {processor.py:830} INFO - Processing file /opt/airflow/dags/setup_pagila_sakila.py for tasks to queue
[2026-08-19T18:08:17.492+0000] {logging_mixin.py:188} INFO - [2026-08-19T18:08:17.492+0000] {dagbag.py:538} INFO - Filling up the DagBag from /opt/airflow/dags/setup_pagila_sakila.py
[2026-08-19T18:08:17.526+0000] {processor.py:840} INFO - DAG(s) 'setup_pagila_sakila' retrieved from /opt/airflow/dags/setup_pagila_sakila.py
[2026-08-19T18:08:17.578+0000] {logging_mixin.py:188} INFO - [2026-08-19T18:08:17.578+0000] {dag.py:3036} INFO - Sync 1 DAGs
[2026-08-19T18:08:17.600+0000] {logging_mixin.py:188} INFO - [2026-08-19T18:08:17.599+0000] {dag.py:3823} INFO - Setting next_dagrun for setup_pagila_sakila to None, run_after=None
[2026-08-19T18:08:17.622+0000] {processor.py:183} INFO - Processing /opt/airflow/dags/setup_pagila_sakila.py took 0.145 seconds
[2026-08-19T18:08:47.687+0000] {processor.py:161} INFO - Started process (PID=595) to work on /opt/airflow/dags/setup_pagila_sakila.py
[2026-08-19T18:08:47.689+0000] {processor.py:830} INFO - Processing file /opt/airflow/dags/setup_pagila_sakila.py for tasks to queue
[2026-08-19T18:08:47.690+0000] {logging_mixin.py:188} INFO - [2026-08-19T18:08:47.690+0000] {dagbag.py:538} INFO - Filling up the DagBag from /opt/airflow/dags/setup_pagila_sakila.py
[2026-08-19T18:08:47.709+0000] {processor.py:840} INFO - DAG(s) 'setup_pagila_sakila' retrieved from /opt/airflow/dags/setup_pagila_sakila.py
[2026-08-19T18:08:47.740+0000] {logging_mixin.py:188} INFO - [2026-08-19T18:08:47.740+0000] {dag.py:3036} INFO - Sync 1 DAGs
[2026-08-19T18:08:47.754+0000] {logging_mixin.py:188} INFO - [2026-08-19T18:08:47.754+0000] {dag.py:3823} INFO - Setting next_dagrun for setup_pagila_sakila to None, run_after=None
[2026-08-19T18:08:47.776+0000] {processor.py:183} INFO - Processing /opt/airflow/dags/setup_pagila_sakila.py took 0.093 seconds
[2026-08-19T18:09:17.961+0000] {processor.py:161} INFO - Started process (PID=600) to work on /opt/airflow/dags/setup_pagila_sakila.py
[2026-08-19T18:09:17.962+0000] {processor.py:830} INFO - Processing file /opt/airflow/dags/setup_pagila_sakila.py for tasks to queue
[2026-08-19T18:09:17.963+0000] {logging_mixin.py:188} INFO - [2026-08-19T18:09:17.963+0000] {dagbag.py:538} INFO - Filling up the DagBag from /opt/airflow/dags/setup_pagila_sakila.py
[2026-08-19T18:09:17.980+0000] {processor.py:840} INFO - DAG(s) 'setup_pagila_sakila' retrieved from /opt/airflow/dags/setup_pagila_sakila.py
[2026-08-19T18:09:18.006+0000] {logging_mixin.py:188} INFO - [2026-08-19T18:09:18.006+0000] {dag.py:3036} INFO - Sync 1 DAGs
[2026-08-19T18:09:18.020+0000] {logging_mixin.py:188} INFO - [2026-08-19T18:09:18.020+0000] {dag.py:3823} INFO - Setting next_dagrun for setup_pagila_sakila to None, run_after=None
[2026-08-19T18:09:18.044+0000] {processor.py:183} INFO - Processing /opt/airflow/dags/setup_pagila_sakila.py took 0.086 seconds
[2026-08-19T18:09:48.148+0000] {processor.py:161} INFO - Started process (PID=605) to work on /opt/airflow/dags/setup_pagila_sakila.py
[2026-08-19T18:09:48.149+0000] {processor.py:830} INFO - Processing file /opt/airflow/dags/setup_pagila_sakila.py for tasks to queue
[2026-08-19T18:09:48.151+0000] {logging_mixin.py:188} INFO - [2026-08-19T18:09:48.150+0000] {dagbag.py:538} INFO - Filling up the DagBag from /opt/airflow/dags/setup_pagila_sakila.py
[2026-08-19T18:09:48.167+0000] {processor.py:840} INFO - DAG(s) 'setup_pagila_sakila' retrieved from /opt/airflow/dags/setup_pagila_sakila.py
[2026-08-19T18:09:48.195+0000] {logging_mixin.py:188} INFO - [2026-08-19T18:09:48.195+0000] {dag.py:3036} INFO - Sync 1 DAGs
[2026-08-19T18:09:48.209+0000] {logging_mixin.py:188} INFO - [2026-08-19T18:09:48.208+0000] {dag.py:3823} INFO - Setting next_dagrun for setup_pagila_sakila to None, run_after=None
[2026-08-19T18:09:48.227+0000] {processor.py:183} INFO - Processing /opt/airflow/dags/setup_pagila_sakila.py took 0.084 seconds
[2026-08-19T18:10:18.377+0000] {processor.py:161} INFO - Started process (PID=616) to work on /opt/airflow/dags/setup_pagila_sakila.py
[2026-08-19T18:10:18.378+0000] {processor.py:830} INFO - Processing file /opt/airflow/dags/setup_pagila_sakila.py for tasks to queue
[2026-08-19T18:10:18.379+0000] {logging_mixin.py:188} INFO - [2026-08-19T18:10:18.379+0000] {dagbag.py:538} INFO - Filling up the DagBag from /opt/airflow/dags/setup_pagila_sakila.py
[2026-08-19T18:10:18.393+0000] {processor.py:840} INFO - DAG(s) 'setup_pagila_sakila' retrieved from /opt/airflow/dags/setup_pagila_sakila.py
[2026-08-19T18:10:18.418+0000] {logging_mixin.py:188} INFO - [2026-08-19T18:10:18.418+0000] {dag.py:3036} INFO - Sync 1 DAGs
[2026-08-19T18:10:18.430+0000] {logging_mixin.py:188} INFO - [2026-08-19T18:10:18.430+0000] {dag.py:3823} INFO - Setting next_dagrun for setup_pagila_sakila to None, run_after=None
[2026-08-19T18:10:18.447+0000] {processor.py:183} INFO - Processing /opt/airflow/dags/setup_pagila_sakila.py took 0.073 seconds
[2026-08-19T18:10:48.618+0000] {processor.py:161} INFO - Started process (PID=621) to work on /opt/airflow/dags/setup_pagila_sakila.py
[2026-08-19T18:10:48.619+0000] {processor.py:830} INFO - Processing file /opt/airflow/dags/setup_pagila_sakila.py for tasks to queue
[2026-08-19T18:10:48.621+0000] {logging_mixin.py:188} INFO - [2026-08-19T18:10:48.620+0000] {dagbag.py:538} INFO - Filling up the DagBag from /opt/airflow/dags/setup_pagila_sakila.py
[2026-08-19T18:10:48.634+0000] {processor.py:840} INFO - DAG(s) 'setup_pagila_sakila' retrieved from /opt/airflow/dags/setup_pagila_sakila.py
[2026-08-19T18:10:48.660+0000] {logging_mixin.py:188} INFO - [2026-08-19T18:10:48.660+0000] {dag.py:3036} INFO - Sync 1 DAGs
[2026-08-19T18:10:48.672+0000] {logging_mixin.py:188} INFO - [2026-08-19T18:10:48.672+0000] {dag.py:3823} INFO - Setting next_dagrun for setup_pagila_sakila to None, run_after=None
[2026-08-19T18:10:48.691+0000] {processor.py:183} INFO - Processing /opt/airflow/dags/setup_pagila_sakila.py took 0.076 seconds
[2026-08-19T18:11:18.829+0000] {processor.py:161} INFO - Started process (PID=626) to work on /opt/airflow/dags/setup_pagila_sakila.py
[2026-08-19T18:11:18.831+0000] {processor.py:830} INFO - Processing file /opt/airflow/dags/setup_pagila_sakila.py for tasks to queue
[2026-08-19T18:11:18.832+0000] {logging_mixin.py:188} INFO - [2026-08-19T18:11:18.832+0000] {dagbag.py:538} INFO - Filling up the DagBag from /opt/airflow/dags/setup_pagila_sakila.py
[2026-08-19T18:11:18.848+0000] {processor.py:840} INFO - DAG(s) 'setup_pagila_sakila' retrieved from /opt/airflow/dags/setup_pagila_sakila.py
[2026-08-19T18:11:18.882+0000] {logging_mixin.py:188} INFO - [2026-08-19T18:11:18.882+0000] {dag.py:3036} INFO - Sync 1 DAGs
[2026-08-19T18:11:18.897+0000] {logging_mixin.py:188} INFO - [2026-08-19T18:11:18.897+0000] {dag.py:3823} INFO - Setting next_dagrun for setup_pagila_sakila to None, run_after=None
[2026-08-19T18:11:18.922+0000] {processor.py:183} INFO - Processing /opt/airflow/dags/setup_pagila_sakila.py took 0.096 seconds
[2026-08-19T18:11:48.989+0000] {processor.py:161} INFO - Started process (PID=631) to work on /opt/airflow/dags/setup_pagila_sakila.py
[2026-08-19T18:11:48.990+0000] {processor.py:830} INFO - Processing file /opt/airflow/dags/setup_pagila_sakila.py for tasks to queue
[2026-08-19T18:11:48.992+0000] {logging_mixin.py:188} INFO - [2026-08-19T18:11:48.991+0000] {dagbag.py:538} INFO - Filling up the DagBag from /opt/airflow/dags/setup_pagila_sakila.py
[2026-08-19T18:11:49.011+0000] {processor.py:840} INFO - DAG(s) 'setup_pagila_sakila' retrieved from /opt/airflow/dags/setup_pagila_sakila.py
[2026-08-19T18:11:49.041+0000] {logging_mixin.py:188} INFO - [2026-08-19T18:11:49.040+0000] {dag.py:3036} INFO - Sync 1 DAGs
[2026-08-19T18:11:49.055+0000] {logging_mixin.py:188} INFO - [2026-08-19T18:11:49.054+0000] {dag.py:3823} INFO - Setting next_dagrun for setup_pagila_sakila to None, run_after=None
[2026-08-19T18:11:49.075+0000] {processor.py:183} INFO - Processing /opt/airflow/dags/setup_pagila_sakila.py took 0.090 seconds
[2026-08-19T18:12:19.272+0000] {processor.py:161} INFO - Started process (PID=636) to work on /opt/airflow/dags/setup_pagila_sakila.py
[2026-08-19T18:12:19.273+0000] {processor.py:830} INFO - Processing file /opt/airflow/dags/setup_pagila_sakila.py for tasks to queue
[2026-08-19T18:12:19.274+0000] {logging_mixin.py:188} INFO - [2026-08-19T18:12:19.274+0000] {dagbag.py:538} INFO - Filling up the DagBag from /opt/airflow/dags/setup_pagila_sakila.py
[2026-08-19T18:12:19.288+0000] {processor.py:840} INFO - DAG(s) 'setup_pagila_sakila' retrieved from /opt/airflow/dags/setup_pagila_sakila.py
[2026-08-19T18:12:19.315+0000] {logging_mixin.py:188} INFO - [2026-08-19T18:12:19.314+0000] {dag.py:3036} INFO - Sync 1 DAGs
[2026-08-19T18:12:19.329+0000] {logging_mixin.py:188} INFO - [2026-08-19T18:12:19.328+0000] {dag.py:3823} INFO - Setting next_dagrun for setup_pagila_sakila to None, run_after=None
[2026-08-19T18:12:19.351+0000] {processor.py:183} INFO - Processing /opt/airflow/dags/setup_pagila_sakila.py took 0.082 seconds
[2026-08-19T18:12:49.463+0000] {processor.py:161} INFO - Started process (PID=641) to work on /opt/airflow/dags/setup_pagila_sakila.py
[2026-08-19T18:12:49.465+0000] {processor.py:830} INFO - Processing file /opt/airflow/dags/setup_pagila_sakila.py for tasks to queue
[2026-08-19T18:12:49.466+0000] {logging_mixin.py:188} INFO - [2026-08-19T18:12:49.466+0000] {dagbag.py:538} INFO - Filling up the DagBag from /opt/airflow/dags/setup_pagila_sakila.py
[2026-08-19T18:12:49.480+0000] {processor.py:840} INFO - DAG(s) 'setup_pagila_sakila' retrieved from /opt/airflow/dags/setup_pagila_sakila.py
[2026-08-19T18:12:49.507+0000] {logging_mixin.py:188} INFO - [2026-08-19T18:12:49.506+0000] {dag.py:3036} INFO - Sync 1 DAGs
[2026-08-19T18:12:49.524+0000] {logging_mixin.py:188} INFO - [2026-08-19T18:12:49.524+0000] {dag.py:3823} INFO - Setting next_dagrun for setup_pagila_sakila to None, run_after=None
[2026-08-19T18:12:49.552+0000] {processor.py:183} INFO - Processing /opt/airflow/dags/setup_pagila_sakila.py took 0.092 seconds
[2026-08-19T18:13:19.662+0000] {processor.py:161} INFO - Started process (PID=646) to work on /opt/airflow/dags/setup_pagila_sakila.py
[2026-08-19T18:13:19.663+0000] {processor.py:830} INFO - Processing file /opt/airflow/dags/setup_pagila_sakila.py for tasks to queue
[2026-08-19T18:13:19.664+0000] {logging_mixin.py:188} INFO - [2026-08-19T18:13:19.664+0000] {dagbag.py:538} INFO - Filling up the DagBag from /opt/airflow/dags/setup_pagila_sakila.py
[2026-08-19T18:13:19.680+0000] {processor.py:840} INFO - DAG(s) 'setup_pagila_sakila' retrieved from /opt/airflow/dags/setup_pagila_sakila.py
[2026-08-19T18:13:19.708+0000] {logging_mixin.py:188} INFO - [2026-08-19T18:13:19.707+0000] {dag.py:3036} INFO - Sync 1 DAGs
[2026-08-19T18:13:19.721+0000] {logging_mixin.py:188} INFO - [2026-08-19T18:13:19.720+0000] {dag.py:3823} INFO - Setting next_dagrun for setup_pagila_sakila to None, run_after=None
[2026-08-19T18:13:19.740+0000] {processor.py:183} INFO - Processing /opt/airflow/dags/setup_pagila_sakila.py took 0.082 seconds
[2026-08-19T18:13:49.849+0000] {processor.py:161} INFO - Started process (PID=651) to work on /opt/airflow/dags/setup_pagila_sakila.py
[2026-08-19T18:13:49.850+0000] {processor.py:830} INFO - Processing file /opt/airflow/dags/setup_pagila_sakila.py for tasks to queue
[2026-08-19T18:13:49.852+0000] {logging_mixin.py:188} INFO - [2026-08-19T18:13:49.851+0000] {dagbag.py:538} INFO - Filling up the DagBag from /opt/airflow/dags/setup_pagila_sakila.py
[2026-08-19T18:13:49.868+0000] {processor.py:840} INFO - DAG(s) 'setup_pagila_sakila' retrieved from /opt/airflow/dags/setup_pagila_sakila.py
[2026-08-19T18:13:49.896+0000] {logging_mixin.py:188} INFO - [2026-08-19T18:13:49.895+0000] {dag.py:3036} INFO - Sync 1 DAGs
[2026-08-19T18:13:49.909+0000] {logging_mixin.py:188} INFO - [2026-08-19T18:13:49.908+0000] {dag.py:3823} INFO - Setting next_dagrun for setup_pagila_sakila to None, run_after=None
[2026-08-19T18:13:49.928+0000] {processor.py:183} INFO - Processing /opt/airflow/dags/setup_pagila_sakila.py took 0.084 seconds
[2026-08-19T18:14:20.067+0000] {processor.py:161} INFO - Started process (PID=656) to work on /opt/airflow/dags/setup_pagila_sakila.py
[2026-08-19T18:14:20.068+0000] {processor.py:830} INFO - Processing file /opt/airflow/dags/setup_pagila_sakila.py for tasks to queue
[2026-08-19T18:14:20.070+0000] {logging_mixin.py:188} INFO - [2026-08-19T18:14:20.069+0000] {dagbag.py:538} INFO - Filling up the DagBag from /opt/airflow/dags/setup_pagila_sakila.py
[2026-08-19T18:14:20.083+0000] {processor.py:840} INFO - DAG(s) 'setup_pagila_sakila' retrieved from /opt/airflow/dags/setup_pagila_sakila.py
[2026-08-19T18:14:20.108+0000] {logging_mixin.py:188} INFO - [2026-08-19T18:14:20.107+0000] {dag.py:3036} INFO - Sync 1 DAGs
[2026-08-19T18:14:20.120+0000] {logging_mixin.py:188} INFO - [2026-08-19T18:14:20.120+0000] {dag.py:3823} INFO - Setting next_dagrun for setup_pagila_sakila to None, run_after=None
[2026-08-19T18:14:20.136+0000] {processor.py:183} INFO - Processing /opt/airflow/dags/setup_pagila_sakila.py took 0.072 seconds
[2026-08-19T18:14:50.257+0000] {processor.py:161} INFO - Started process (PID=661) to work on /opt/airflow/dags/setup_pagila_sakila.py
[2026-08-19T18:14:50.258+0000] {processor.py:830} INFO - Processing file /opt/airflow/dags/setup_pagila_sakila.py for tasks to queue
[2026-08-19T18:14:50.260+0000] {logging_mixin.py:188} INFO - [2026-08-19T18:14:50.259+0000] {dagbag.py:538} INFO - Filling up the DagBag from /opt/airflow/dags/setup_pagila_sakila.py
[2026-08-19T18:14:50.277+0000] {processor.py:840} INFO - DAG(s) 'setup_pagila_sakila' retrieved from /opt/airflow/dags/setup_pagila_sakila.py
[2026-08-19T18:14:50.306+0000] {logging_mixin.py:188} INFO - [2026-08-19T18:14:50.306+0000] {dag.py:3036} INFO - Sync 1 DAGs
[2026-08-19T18:14:50.319+0000] {logging_mixin.py:188} INFO - [2026-08-19T18:14:50.318+0000] {dag.py:3823} INFO - Setting next_dagrun for setup_pagila_sakila to None, run_after=None
[2026-08-19T18:14:50.338+0000] {processor.py:183} INFO - Processing /opt/airflow/dags/setup_pagila_sakila.py took 0.085 seconds
[2026-08-19T18:15:20.421+0000] {processor.py:161} INFO - Started process (PID=666) to work on /opt/airflow/dags/setup_pagila_sakila.py
[2026-08-19T18:15:20.422+0000] {processor.py:830} INFO - Processing file /opt/airflow/dags/setup_pagila_sakila.py for tasks to queue
[2026-08-19T18:15:20.424+0000] {logging_mixin.py:188} INFO - [2026-08-19T18:15:20.423+0000] {dagbag.py:538} INFO - Filling up the DagBag from /opt/airflow/dags/setup_pagila_sakila.py
[2026-08-19T18:15:20.438+0000] {processor.py:840} INFO - DAG(s) 'setup_pagila_sakila' retrieved from /opt/airflow/dags/setup_pagila_sakila.py
[2026-08-19T18:15:20.465+0000] {logging_mixin.py:188} INFO - [2026-08-19T18:15:20.465+0000] {dag.py:3036} INFO - Sync 1 DAGs
[2026-08-19T18:15:20.478+0000] {logging_mixin.py:188} INFO - [2026-08-19T18:15:20.478+0000] {dag.py:3823} INFO - Setting next_dagrun for setup_pagila_sakila to None, run_after=None
[2026-08-19T18:15:20.503+0000] {processor.py:183} INFO - Processing /opt/airflow/dags/setup_pagila_sakila.py took 0.085 seconds
[2026-08-19T18:15:50.631+0000] {processor.py:161} INFO - Started process (PID=671) to work on /opt/airflow/dags/setup_pagila_sakila.py
[2026-08-19T18:15:50.633+0000] {processor.py:830} INFO - Processing file /opt/airflow/dags/setup_pagila_sakila.py for tasks to queue
[2026-08-19T18:15:50.634+0000] {logging_mixin.py:188} INFO - [2026-08-19T18:15:50.634+0000] {dagbag.py:538} INFO - Filling up the DagBag from /opt/airflow/dags/setup_pagila_sakila.py
[2026-08-19T18:15:50.650+0000] {processor.py:840} INFO - DAG(s) 'setup_pagila_sakila' retrieved from /opt/airflow/dags/setup_pagila_sakila.py
[2026-08-19T18:15:50.676+0000] {logging_mixin.py:188} INFO - [2026-08-19T18:15:50.676+0000] {dag.py:3036} INFO - Sync 1 DAGs
[2026-08-19T18:15:50.688+0000] {logging_mixin.py:188} INFO - [2026-08-19T18:15:50.688+0000] {dag.py:3823} INFO - Setting next_dagrun for setup_pagila_sakila to None, run_after=None
[2026-08-19T18:15:50.707+0000] {processor.py:183} INFO - Processing /opt/airflow/dags/setup_pagila_sakila.py took 0.080 seconds
[2026-08-19T18:16:20.797+0000] {processor.py:161} INFO - Started process (PID=676) to work on /opt/airflow/dags/setup_pagila_sakila.py
[2026-08-19T18:16:20.798+0000] {processor.py:830} INFO - Processing file /opt/airflow/dags/setup_pagila_sakila.py for tasks to queue
[2026-08-19T18:16:20.800+0000] {logging_mixin.py:188} INFO - [2026-08-19T18:16:20.799+0000] {dagbag.py:538} INFO - Filling up the DagBag from /opt/airflow/dags/setup_pagila_sakila.py
[2026-08-19T18:16:20.815+0000] {processor.py:840} INFO - DAG(s) 'setup_pagila_sakila' retrieved from /opt/airflow/dags/setup_pagila_sakila.py
[2026-08-19T18:16:20.844+0000] {logging_mixin.py:188} INFO - [2026-08-19T18:16:20.844+0000] {dag.py:3036} INFO - Sync 1 DAGs
[2026-08-19T18:16:20.857+0000] {logging_mixin.py:188} INFO - [2026-08-19T18:16:20.857+0000] {dag.py:3823} INFO - Setting next_dagrun for setup_pagila_sakila to None, run_after=None
[2026-08-19T18:16:20.876+0000] {processor.py:183} INFO - Processing /opt/airflow/dags/setup_pagila_sakila.py took 0.083 seconds
[2026-08-19T18:16:50.981+0000] {processor.py:161} INFO - Started process (PID=681) to work on /opt/airflow/dags/setup_pagila_sakila.py
[2026-08-19T18:16:50.983+0000] {processor.py:830} INFO - Processing file /opt/airflow/dags/setup_pagila_sakila.py for tasks to queue
[2026-08-19T18:16:50.985+0000] {logging_mixin.py:188} INFO - [2026-08-19T18:16:50.984+0000] {dagbag.py:538} INFO - Filling up the DagBag from /opt/airflow/dags/setup_pagila_sakila.py
[2026-08-19T18:16:51.006+0000] {processor.py:840} INFO - DAG(s) 'setup_pagila_sakila' retrieved from /opt/airflow/dags/setup_pagila_sakila.py
[2026-08-19T18:16:51.034+0000] {logging_mixin.py:188} INFO - [2026-08-19T18:16:51.034+0000] {dag.py:3036} INFO - Sync 1 DAGs
[2026-08-19T18:16:51.047+0000] {logging_mixin.py:188} INFO - [2026-08-19T18:16:51.047+0000] {dag.py:3823} INFO - Setting next_dagrun for setup_pagila_sakila to None, run_after=None
[2026-08-19T18:16:51.067+0000] {processor.py:183} INFO - Processing /opt/airflow/dags/setup_pagila_sakila.py took 0.097 seconds
[2026-08-19T18:17:21.211+0000] {processor.py:161} INFO - Started process (PID=686) to work on /opt/airflow/dags/setup_pagila_sakila.py
[2026-08-19T18:17:21.214+0000] {processor.py:830} INFO - Processing file /opt/airflow/dags/setup_pagila_sakila.py for tasks to queue
[2026-08-19T18:17:21.215+0000] {logging_mixin.py:188} INFO - [2026-08-19T18:17:21.215+0000] {dagbag.py:538} INFO - Filling up the DagBag from /opt/airflow/dags/setup_pagila_sakila.py
[2026-08-19T18:17:21.235+0000] {processor.py:840} INFO - DAG(s) 'setup_pagila_sakila' retrieved from /opt/airflow/dags/setup_pagila_sakila.py
[2026-08-19T18:17:21.265+0000] {logging_mixin.py:188} INFO - [2026-08-19T18:17:21.265+0000] {dag.py:3036} INFO - Sync 1 DAGs
[2026-08-19T18:17:21.286+0000] {logging_mixin.py:188} INFO - [2026-08-19T18:17:21.286+0000] {dag.py:3823} INFO - Setting next_dagrun for setup_pagila_sakila to None, run_after=None
[2026-08-19T18:17:21.311+0000] {processor.py:183} INFO - Processing /opt/airflow/dags/setup_pagila_sakila.py took 0.104 seconds
[2026-08-19T18:17:51.403+0000] {processor.py:161} INFO - Started process (PID=691) to work on /opt/airflow/dags/setup_pagila_sakila.py
[2026-08-19T18:17:51.405+0000] {processor.py:830} INFO - Processing file /opt/airflow/dags/setup_pagila_sakila.py for tasks to queue
[2026-08-19T18:17:51.407+0000] {logging_mixin.py:188} INFO - [2026-08-19T18:17:51.406+0000] {dagbag.py:538} INFO - Filling up the DagBag from /opt/airflow/dags/setup_pagila_sakila.py
[2026-08-19T18:17:51.426+0000] {processor.py:840} INFO - DAG(s) 'setup_pagila_sakila' retrieved from /opt/airflow/dags/setup_pagila_sakila.py
[2026-08-19T18:17:51.459+0000] {logging_mixin.py:188} INFO - [2026-08-19T18:17:51.459+0000] {dag.py:3036} INFO - Sync 1 DAGs
[2026-08-19T18:17:51.474+0000] {logging_mixin.py:188} INFO - [2026-08-19T18:17:51.473+0000] {dag.py:3823} INFO - Setting next_dagrun for setup_pagila_sakila to None, run_after=None
[2026-08-19T18:17:51.492+0000] {processor.py:183} INFO - Processing /opt/airflow/dags/setup_pagila_sakila.py took 0.094 seconds
[2026-08-19T18:18:21.706+0000] {processor.py:161} INFO - Started process (PID=696) to work on /opt/airflow/dags/setup_pagila_sakila.py
[2026-08-19T18:18:21.708+0000] {processor.py:830} INFO - Processing file /opt/airflow/dags/setup_pagila_sakila.py for tasks to queue
[2026-08-19T18:18:21.709+0000] {logging_mixin.py:188} INFO - [2026-08-19T18:18:21.709+0000] {dagbag.py:538} INFO - Filling up the DagBag from /opt/airflow/dags/setup_pagila_sakila.py
[2026-08-19T18:18:21.726+0000] {processor.py:840} INFO - DAG(s) 'setup_pagila_sakila' retrieved from /opt/airflow/dags/setup_pagila_sakila.py
[2026-08-19T18:18:21.755+0000] {logging_mixin.py:188} INFO - [2026-08-19T18:18:21.755+0000] {dag.py:3036} INFO - Sync 1 DAGs
[2026-08-19T18:18:21.769+0000] {logging_mixin.py:188} INFO - [2026-08-19T18:18:21.769+0000] {dag.py:3823} INFO - Setting next_dagrun for setup_pagila_sakila to None, run_after=None
[2026-08-19T18:18:21.788+0000] {processor.py:183} INFO - Processing /opt/airflow/dags/setup_pagila_sakila.py took 0.088 seconds
[2026-08-19T18:18:51.859+0000] {processor.py:161} INFO - Started process (PID=701) to work on /opt/airflow/dags/setup_pagila_sakila.py
[2026-08-19T18:18:51.860+0000] {processor.py:830} INFO - Processing file /opt/airflow/dags/setup_pagila_sakila.py for tasks to queue
[2026-08-19T18:18:51.862+0000] {logging_mixin.py:188} INFO - [2026-08-19T18:18:51.862+0000] {dagbag.py:538} INFO - Filling up the DagBag from /opt/airflow/dags/setup_pagila_sakila.py
[2026-08-19T18:18:51.879+0000] {processor.py:840} INFO - DAG(s) 'setup_pagila_sakila' retrieved from /opt/airflow/dags/setup_pagila_sakila.py
[2026-08-19T18:18:51.904+0000] {logging_mixin.py:188} INFO - [2026-08-19T18:18:51.904+0000] {dag.py:3036} INFO - Sync 1 DAGs
[2026-08-19T18:18:51.917+0000] {logging_mixin.py:188} INFO - [2026-08-19T18:18:51.917+0000] {dag.py:3823} INFO - Setting next_dagrun for setup_pagila_sakila to None, run_after=None
[2026-08-19T18:18:51.937+0000] {processor.py:183} INFO - Processing /opt/airflow/dags/setup_pagila_sakila.py took 0.081 seconds
[2026-08-19T18:19:22.126+0000] {processor.py:161} INFO - Started process (PID=706) to work on /opt/airflow/dags/setup_pagila_sakila.py
[2026-08-19T18:19:22.127+0000] {processor.py:830} INFO - Processing file /opt/airflow/dags/setup_pagila_sakila.py for tasks to queue
[2026-08-19T18:19:22.129+0000] {logging_mixin.py:188} INFO - [2026-08-19T18:19:22.128+0000] {dagbag.py:538} INFO - Filling up the DagBag from /opt/airflow/dags/setup_pagila_sakila.py
[2026-08-19T18:19:22.162+0000] {processor.py:840} INFO - DAG(s) 'setup_pagila_sakila' retrieved from /opt/airflow/dags/setup_pagila_sakila.py
[2026-08-19T18:19:22.228+0000] {logging_mixin.py:188} INFO - [2026-08-19T18:19:22.228+0000] {dag.py:3036} INFO - Sync 1 DAGs
[2026-08-19T18:19:22.258+0000] {logging_mixin.py:188} INFO - [2026-08-19T18:19:22.258+0000] {dag.py:3823} INFO - Setting next_dagrun for setup_pagila_sakila to None, run_after=None
[2026-08-19T18:19:22.288+0000] {processor.py:183} INFO - Processing /opt/airflow/dags/setup_pagila_sakila.py took 0.165 seconds
[2026-08-19T18:19:52.360+0000] {processor.py:161} INFO - Started process (PID=711) to work on /opt/airflow/dags/setup_pagila_sakila.py
[2026-08-19T18:19:52.362+0000] {processor.py:830} INFO - Processing file /opt/airflow/dags/setup_pagila_sakila.py for tasks to queue
[2026-08-19T18:19:52.363+0000] {logging_mixin.py:188} INFO - [2026-08-19T18:19:52.363+0000] {dagbag.py:538} INFO - Filling up the DagBag from /opt/airflow/dags/setup_pagila_sakila.py
[2026-08-19T18:19:52.380+0000] {processor.py:840} INFO - DAG(s) 'setup_pagila_sakila' retrieved from /opt/airflow/dags/setup_pagila_sakila.py
[2026-08-19T18:19:52.410+0000] {logging_mixin.py:188} INFO - [2026-08-19T18:19:52.410+0000] {dag.py:3036} INFO - Sync 1 DAGs
[2026-08-19T18:19:52.423+0000] {logging_mixin.py:188} INFO - [2026-08-19T18:19:52.422+0000] {dag.py:3823} INFO - Setting next_dagrun for setup_pagila_sakila to None, run_after=None
[2026-08-19T18:19:52.443+0000] {processor.py:183} INFO - Processing /opt/airflow/dags/setup_pagila_sakila.py took 0.088 seconds
[2026-08-19T18:20:22.700+0000] {processor.py:161} INFO - Started process (PID=716) to work on /opt/airflow/dags/setup_pagila_sakila.py
[2026-08-19T18:20:22.702+0000] {processor.py:830} INFO - Processing file /opt/airflow/dags/setup_pagila_sakila.py for tasks to queue
[2026-08-19T18:20:22.703+0000] {logging_mixin.py:188} INFO - [2026-08-19T18:20:22.703+0000] {dagbag.py:538} INFO - Filling up the DagBag from /opt/airflow/dags/setup_pagila_sakila.py
[2026-08-19T18:20:22.717+0000] {processor.py:840} INFO - DAG(s) 'setup_pagila_sakila' retrieved from /opt/airflow/dags/setup_pagila_sakila.py
[2026-08-19T18:20:22.741+0000] {logging_mixin.py:188} INFO - [2026-08-19T18:20:22.741+0000] {dag.py:3036} INFO - Sync 1 DAGs
[2026-08-19T18:20:22.753+0000] {logging_mixin.py:188} INFO - [2026-08-19T18:20:22.753+0000] {dag.py:3823} INFO - Setting next_dagrun for setup_pagila_sakila to None, run_after=None
[2026-08-19T18:20:22.775+0000] {processor.py:183} INFO - Processing /opt/airflow/dags/setup_pagila_sakila.py took 0.078 seconds
[2026-08-19T18:20:52.892+0000] {processor.py:161} INFO - Started process (PID=721) to work on /opt/airflow/dags/setup_pagila_sakila.py
[2026-08-19T18:20:52.894+0000] {processor.py:830} INFO - Processing file /opt/airflow/dags/setup_pagila_sakila.py for tasks to queue
[2026-08-19T18:20:52.895+0000] {logging_mixin.py:188} INFO - [2026-08-19T18:20:52.895+0000] {dagbag.py:538} INFO - Filling up the DagBag from /opt/airflow/dags/setup_pagila_sakila.py
[2026-08-19T18:20:52.911+0000] {processor.py:840} INFO - DAG(s) 'setup_pagila_sakila' retrieved from /opt/airflow/dags/setup_pagila_sakila.py
[2026-08-19T18:20:52.938+0000] {logging_mixin.py:188} INFO - [2026-08-19T18:20:52.938+0000] {dag.py:3036} INFO - Sync 1 DAGs
[2026-08-19T18:20:52.950+0000] {logging_mixin.py:188} INFO - [2026-08-19T18:20:52.949+0000] {dag.py:3823} INFO - Setting next_dagrun for setup_pagila_sakila to None, run_after=None
[2026-08-19T18:20:52.977+0000] {processor.py:183} INFO - Processing /opt/airflow/dags/setup_pagila_sakila.py took 0.088 seconds
[2026-08-19T18:21:23.212+0000] {processor.py:161} INFO - Started process (PID=726) to work on /opt/airflow/dags/setup_pagila_sakila.py
[2026-08-19T18:21:23.213+0000] {processor.py:830} INFO - Processing file /opt/airflow/dags/setup_pagila_sakila.py for tasks to queue
[2026-08-19T18:21:23.214+0000] {logging_mixin.py:188} INFO - [2026-08-19T18:21:23.214+0000] {dagbag.py:538} INFO - Filling up the DagBag from /opt/airflow/dags/setup_pagila_sakila.py
[2026-08-19T18:21:23.230+0000] {processor.py:840} INFO - DAG(s) 'setup_pagila_sakila' retrieved from /opt/airflow/dags/setup_pagila_sakila.py
[2026-08-19T18:21:23.255+0000] {logging_mixin.py:188} INFO - [2026-08-19T18:21:23.255+0000] {dag.py:3036} INFO - Sync 1 DAGs
[2026-08-19T18:21:23.268+0000] {logging_mixin.py:188} INFO - [2026-08-19T18:21:23.268+0000] {dag.py:3823} INFO - Setting next_dagrun for setup_pagila_sakila to None, run_after=None
[2026-08-19T18:21:23.285+0000] {processor.py:183} INFO - Processing /opt/airflow/dags/setup_pagila_sakila.py took 0.077 seconds
[2026-08-19T18:21:53.482+0000] {processor.py:161} INFO - Started process (PID=731) to work on /opt/airflow/dags/setup_pagila_sakila.py
[2026-08-19T18:21:53.483+0000] {processor.py:830} INFO - Processing file /opt/airflow/dags/setup_pagila_sakila.py for tasks to queue
[2026-08-19T18:21:53.485+0000] {logging_mixin.py:188} INFO - [2026-08-19T18:21:53.484+0000] {dagbag.py:538} INFO - Filling up the DagBag from /opt/airflow/dags/setup_pagila_sakila.py
[2026-08-19T18:21:53.498+0000] {processor.py:840} INFO - DAG(s) 'setup_pagila_sakila' retrieved from /opt/airflow/dags/setup_pagila_sakila.py
[2026-08-19T18:21:53.524+0000] {logging_mixin.py:188} INFO - [2026-08-19T18:21:53.524+0000] {dag.py:3036} INFO - Sync 1 DAGs
[2026-08-19T18:21:53.536+0000] {logging_mixin.py:188} INFO - [2026-08-19T18:21:53.536+0000] {dag.py:3823} INFO - Setting next_dagrun for setup_pagila_sakila to None, run_after=None
[2026-08-19T18:21:53.553+0000] {processor.py:183} INFO - Processing /opt/airflow/dags/setup_pagila_sakila.py took 0.074 seconds
[2026-08-19T18:22:23.740+0000] {processor.py:161} INFO - Started process (PID=736) to work on /opt/airflow/dags/setup_pagila_sakila.py
[2026-08-19T18:22:23.741+0000] {processor.py:830} INFO - Processing file /opt/airflow/dags/setup_pagila_sakila.py for tasks to queue
[2026-08-19T18:22:23.743+0000] {logging_mixin.py:188} INFO - [2026-08-19T18:22:23.742+0000] {dagbag.py:538} INFO - Filling up the DagBag from /opt/airflow/dags/setup_pagila_sakila.py
[2026-08-19T18:22:23.758+0000] {processor.py:840} INFO - DAG(s) 'setup_pagila_sakila' retrieved from /opt/airflow/dags/setup_pagila_sakila.py
[2026-08-19T18:22:23.787+0000] {logging_mixin.py:188} INFO - [2026-08-19T18:22:23.787+0000] {dag.py:3036} INFO - Sync 1 DAGs
[2026-08-19T18:22:23.799+0000] {logging_mixin.py:188} INFO - [2026-08-19T18:22:23.799+0000] {dag.py:3823} INFO - Setting next_dagrun for setup_pagila_sakila to None, run_after=None
[2026-08-19T18:22:23.817+0000] {processor.py:183} INFO - Processing /opt/airflow/dags/setup_pagila_sakila.py took 0.080 seconds
[2026-08-19T18:22:53.975+0000] {processor.py:161} INFO - Started process (PID=741) to work on /opt/airflow/dags/setup_pagila_sakila.py
[2026-08-19T18:22:53.977+0000] {processor.py:830} INFO - Processing file /opt/airflow/dags/setup_pagila_sakila.py for tasks to queue
[2026-08-19T18:22:53.978+0000] {logging_mixin.py:188} INFO - [2026-08-19T18:22:53.978+0000] {dagbag.py:538} INFO - Filling up the DagBag from /opt/airflow/dags/setup_pagila_sakila.py
[2026-08-19T18:22:53.993+0000] {processor.py:840} INFO - DAG(s) 'setup_pagila_sakila' retrieved from /opt/airflow/dags/setup_pagila_sakila.py
[2026-08-19T18:22:54.017+0000] {logging_mixin.py:188} INFO - [2026-08-19T18:22:54.016+0000] {dag.py:3036} INFO - Sync 1 DAGs
[2026-08-19T18:22:54.028+0000] {logging_mixin.py:188} INFO - [2026-08-19T18:22:54.027+0000] {dag.py:3823} INFO - Setting next_dagrun for setup_pagila_sakila to None, run_after=None
[2026-08-19T18:22:54.051+0000] {processor.py:183} INFO - Processing /opt/airflow/dags/setup_pagila_sakila.py took 0.079 seconds
[2026-08-19T18:23:24.245+0000] {processor.py:161} INFO - Started process (PID=746) to work on /opt/airflow/dags/setup_pagila_sakila.py
[2026-08-19T18:23:24.246+0000] {processor.py:830} INFO - Processing file /opt/airflow/dags/setup_pagila_sakila.py for tasks to queue
[2026-08-19T18:23:24.247+0000] {logging_mixin.py:188} INFO - [2026-08-19T18:23:24.247+0000] {dagbag.py:538} INFO - Filling up the DagBag from /opt/airflow/dags/setup_pagila_sakila.py
[2026-08-19T18:23:24.261+0000] {processor.py:840} INFO - DAG(s) 'setup_pagila_sakila' retrieved from /opt/airflow/dags/setup_pagila_sakila.py
[2026-08-19T18:23:24.286+0000] {logging_mixin.py:188} INFO - [2026-08-19T18:23:24.285+0000] {dag.py:3036} INFO - Sync 1 DAGs
[2026-08-19T18:23:24.298+0000] {logging_mixin.py:188} INFO - [2026-08-19T18:23:24.298+0000] {dag.py:3823} INFO - Setting next_dagrun for setup_pagila_sakila to None, run_after=None
[2026-08-19T18:23:24.315+0000] {processor.py:183} INFO - Processing /opt/airflow/dags/setup_pagila_sakila.py took 0.073 seconds
[2026-08-19T18:23:54.432+0000] {processor.py:161} INFO - Started process (PID=751) to work on /opt/airflow/dags/setup_pagila_sakila.py
[2026-08-19T18:23:54.433+0000] {processor.py:830} INFO - Processing file /opt/airflow/dags/setup_pagila_sakila.py for tasks to queue
[2026-08-19T18:23:54.435+0000] {logging_mixin.py:188} INFO - [2026-08-19T18:23:54.435+0000] {dagbag.py:538} INFO - Filling up the DagBag from /opt/airflow/dags/setup_pagila_sakila.py
[2026-08-19T18:23:54.451+0000] {processor.py:840} INFO - DAG(s) 'setup_pagila_sakila' retrieved from /opt/airflow/dags/setup_pagila_sakila.py
[2026-08-19T18:23:54.477+0000] {logging_mixin.py:188} INFO - [2026-08-19T18:23:54.476+0000] {dag.py:3036} INFO - Sync 1 DAGs
[2026-08-19T18:23:54.489+0000] {logging_mixin.py:188} INFO - [2026-08-19T18:23:54.489+0000] {dag.py:3823} INFO - Setting next_dagrun for setup_pagila_sakila to None, run_after=None
[2026-08-19T18:23:54.508+0000] {processor.py:183} INFO - Processing /opt/airflow/dags/setup_pagila_sakila.py took 0.079 seconds
[2026-08-19T18:24:24.637+0000] {processor.py:161} INFO - Started process (PID=756) to work on /opt/airflow/dags/setup_pagila_sakila.py
[2026-08-19T18:24:24.638+0000] {processor.py:830} INFO - Processing file /opt/airflow/dags/setup_pagila_sakila.py for tasks to queue
[2026-08-19T18:24:24.640+0000] {logging_mixin.py:188} INFO - [2026-08-19T18:24:24.639+0000] {dagbag.py:538} INFO - Filling up the DagBag from /opt/airflow/dags/setup_pagila_sakila.py
[2026-08-19T18:24:24.657+0000] {processor.py:840} INFO - DAG(s) 'setup_pagila_sakila' retrieved from /opt/airflow/dags/setup_pagila_sakila.py
[2026-08-19T18:24:24.684+0000] {logging_mixin.py:188} INFO - [2026-08-19T18:24:24.684+0000] {dag.py:3036} INFO - Sync 1 DAGs
[2026-08-19T18:24:24.705+0000] {logging_mixin.py:188} INFO - [2026-08-19T18:24:24.705+0000] {dag.py:3823} INFO - Setting next_dagrun for setup_pagila_sakila to None, run_after=None
[2026-08-19T18:24:24.726+0000] {processor.py:183} INFO - Processing /opt/airflow/dags/setup_pagila_sakila.py took 0.093 seconds
[2026-08-19T18:24:54.881+0000] {processor.py:161} INFO - Started process (PID=761) to work on /opt/airflow/dags/setup_pagila_sakila.py
[2026-08-19T18:24:54.883+0000] {processor.py:830} INFO - Processing file /opt/airflow/dags/setup_pagila_sakila.py for tasks to queue
[2026-08-19T18:24:54.884+0000] {logging_mixin.py:188} INFO - [2026-08-19T18:24:54.884+0000] {dagbag.py:538} INFO - Filling up the DagBag from /opt/airflow/dags/setup_pagila_sakila.py
[2026-08-19T18:24:54.898+0000] {processor.py:840} INFO - DAG(s) 'setup_pagila_sakila' retrieved from /opt/airflow/dags/setup_pagila_sakila.py
[2026-08-19T18:24:54.923+0000] {logging_mixin.py:188} INFO - [2026-08-19T18:24:54.923+0000] {dag.py:3036} INFO - Sync 1 DAGs
[2026-08-19T18:24:54.936+0000] {logging_mixin.py:188} INFO - [2026-08-19T18:24:54.935+0000] {dag.py:3823} INFO - Setting next_dagrun for setup_pagila_sakila to None, run_after=None
[2026-08-19T18:24:54.954+0000] {processor.py:183} INFO - Processing /opt/airflow/dags/setup_pagila_sakila.py took 0.076 seconds
[2026-08-19T18:25:25.119+0000] {processor.py:161} INFO - Started process (PID=766) to work on /opt/airflow/dags/setup_pagila_sakila.py
[2026-08-19T18:25:25.121+0000] {processor.py:830} INFO - Processing file /opt/airflow/dags/setup_pagila_sakila.py for tasks to queue
[2026-08-19T18:25:25.123+0000] {logging_mixin.py:188} INFO - [2026-08-19T18:25:25.123+0000] {dagbag.py:538} INFO - Filling up the DagBag from /opt/airflow/dags/setup_pagila_sakila.py
[2026-08-19T18:25:25.141+0000] {processor.py:840} INFO - DAG(s) 'setup_pagila_sakila' retrieved from /opt/airflow/dags/setup_pagila_sakila.py
[2026-08-19T18:25:25.170+0000] {logging_mixin.py:188} INFO - [2026-08-19T18:25:25.170+0000] {dag.py:3036} INFO - Sync 1 DAGs
[2026-08-19T18:25:25.183+0000] {logging_mixin.py:188} INFO - [2026-08-19T18:25:25.183+0000] {dag.py:3823} INFO - Setting next_dagrun for setup_pagila_sakila to None, run_after=None
[2026-08-19T18:25:25.218+0000] {processor.py:183} INFO - Processing /opt/airflow/dags/setup_pagila_sakila.py took 0.104 seconds
[2026-08-19T18:25:55.387+0000] {processor.py:161} INFO - Started process (PID=771) to work on /opt/airflow/dags/setup_pagila_sakila.py
[2026-08-19T18:25:55.389+0000] {processor.py:830} INFO - Processing file /opt/airflow/dags/setup_pagila_sakila.py for tasks to queue
[2026-08-19T18:25:55.390+0000] {logging_mixin.py:188} INFO - [2026-08-19T18:25:55.390+0000] {dagbag.py:538} INFO - Filling up the DagBag from /opt/airflow/dags/setup_pagila_sakila.py
[2026-08-19T18:25:55.409+0000] {processor.py:840} INFO - DAG(s) 'setup_pagila_sakila' retrieved from /opt/airflow/dags/setup_pagila_sakila.py
[2026-08-19T18:25:55.435+0000] {logging_mixin.py:188} INFO - [2026-08-19T18:25:55.435+0000] {dag.py:3036} INFO - Sync 1 DAGs
[2026-08-19T18:25:55.448+0000] {logging_mixin.py:188} INFO - [2026-08-19T18:25:55.448+0000] {dag.py:3823} INFO - Setting next_dagrun for setup_pagila_sakila to None, run_after=None
[2026-08-19T18:25:55.471+0000] {processor.py:183} INFO - Processing /opt/airflow/dags/setup_pagila_sakila.py took 0.088 seconds
[2026-08-19T22:29:06.047+0000] {processor.py:161} INFO - Started process (PID=776) to work on /opt/airflow/dags/setup_pagila_sakila.py
[2026-08-19T22:29:06.067+0000] {processor.py:830} INFO - Processing file /opt/airflow/dags/setup_pagila_sakila.py for tasks to queue
[2026-08-19T22:29:06.079+0000] {logging_mixin.py:188} INFO - [2026-08-19T22:29:06.079+0000] {dagbag.py:538} INFO - Filling up the DagBag from /opt/airflow/dags/setup_pagila_sakila.py
[2026-08-19T22:29:06.158+0000] {processor.py:840} INFO - DAG(s) 'setup_pagila_sakila' retrieved from /opt/airflow/dags/setup_pagila_sakila.py
[2026-08-19T22:29:06.249+0000] {logging_mixin.py:188} INFO - [2026-08-19T22:29:06.249+0000] {dag.py:3036} INFO - Sync 1 DAGs
[2026-08-19T22:29:06.311+0000] {logging_mixin.py:188} INFO - [2026-08-19T22:29:06.311+0000] {dag.py:3823} INFO - Setting next_dagrun for setup_pagila_sakila to None, run_after=None
[2026-08-19T22:29:06.411+0000] {processor.py:183} INFO - Processing /opt/airflow/dags/setup_pagila_sakila.py took 0.377 seconds
