[2026-08-25T10:47:23.395+0000] {processor.py:161} INFO - Started process (PID=205) to work on /opt/airflow/dags/setup_pagila_sakila.py
[2026-08-25T10:47:23.397+0000] {processor.py:830} INFO - Processing file /opt/airflow/dags/setup_pagila_sakila.py for tasks to queue
[2026-08-25T10:47:23.399+0000] {logging_mixin.py:188} INFO - [2026-08-25T10:47:23.398+0000] {dagbag.py:538} INFO - Filling up the DagBag from /opt/airflow/dags/setup_pagila_sakila.py
[2026-08-25T10:47:23.423+0000] {processor.py:840} INFO - DAG(s) 'setup_pagila_sakila' retrieved from /opt/airflow/dags/setup_pagila_sakila.py
[2026-08-25T10:47:23.455+0000] {logging_mixin.py:188} INFO - [2026-08-25T10:47:23.455+0000] {dag.py:3036} INFO - Sync 1 DAGs
[2026-08-25T10:47:23.476+0000] {logging_mixin.py:188} INFO - [2026-08-25T10:47:23.476+0000] {dag.py:3823} INFO - Setting next_dagrun for setup_pagila_sakila to None, run_after=None
[2026-08-25T10:47:23.505+0000] {processor.py:183} INFO - Processing /opt/airflow/dags/setup_pagila_sakila.py took 0.115 seconds
[2026-08-25T10:47:53.587+0000] {processor.py:161} INFO - Started process (PID=210) to work on /opt/airflow/dags/setup_pagila_sakila.py
[2026-08-25T10:47:53.588+0000] {processor.py:830} INFO - Processing file /opt/airflow/dags/setup_pagila_sakila.py for tasks to queue
[2026-08-25T10:47:53.590+0000] {logging_mixin.py:188} INFO - [2026-08-25T10:47:53.590+0000] {dagbag.py:538} INFO - Filling up the DagBag from /opt/airflow/dags/setup_pagila_sakila.py
[2026-08-25T10:47:53.610+0000] {processor.py:840} INFO - DAG(s) 'setup_pagila_sakila' retrieved from /opt/airflow/dags/setup_pagila_sakila.py
[2026-08-25T10:47:53.743+0000] {logging_mixin.py:188} INFO - [2026-08-25T10:47:53.743+0000] {dag.py:3036} INFO - Sync 1 DAGs
[2026-08-25T10:47:53.754+0000] {logging_mixin.py:188} INFO - [2026-08-25T10:47:53.754+0000] {dag.py:3823} INFO - Setting next_dagrun for setup_pagila_sakila to None, run_after=None
[2026-08-25T10:47:53.774+0000] {processor.py:183} INFO - Processing /opt/airflow/dags/setup_pagila_sakila.py took 0.194 seconds
[2026-08-25T10:48:23.923+0000] {processor.py:161} INFO - Started process (PID=215) to work on /opt/airflow/dags/setup_pagila_sakila.py
[2026-08-25T10:48:23.925+0000] {processor.py:830} INFO - Processing file /opt/airflow/dags/setup_pagila_sakila.py for tasks to queue
[2026-08-25T10:48:23.927+0000] {logging_mixin.py:188} INFO - [2026-08-25T10:48:23.926+0000] {dagbag.py:538} INFO - Filling up the DagBag from /opt/airflow/dags/setup_pagila_sakila.py
[2026-08-25T10:48:23.945+0000] {processor.py:840} INFO - DAG(s) 'setup_pagila_sakila' retrieved from /opt/airflow/dags/setup_pagila_sakila.py
[2026-08-25T10:48:23.976+0000] {logging_mixin.py:188} INFO - [2026-08-25T10:48:23.976+0000] {dag.py:3036} INFO - Sync 1 DAGs
[2026-08-25T10:48:23.990+0000] {logging_mixin.py:188} INFO - [2026-08-25T10:48:23.990+0000] {dag.py:3823} INFO - Setting next_dagrun for setup_pagila_sakila to None, run_after=None
[2026-08-25T10:48:24.010+0000] {processor.py:183} INFO - Processing /opt/airflow/dags/setup_pagila_sakila.py took 0.092 seconds
[2026-08-25T10:48:54.101+0000] {processor.py:161} INFO - Started process (PID=220) to work on /opt/airflow/dags/setup_pagila_sakila.py
[2026-08-25T10:48:54.103+0000] {processor.py:830} INFO - Processing file /opt/airflow/dags/setup_pagila_sakila.py for tasks to queue
[2026-08-25T10:48:54.123+0000] {logging_mixin.py:188} INFO - [2026-08-25T10:48:54.120+0000] {dagbag.py:538} INFO - Filling up the DagBag from /opt/airflow/dags/setup_pagila_sakila.py
[2026-08-25T10:48:54.215+0000] {processor.py:840} INFO - DAG(s) 'setup_pagila_sakila' retrieved from /opt/airflow/dags/setup_pagila_sakila.py
[2026-08-25T10:48:54.343+0000] {logging_mixin.py:188} INFO - [2026-08-25T10:48:54.343+0000] {dag.py:3036} INFO - Sync 1 DAGs
[2026-08-25T10:48:54.423+0000] {logging_mixin.py:188} INFO - [2026-08-25T10:48:54.423+0000] {dag.py:3823} INFO - Setting next_dagrun for setup_pagila_sakila to None, run_after=None
[2026-08-25T10:48:54.483+0000] {processor.py:183} INFO - Processing /opt/airflow/dags/setup_pagila_sakila.py took 0.391 seconds
[2026-08-25T10:49:24.640+0000] {processor.py:161} INFO - Started process (PID=225) to work on /opt/airflow/dags/setup_pagila_sakila.py
[2026-08-25T10:49:24.643+0000] {processor.py:830} INFO - Processing file /opt/airflow/dags/setup_pagila_sakila.py for tasks to queue
[2026-08-25T10:49:24.646+0000] {logging_mixin.py:188} INFO - [2026-08-25T10:49:24.645+0000] {dagbag.py:538} INFO - Filling up the DagBag from /opt/airflow/dags/setup_pagila_sakila.py
[2026-08-25T10:49:24.700+0000] {processor.py:840} INFO - DAG(s) 'setup_pagila_sakila' retrieved from /opt/airflow/dags/setup_pagila_sakila.py
[2026-08-25T10:49:24.781+0000] {logging_mixin.py:188} INFO - [2026-08-25T10:49:24.781+0000] {dag.py:3036} INFO - Sync 1 DAGs
[2026-08-25T10:49:24.801+0000] {logging_mixin.py:188} INFO - [2026-08-25T10:49:24.801+0000] {dag.py:3823} INFO - Setting next_dagrun for setup_pagila_sakila to None, run_after=None
[2026-08-25T10:49:24.829+0000] {processor.py:183} INFO - Processing /opt/airflow/dags/setup_pagila_sakila.py took 0.194 seconds
[2026-08-25T10:49:54.995+0000] {processor.py:161} INFO - Started process (PID=230) to work on /opt/airflow/dags/setup_pagila_sakila.py
[2026-08-25T10:49:54.996+0000] {processor.py:830} INFO - Processing file /opt/airflow/dags/setup_pagila_sakila.py for tasks to queue
[2026-08-25T10:49:54.997+0000] {logging_mixin.py:188} INFO - [2026-08-25T10:49:54.997+0000] {dagbag.py:538} INFO - Filling up the DagBag from /opt/airflow/dags/setup_pagila_sakila.py
[2026-08-25T10:49:55.018+0000] {processor.py:840} INFO - DAG(s) 'setup_pagila_sakila' retrieved from /opt/airflow/dags/setup_pagila_sakila.py
[2026-08-25T10:49:55.055+0000] {logging_mixin.py:188} INFO - [2026-08-25T10:49:55.055+0000] {dag.py:3036} INFO - Sync 1 DAGs
[2026-08-25T10:49:55.068+0000] {logging_mixin.py:188} INFO - [2026-08-25T10:49:55.067+0000] {dag.py:3823} INFO - Setting next_dagrun for setup_pagila_sakila to None, run_after=None
[2026-08-25T10:49:55.089+0000] {processor.py:183} INFO - Processing /opt/airflow/dags/setup_pagila_sakila.py took 0.100 seconds
[2026-08-25T10:50:25.133+0000] {processor.py:161} INFO - Started process (PID=235) to work on /opt/airflow/dags/setup_pagila_sakila.py
[2026-08-25T10:50:25.134+0000] {processor.py:830} INFO - Processing file /opt/airflow/dags/setup_pagila_sakila.py for tasks to queue
[2026-08-25T10:50:25.135+0000] {logging_mixin.py:188} INFO - [2026-08-25T10:50:25.135+0000] {dagbag.py:538} INFO - Filling up the DagBag from /opt/airflow/dags/setup_pagila_sakila.py
[2026-08-25T10:50:25.154+0000] {processor.py:840} INFO - DAG(s) 'setup_pagila_sakila' retrieved from /opt/airflow/dags/setup_pagila_sakila.py
[2026-08-25T10:50:25.182+0000] {logging_mixin.py:188} INFO - [2026-08-25T10:50:25.181+0000] {dag.py:3036} INFO - Sync 1 DAGs
[2026-08-25T10:50:25.198+0000] {logging_mixin.py:188} INFO - [2026-08-25T10:50:25.198+0000] {dag.py:3823} INFO - Setting next_dagrun for setup_pagila_sakila to None, run_after=None
[2026-08-25T10:50:25.225+0000] {processor.py:183} INFO - Processing /opt/airflow/dags/setup_pagila_sakila.py took 0.096 seconds
[2026-08-25T10:50:55.364+0000] {processor.py:161} INFO - Started process (PID=240) to work on /opt/airflow/dags/setup_pagila_sakila.py
[2026-08-25T10:50:55.366+0000] {processor.py:830} INFO - Processing file /opt/airflow/dags/setup_pagila_sakila.py for tasks to queue
[2026-08-25T10:50:55.367+0000] {logging_mixin.py:188} INFO - [2026-08-25T10:50:55.367+0000] {dagbag.py:538} INFO - Filling up the DagBag from /opt/airflow/dags/setup_pagila_sakila.py
[2026-08-25T10:50:55.387+0000] {processor.py:840} INFO - DAG(s) 'setup_pagila_sakila' retrieved from /opt/airflow/dags/setup_pagila_sakila.py
[2026-08-25T10:50:55.417+0000] {logging_mixin.py:188} INFO - [2026-08-25T10:50:55.417+0000] {dag.py:3036} INFO - Sync 1 DAGs
[2026-08-25T10:50:55.430+0000] {logging_mixin.py:188} INFO - [2026-08-25T10:50:55.430+0000] {dag.py:3823} INFO - Setting next_dagrun for setup_pagila_sakila to None, run_after=None
[2026-08-25T10:50:55.450+0000] {processor.py:183} INFO - Processing /opt/airflow/dags/setup_pagila_sakila.py took 0.090 seconds
[2026-08-25T10:51:25.528+0000] {processor.py:161} INFO - Started process (PID=245) to work on /opt/airflow/dags/setup_pagila_sakila.py
[2026-08-25T10:51:25.529+0000] {processor.py:830} INFO - Processing file /opt/airflow/dags/setup_pagila_sakila.py for tasks to queue
[2026-08-25T10:51:25.530+0000] {logging_mixin.py:188} INFO - [2026-08-25T10:51:25.530+0000] {dagbag.py:538} INFO - Filling up the DagBag from /opt/airflow/dags/setup_pagila_sakila.py
[2026-08-25T10:51:25.547+0000] {processor.py:840} INFO - DAG(s) 'setup_pagila_sakila' retrieved from /opt/airflow/dags/setup_pagila_sakila.py
[2026-08-25T10:51:25.577+0000] {logging_mixin.py:188} INFO - [2026-08-25T10:51:25.577+0000] {dag.py:3036} INFO - Sync 1 DAGs
[2026-08-25T10:51:25.590+0000] {logging_mixin.py:188} INFO - [2026-08-25T10:51:25.590+0000] {dag.py:3823} INFO - Setting next_dagrun for setup_pagila_sakila to None, run_after=None
[2026-08-25T10:51:25.608+0000] {processor.py:183} INFO - Processing /opt/airflow/dags/setup_pagila_sakila.py took 0.084 seconds
[2026-08-25T10:51:55.735+0000] {processor.py:161} INFO - Started process (PID=250) to work on /opt/airflow/dags/setup_pagila_sakila.py
[2026-08-25T10:51:55.736+0000] {processor.py:830} INFO - Processing file /opt/airflow/dags/setup_pagila_sakila.py for tasks to queue
[2026-08-25T10:51:55.737+0000] {logging_mixin.py:188} INFO - [2026-08-25T10:51:55.737+0000] {dagbag.py:538} INFO - Filling up the DagBag from /opt/airflow/dags/setup_pagila_sakila.py
[2026-08-25T10:51:55.752+0000] {processor.py:840} INFO - DAG(s) 'setup_pagila_sakila' retrieved from /opt/airflow/dags/setup_pagila_sakila.py
[2026-08-25T10:51:55.776+0000] {logging_mixin.py:188} INFO - [2026-08-25T10:51:55.776+0000] {dag.py:3036} INFO - Sync 1 DAGs
[2026-08-25T10:51:55.787+0000] {logging_mixin.py:188} INFO - [2026-08-25T10:51:55.787+0000] {dag.py:3823} INFO - Setting next_dagrun for setup_pagila_sakila to None, run_after=None
[2026-08-25T10:51:55.806+0000] {processor.py:183} INFO - Processing /opt/airflow/dags/setup_pagila_sakila.py took 0.074 seconds
[2026-08-25T10:52:25.926+0000] {processor.py:161} INFO - Started process (PID=255) to work on /opt/airflow/dags/setup_pagila_sakila.py
[2026-08-25T10:52:25.927+0000] {processor.py:830} INFO - Processing file /opt/airflow/dags/setup_pagila_sakila.py for tasks to queue
[2026-08-25T10:52:25.929+0000] {logging_mixin.py:188} INFO - [2026-08-25T10:52:25.928+0000] {dagbag.py:538} INFO - Filling up the DagBag from /opt/airflow/dags/setup_pagila_sakila.py
[2026-08-25T10:52:25.945+0000] {processor.py:840} INFO - DAG(s) 'setup_pagila_sakila' retrieved from /opt/airflow/dags/setup_pagila_sakila.py
[2026-08-25T10:52:25.990+0000] {logging_mixin.py:188} INFO - [2026-08-25T10:52:25.990+0000] {dag.py:3036} INFO - Sync 1 DAGs
[2026-08-25T10:52:26.013+0000] {logging_mixin.py:188} INFO - [2026-08-25T10:52:26.013+0000] {dag.py:3823} INFO - Setting next_dagrun for setup_pagila_sakila to None, run_after=None
[2026-08-25T10:52:26.042+0000] {processor.py:183} INFO - Processing /opt/airflow/dags/setup_pagila_sakila.py took 0.120 seconds
[2026-08-25T10:52:56.101+0000] {processor.py:161} INFO - Started process (PID=260) to work on /opt/airflow/dags/setup_pagila_sakila.py
[2026-08-25T10:52:56.103+0000] {processor.py:830} INFO - Processing file /opt/airflow/dags/setup_pagila_sakila.py for tasks to queue
[2026-08-25T10:52:56.104+0000] {logging_mixin.py:188} INFO - [2026-08-25T10:52:56.104+0000] {dagbag.py:538} INFO - Filling up the DagBag from /opt/airflow/dags/setup_pagila_sakila.py
[2026-08-25T10:52:56.125+0000] {processor.py:840} INFO - DAG(s) 'setup_pagila_sakila' retrieved from /opt/airflow/dags/setup_pagila_sakila.py
[2026-08-25T10:52:56.171+0000] {logging_mixin.py:188} INFO - [2026-08-25T10:52:56.171+0000] {dag.py:3036} INFO - Sync 1 DAGs
[2026-08-25T10:52:56.204+0000] {logging_mixin.py:188} INFO - [2026-08-25T10:52:56.203+0000] {dag.py:3823} INFO - Setting next_dagrun for setup_pagila_sakila to None, run_after=None
[2026-08-25T10:52:56.234+0000] {processor.py:183} INFO - Processing /opt/airflow/dags/setup_pagila_sakila.py took 0.139 seconds
[2026-08-25T10:53:26.306+0000] {processor.py:161} INFO - Started process (PID=265) to work on /opt/airflow/dags/setup_pagila_sakila.py
[2026-08-25T10:53:26.308+0000] {processor.py:830} INFO - Processing file /opt/airflow/dags/setup_pagila_sakila.py for tasks to queue
[2026-08-25T10:53:26.309+0000] {logging_mixin.py:188} INFO - [2026-08-25T10:53:26.309+0000] {dagbag.py:538} INFO - Filling up the DagBag from /opt/airflow/dags/setup_pagila_sakila.py
[2026-08-25T10:53:26.328+0000] {processor.py:840} INFO - DAG(s) 'setup_pagila_sakila' retrieved from /opt/airflow/dags/setup_pagila_sakila.py
[2026-08-25T10:53:26.363+0000] {logging_mixin.py:188} INFO - [2026-08-25T10:53:26.363+0000] {dag.py:3036} INFO - Sync 1 DAGs
[2026-08-25T10:53:26.377+0000] {logging_mixin.py:188} INFO - [2026-08-25T10:53:26.377+0000] {dag.py:3823} INFO - Setting next_dagrun for setup_pagila_sakila to None, run_after=None
[2026-08-25T10:53:26.395+0000] {processor.py:183} INFO - Processing /opt/airflow/dags/setup_pagila_sakila.py took 0.094 seconds
[2026-08-25T10:53:56.495+0000] {processor.py:161} INFO - Started process (PID=270) to work on /opt/airflow/dags/setup_pagila_sakila.py
[2026-08-25T10:53:56.497+0000] {processor.py:830} INFO - Processing file /opt/airflow/dags/setup_pagila_sakila.py for tasks to queue
[2026-08-25T10:53:56.499+0000] {logging_mixin.py:188} INFO - [2026-08-25T10:53:56.498+0000] {dagbag.py:538} INFO - Filling up the DagBag from /opt/airflow/dags/setup_pagila_sakila.py
[2026-08-25T10:53:56.516+0000] {processor.py:840} INFO - DAG(s) 'setup_pagila_sakila' retrieved from /opt/airflow/dags/setup_pagila_sakila.py
[2026-08-25T10:53:56.541+0000] {logging_mixin.py:188} INFO - [2026-08-25T10:53:56.541+0000] {dag.py:3036} INFO - Sync 1 DAGs
[2026-08-25T10:53:56.554+0000] {logging_mixin.py:188} INFO - [2026-08-25T10:53:56.554+0000] {dag.py:3823} INFO - Setting next_dagrun for setup_pagila_sakila to None, run_after=None
[2026-08-25T10:53:56.571+0000] {processor.py:183} INFO - Processing /opt/airflow/dags/setup_pagila_sakila.py took 0.081 seconds
[2026-08-25T10:54:26.655+0000] {processor.py:161} INFO - Started process (PID=275) to work on /opt/airflow/dags/setup_pagila_sakila.py
[2026-08-25T10:54:26.656+0000] {processor.py:830} INFO - Processing file /opt/airflow/dags/setup_pagila_sakila.py for tasks to queue
[2026-08-25T10:54:26.657+0000] {logging_mixin.py:188} INFO - [2026-08-25T10:54:26.657+0000] {dagbag.py:538} INFO - Filling up the DagBag from /opt/airflow/dags/setup_pagila_sakila.py
[2026-08-25T10:54:26.671+0000] {processor.py:840} INFO - DAG(s) 'setup_pagila_sakila' retrieved from /opt/airflow/dags/setup_pagila_sakila.py
[2026-08-25T10:54:26.697+0000] {logging_mixin.py:188} INFO - [2026-08-25T10:54:26.697+0000] {dag.py:3036} INFO - Sync 1 DAGs
[2026-08-25T10:54:26.709+0000] {logging_mixin.py:188} INFO - [2026-08-25T10:54:26.709+0000] {dag.py:3823} INFO - Setting next_dagrun for setup_pagila_sakila to None, run_after=None
[2026-08-25T10:54:26.727+0000] {processor.py:183} INFO - Processing /opt/airflow/dags/setup_pagila_sakila.py took 0.075 seconds
[2026-08-25T10:54:56.880+0000] {processor.py:161} INFO - Started process (PID=280) to work on /opt/airflow/dags/setup_pagila_sakila.py
[2026-08-25T10:54:56.882+0000] {processor.py:830} INFO - Processing file /opt/airflow/dags/setup_pagila_sakila.py for tasks to queue
[2026-08-25T10:54:56.883+0000] {logging_mixin.py:188} INFO - [2026-08-25T10:54:56.882+0000] {dagbag.py:538} INFO - Filling up the DagBag from /opt/airflow/dags/setup_pagila_sakila.py
[2026-08-25T10:54:56.899+0000] {processor.py:840} INFO - DAG(s) 'setup_pagila_sakila' retrieved from /opt/airflow/dags/setup_pagila_sakila.py
[2026-08-25T10:54:56.928+0000] {logging_mixin.py:188} INFO - [2026-08-25T10:54:56.927+0000] {dag.py:3036} INFO - Sync 1 DAGs
[2026-08-25T10:54:56.942+0000] {logging_mixin.py:188} INFO - [2026-08-25T10:54:56.942+0000] {dag.py:3823} INFO - Setting next_dagrun for setup_pagila_sakila to None, run_after=None
[2026-08-25T10:54:56.963+0000] {processor.py:183} INFO - Processing /opt/airflow/dags/setup_pagila_sakila.py took 0.085 seconds
[2026-08-25T10:55:27.033+0000] {processor.py:161} INFO - Started process (PID=285) to work on /opt/airflow/dags/setup_pagila_sakila.py
[2026-08-25T10:55:27.034+0000] {processor.py:830} INFO - Processing file /opt/airflow/dags/setup_pagila_sakila.py for tasks to queue
[2026-08-25T10:55:27.035+0000] {logging_mixin.py:188} INFO - [2026-08-25T10:55:27.035+0000] {dagbag.py:538} INFO - Filling up the DagBag from /opt/airflow/dags/setup_pagila_sakila.py
[2026-08-25T10:55:27.054+0000] {processor.py:840} INFO - DAG(s) 'setup_pagila_sakila' retrieved from /opt/airflow/dags/setup_pagila_sakila.py
[2026-08-25T10:55:27.086+0000] {logging_mixin.py:188} INFO - [2026-08-25T10:55:27.086+0000] {dag.py:3036} INFO - Sync 1 DAGs
[2026-08-25T10:55:27.101+0000] {logging_mixin.py:188} INFO - [2026-08-25T10:55:27.101+0000] {dag.py:3823} INFO - Setting next_dagrun for setup_pagila_sakila to None, run_after=None
[2026-08-25T10:55:27.120+0000] {processor.py:183} INFO - Processing /opt/airflow/dags/setup_pagila_sakila.py took 0.091 seconds
[2026-08-25T10:55:57.251+0000] {processor.py:161} INFO - Started process (PID=290) to work on /opt/airflow/dags/setup_pagila_sakila.py
[2026-08-25T10:55:57.252+0000] {processor.py:830} INFO - Processing file /opt/airflow/dags/setup_pagila_sakila.py for tasks to queue
[2026-08-25T10:55:57.253+0000] {logging_mixin.py:188} INFO - [2026-08-25T10:55:57.253+0000] {dagbag.py:538} INFO - Filling up the DagBag from /opt/airflow/dags/setup_pagila_sakila.py
[2026-08-25T10:55:57.271+0000] {processor.py:840} INFO - DAG(s) 'setup_pagila_sakila' retrieved from /opt/airflow/dags/setup_pagila_sakila.py
[2026-08-25T10:55:57.298+0000] {logging_mixin.py:188} INFO - [2026-08-25T10:55:57.298+0000] {dag.py:3036} INFO - Sync 1 DAGs
[2026-08-25T10:55:57.310+0000] {logging_mixin.py:188} INFO - [2026-08-25T10:55:57.310+0000] {dag.py:3823} INFO - Setting next_dagrun for setup_pagila_sakila to None, run_after=None
[2026-08-25T10:55:57.330+0000] {processor.py:183} INFO - Processing /opt/airflow/dags/setup_pagila_sakila.py took 0.083 seconds
[2026-08-25T10:56:27.425+0000] {processor.py:161} INFO - Started process (PID=295) to work on /opt/airflow/dags/setup_pagila_sakila.py
[2026-08-25T10:56:27.427+0000] {processor.py:830} INFO - Processing file /opt/airflow/dags/setup_pagila_sakila.py for tasks to queue
[2026-08-25T10:56:27.428+0000] {logging_mixin.py:188} INFO - [2026-08-25T10:56:27.428+0000] {dagbag.py:538} INFO - Filling up the DagBag from /opt/airflow/dags/setup_pagila_sakila.py
[2026-08-25T10:56:27.451+0000] {processor.py:840} INFO - DAG(s) 'setup_pagila_sakila' retrieved from /opt/airflow/dags/setup_pagila_sakila.py
[2026-08-25T10:56:27.483+0000] {logging_mixin.py:188} INFO - [2026-08-25T10:56:27.483+0000] {dag.py:3036} INFO - Sync 1 DAGs
[2026-08-25T10:56:27.496+0000] {logging_mixin.py:188} INFO - [2026-08-25T10:56:27.496+0000] {dag.py:3823} INFO - Setting next_dagrun for setup_pagila_sakila to None, run_after=None
[2026-08-25T10:56:27.514+0000] {processor.py:183} INFO - Processing /opt/airflow/dags/setup_pagila_sakila.py took 0.093 seconds
[2026-08-25T10:56:57.648+0000] {processor.py:161} INFO - Started process (PID=300) to work on /opt/airflow/dags/setup_pagila_sakila.py
[2026-08-25T10:56:57.650+0000] {processor.py:830} INFO - Processing file /opt/airflow/dags/setup_pagila_sakila.py for tasks to queue
[2026-08-25T10:56:57.651+0000] {logging_mixin.py:188} INFO - [2026-08-25T10:56:57.651+0000] {dagbag.py:538} INFO - Filling up the DagBag from /opt/airflow/dags/setup_pagila_sakila.py
[2026-08-25T10:56:57.666+0000] {processor.py:840} INFO - DAG(s) 'setup_pagila_sakila' retrieved from /opt/airflow/dags/setup_pagila_sakila.py
[2026-08-25T10:56:57.697+0000] {logging_mixin.py:188} INFO - [2026-08-25T10:56:57.697+0000] {dag.py:3036} INFO - Sync 1 DAGs
[2026-08-25T10:56:57.710+0000] {logging_mixin.py:188} INFO - [2026-08-25T10:56:57.710+0000] {dag.py:3823} INFO - Setting next_dagrun for setup_pagila_sakila to None, run_after=None
[2026-08-25T10:56:57.728+0000] {processor.py:183} INFO - Processing /opt/airflow/dags/setup_pagila_sakila.py took 0.083 seconds
[2026-08-25T10:57:27.824+0000] {processor.py:161} INFO - Started process (PID=305) to work on /opt/airflow/dags/setup_pagila_sakila.py
[2026-08-25T10:57:27.826+0000] {processor.py:830} INFO - Processing file /opt/airflow/dags/setup_pagila_sakila.py for tasks to queue
[2026-08-25T10:57:27.827+0000] {logging_mixin.py:188} INFO - [2026-08-25T10:57:27.827+0000] {dagbag.py:538} INFO - Filling up the DagBag from /opt/airflow/dags/setup_pagila_sakila.py
[2026-08-25T10:57:27.849+0000] {processor.py:840} INFO - DAG(s) 'setup_pagila_sakila' retrieved from /opt/airflow/dags/setup_pagila_sakila.py
[2026-08-25T10:57:27.883+0000] {logging_mixin.py:188} INFO - [2026-08-25T10:57:27.883+0000] {dag.py:3036} INFO - Sync 1 DAGs
[2026-08-25T10:57:27.899+0000] {logging_mixin.py:188} INFO - [2026-08-25T10:57:27.898+0000] {dag.py:3823} INFO - Setting next_dagrun for setup_pagila_sakila to None, run_after=None
[2026-08-25T10:57:27.920+0000] {processor.py:183} INFO - Processing /opt/airflow/dags/setup_pagila_sakila.py took 0.100 seconds
[2026-08-25T10:57:58.023+0000] {processor.py:161} INFO - Started process (PID=310) to work on /opt/airflow/dags/setup_pagila_sakila.py
[2026-08-25T10:57:58.025+0000] {processor.py:830} INFO - Processing file /opt/airflow/dags/setup_pagila_sakila.py for tasks to queue
[2026-08-25T10:57:58.027+0000] {logging_mixin.py:188} INFO - [2026-08-25T10:57:58.026+0000] {dagbag.py:538} INFO - Filling up the DagBag from /opt/airflow/dags/setup_pagila_sakila.py
[2026-08-25T10:57:58.048+0000] {processor.py:840} INFO - DAG(s) 'setup_pagila_sakila' retrieved from /opt/airflow/dags/setup_pagila_sakila.py
[2026-08-25T10:57:58.084+0000] {logging_mixin.py:188} INFO - [2026-08-25T10:57:58.084+0000] {dag.py:3036} INFO - Sync 1 DAGs
[2026-08-25T10:57:58.101+0000] {logging_mixin.py:188} INFO - [2026-08-25T10:57:58.101+0000] {dag.py:3823} INFO - Setting next_dagrun for setup_pagila_sakila to None, run_after=None
[2026-08-25T10:57:58.125+0000] {processor.py:183} INFO - Processing /opt/airflow/dags/setup_pagila_sakila.py took 0.107 seconds
[2026-08-25T10:58:28.250+0000] {processor.py:161} INFO - Started process (PID=315) to work on /opt/airflow/dags/setup_pagila_sakila.py
[2026-08-25T10:58:28.252+0000] {processor.py:830} INFO - Processing file /opt/airflow/dags/setup_pagila_sakila.py for tasks to queue
[2026-08-25T10:58:28.255+0000] {logging_mixin.py:188} INFO - [2026-08-25T10:58:28.254+0000] {dagbag.py:538} INFO - Filling up the DagBag from /opt/airflow/dags/setup_pagila_sakila.py
[2026-08-25T10:58:28.331+0000] {processor.py:840} INFO - DAG(s) 'setup_pagila_sakila' retrieved from /opt/airflow/dags/setup_pagila_sakila.py
[2026-08-25T10:58:28.438+0000] {logging_mixin.py:188} INFO - [2026-08-25T10:58:28.438+0000] {dag.py:3036} INFO - Sync 1 DAGs
[2026-08-25T10:58:28.456+0000] {logging_mixin.py:188} INFO - [2026-08-25T10:58:28.456+0000] {dag.py:3823} INFO - Setting next_dagrun for setup_pagila_sakila to None, run_after=None
[2026-08-25T10:58:28.477+0000] {processor.py:183} INFO - Processing /opt/airflow/dags/setup_pagila_sakila.py took 0.255 seconds
[2026-08-25T10:58:58.616+0000] {processor.py:161} INFO - Started process (PID=320) to work on /opt/airflow/dags/setup_pagila_sakila.py
[2026-08-25T10:58:58.620+0000] {processor.py:830} INFO - Processing file /opt/airflow/dags/setup_pagila_sakila.py for tasks to queue
[2026-08-25T10:58:58.621+0000] {logging_mixin.py:188} INFO - [2026-08-25T10:58:58.621+0000] {dagbag.py:538} INFO - Filling up the DagBag from /opt/airflow/dags/setup_pagila_sakila.py
[2026-08-25T10:58:58.646+0000] {processor.py:840} INFO - DAG(s) 'setup_pagila_sakila' retrieved from /opt/airflow/dags/setup_pagila_sakila.py
[2026-08-25T10:58:58.705+0000] {logging_mixin.py:188} INFO - [2026-08-25T10:58:58.705+0000] {dag.py:3036} INFO - Sync 1 DAGs
[2026-08-25T10:58:58.719+0000] {logging_mixin.py:188} INFO - [2026-08-25T10:58:58.719+0000] {dag.py:3823} INFO - Setting next_dagrun for setup_pagila_sakila to None, run_after=None
[2026-08-25T10:58:58.738+0000] {processor.py:183} INFO - Processing /opt/airflow/dags/setup_pagila_sakila.py took 0.127 seconds
[2026-08-25T10:59:28.904+0000] {processor.py:161} INFO - Started process (PID=325) to work on /opt/airflow/dags/setup_pagila_sakila.py
[2026-08-25T10:59:28.907+0000] {processor.py:830} INFO - Processing file /opt/airflow/dags/setup_pagila_sakila.py for tasks to queue
[2026-08-25T10:59:28.911+0000] {logging_mixin.py:188} INFO - [2026-08-25T10:59:28.910+0000] {dagbag.py:538} INFO - Filling up the DagBag from /opt/airflow/dags/setup_pagila_sakila.py
[2026-08-25T10:59:28.967+0000] {processor.py:840} INFO - DAG(s) 'setup_pagila_sakila' retrieved from /opt/airflow/dags/setup_pagila_sakila.py
[2026-08-25T10:59:29.041+0000] {logging_mixin.py:188} INFO - [2026-08-25T10:59:29.041+0000] {dag.py:3036} INFO - Sync 1 DAGs
[2026-08-25T10:59:29.065+0000] {logging_mixin.py:188} INFO - [2026-08-25T10:59:29.065+0000] {dag.py:3823} INFO - Setting next_dagrun for setup_pagila_sakila to None, run_after=None
[2026-08-25T10:59:29.093+0000] {processor.py:183} INFO - Processing /opt/airflow/dags/setup_pagila_sakila.py took 0.196 seconds
[2026-08-25T10:59:59.254+0000] {processor.py:161} INFO - Started process (PID=330) to work on /opt/airflow/dags/setup_pagila_sakila.py
[2026-08-25T10:59:59.255+0000] {processor.py:830} INFO - Processing file /opt/airflow/dags/setup_pagila_sakila.py for tasks to queue
[2026-08-25T10:59:59.256+0000] {logging_mixin.py:188} INFO - [2026-08-25T10:59:59.256+0000] {dagbag.py:538} INFO - Filling up the DagBag from /opt/airflow/dags/setup_pagila_sakila.py
[2026-08-25T10:59:59.278+0000] {processor.py:840} INFO - DAG(s) 'setup_pagila_sakila' retrieved from /opt/airflow/dags/setup_pagila_sakila.py
[2026-08-25T10:59:59.321+0000] {logging_mixin.py:188} INFO - [2026-08-25T10:59:59.321+0000] {dag.py:3036} INFO - Sync 1 DAGs
[2026-08-25T10:59:59.334+0000] {logging_mixin.py:188} INFO - [2026-08-25T10:59:59.334+0000] {dag.py:3823} INFO - Setting next_dagrun for setup_pagila_sakila to None, run_after=None
[2026-08-25T10:59:59.353+0000] {processor.py:183} INFO - Processing /opt/airflow/dags/setup_pagila_sakila.py took 0.104 seconds
[2026-08-25T11:00:29.415+0000] {processor.py:161} INFO - Started process (PID=335) to work on /opt/airflow/dags/setup_pagila_sakila.py
[2026-08-25T11:00:29.416+0000] {processor.py:830} INFO - Processing file /opt/airflow/dags/setup_pagila_sakila.py for tasks to queue
[2026-08-25T11:00:29.417+0000] {logging_mixin.py:188} INFO - [2026-08-25T11:00:29.417+0000] {dagbag.py:538} INFO - Filling up the DagBag from /opt/airflow/dags/setup_pagila_sakila.py
[2026-08-25T11:00:29.435+0000] {processor.py:840} INFO - DAG(s) 'setup_pagila_sakila' retrieved from /opt/airflow/dags/setup_pagila_sakila.py
[2026-08-25T11:00:29.463+0000] {logging_mixin.py:188} INFO - [2026-08-25T11:00:29.463+0000] {dag.py:3036} INFO - Sync 1 DAGs
[2026-08-25T11:00:29.476+0000] {logging_mixin.py:188} INFO - [2026-08-25T11:00:29.476+0000] {dag.py:3823} INFO - Setting next_dagrun for setup_pagila_sakila to None, run_after=None
[2026-08-25T11:00:29.494+0000] {processor.py:183} INFO - Processing /opt/airflow/dags/setup_pagila_sakila.py took 0.083 seconds
[2026-08-25T11:00:59.694+0000] {processor.py:161} INFO - Started process (PID=340) to work on /opt/airflow/dags/setup_pagila_sakila.py
[2026-08-25T11:00:59.694+0000] {processor.py:830} INFO - Processing file /opt/airflow/dags/setup_pagila_sakila.py for tasks to queue
[2026-08-25T11:00:59.696+0000] {logging_mixin.py:188} INFO - [2026-08-25T11:00:59.695+0000] {dagbag.py:538} INFO - Filling up the DagBag from /opt/airflow/dags/setup_pagila_sakila.py
[2026-08-25T11:00:59.709+0000] {processor.py:840} INFO - DAG(s) 'setup_pagila_sakila' retrieved from /opt/airflow/dags/setup_pagila_sakila.py
[2026-08-25T11:00:59.733+0000] {logging_mixin.py:188} INFO - [2026-08-25T11:00:59.733+0000] {dag.py:3036} INFO - Sync 1 DAGs
[2026-08-25T11:00:59.744+0000] {logging_mixin.py:188} INFO - [2026-08-25T11:00:59.744+0000] {dag.py:3823} INFO - Setting next_dagrun for setup_pagila_sakila to None, run_after=None
[2026-08-25T11:00:59.760+0000] {processor.py:183} INFO - Processing /opt/airflow/dags/setup_pagila_sakila.py took 0.070 seconds
[2026-08-25T11:01:29.934+0000] {processor.py:161} INFO - Started process (PID=345) to work on /opt/airflow/dags/setup_pagila_sakila.py
[2026-08-25T11:01:29.936+0000] {processor.py:830} INFO - Processing file /opt/airflow/dags/setup_pagila_sakila.py for tasks to queue
[2026-08-25T11:01:29.939+0000] {logging_mixin.py:188} INFO - [2026-08-25T11:01:29.937+0000] {dagbag.py:538} INFO - Filling up the DagBag from /opt/airflow/dags/setup_pagila_sakila.py
[2026-08-25T11:01:29.956+0000] {processor.py:840} INFO - DAG(s) 'setup_pagila_sakila' retrieved from /opt/airflow/dags/setup_pagila_sakila.py
[2026-08-25T11:01:29.984+0000] {logging_mixin.py:188} INFO - [2026-08-25T11:01:29.984+0000] {dag.py:3036} INFO - Sync 1 DAGs
[2026-08-25T11:01:29.997+0000] {logging_mixin.py:188} INFO - [2026-08-25T11:01:29.997+0000] {dag.py:3823} INFO - Setting next_dagrun for setup_pagila_sakila to None, run_after=None
[2026-08-25T11:01:30.015+0000] {processor.py:183} INFO - Processing /opt/airflow/dags/setup_pagila_sakila.py took 0.085 seconds
[2026-08-25T11:02:00.110+0000] {processor.py:161} INFO - Started process (PID=350) to work on /opt/airflow/dags/setup_pagila_sakila.py
[2026-08-25T11:02:00.117+0000] {processor.py:830} INFO - Processing file /opt/airflow/dags/setup_pagila_sakila.py for tasks to queue
[2026-08-25T11:02:00.118+0000] {logging_mixin.py:188} INFO - [2026-08-25T11:02:00.118+0000] {dagbag.py:538} INFO - Filling up the DagBag from /opt/airflow/dags/setup_pagila_sakila.py
[2026-08-25T11:02:00.132+0000] {processor.py:840} INFO - DAG(s) 'setup_pagila_sakila' retrieved from /opt/airflow/dags/setup_pagila_sakila.py
[2026-08-25T11:02:00.157+0000] {logging_mixin.py:188} INFO - [2026-08-25T11:02:00.157+0000] {dag.py:3036} INFO - Sync 1 DAGs
[2026-08-25T11:02:00.168+0000] {logging_mixin.py:188} INFO - [2026-08-25T11:02:00.168+0000] {dag.py:3823} INFO - Setting next_dagrun for setup_pagila_sakila to None, run_after=None
[2026-08-25T11:02:00.188+0000] {processor.py:183} INFO - Processing /opt/airflow/dags/setup_pagila_sakila.py took 0.082 seconds
[2026-08-25T11:02:30.383+0000] {processor.py:161} INFO - Started process (PID=355) to work on /opt/airflow/dags/setup_pagila_sakila.py
[2026-08-25T11:02:30.384+0000] {processor.py:830} INFO - Processing file /opt/airflow/dags/setup_pagila_sakila.py for tasks to queue
[2026-08-25T11:02:30.385+0000] {logging_mixin.py:188} INFO - [2026-08-25T11:02:30.385+0000] {dagbag.py:538} INFO - Filling up the DagBag from /opt/airflow/dags/setup_pagila_sakila.py
[2026-08-25T11:02:30.399+0000] {processor.py:840} INFO - DAG(s) 'setup_pagila_sakila' retrieved from /opt/airflow/dags/setup_pagila_sakila.py
[2026-08-25T11:02:30.426+0000] {logging_mixin.py:188} INFO - [2026-08-25T11:02:30.426+0000] {dag.py:3036} INFO - Sync 1 DAGs
[2026-08-25T11:02:30.440+0000] {logging_mixin.py:188} INFO - [2026-08-25T11:02:30.439+0000] {dag.py:3823} INFO - Setting next_dagrun for setup_pagila_sakila to None, run_after=None
[2026-08-25T11:02:30.458+0000] {processor.py:183} INFO - Processing /opt/airflow/dags/setup_pagila_sakila.py took 0.078 seconds
[2026-08-25T11:03:00.558+0000] {processor.py:161} INFO - Started process (PID=360) to work on /opt/airflow/dags/setup_pagila_sakila.py
[2026-08-25T11:03:00.559+0000] {processor.py:830} INFO - Processing file /opt/airflow/dags/setup_pagila_sakila.py for tasks to queue
[2026-08-25T11:03:00.560+0000] {logging_mixin.py:188} INFO - [2026-08-25T11:03:00.560+0000] {dagbag.py:538} INFO - Filling up the DagBag from /opt/airflow/dags/setup_pagila_sakila.py
[2026-08-25T11:03:00.579+0000] {processor.py:840} INFO - DAG(s) 'setup_pagila_sakila' retrieved from /opt/airflow/dags/setup_pagila_sakila.py
[2026-08-25T11:03:00.609+0000] {logging_mixin.py:188} INFO - [2026-08-25T11:03:00.608+0000] {dag.py:3036} INFO - Sync 1 DAGs
[2026-08-25T11:03:00.622+0000] {logging_mixin.py:188} INFO - [2026-08-25T11:03:00.622+0000] {dag.py:3823} INFO - Setting next_dagrun for setup_pagila_sakila to None, run_after=None
[2026-08-25T11:03:00.642+0000] {processor.py:183} INFO - Processing /opt/airflow/dags/setup_pagila_sakila.py took 0.088 seconds
[2026-08-25T11:03:30.756+0000] {processor.py:161} INFO - Started process (PID=365) to work on /opt/airflow/dags/setup_pagila_sakila.py
[2026-08-25T11:03:30.757+0000] {processor.py:830} INFO - Processing file /opt/airflow/dags/setup_pagila_sakila.py for tasks to queue
[2026-08-25T11:03:30.759+0000] {logging_mixin.py:188} INFO - [2026-08-25T11:03:30.758+0000] {dagbag.py:538} INFO - Filling up the DagBag from /opt/airflow/dags/setup_pagila_sakila.py
[2026-08-25T11:03:30.773+0000] {processor.py:840} INFO - DAG(s) 'setup_pagila_sakila' retrieved from /opt/airflow/dags/setup_pagila_sakila.py
[2026-08-25T11:03:30.799+0000] {logging_mixin.py:188} INFO - [2026-08-25T11:03:30.799+0000] {dag.py:3036} INFO - Sync 1 DAGs
[2026-08-25T11:03:30.813+0000] {logging_mixin.py:188} INFO - [2026-08-25T11:03:30.813+0000] {dag.py:3823} INFO - Setting next_dagrun for setup_pagila_sakila to None, run_after=None
[2026-08-25T11:03:30.831+0000] {processor.py:183} INFO - Processing /opt/airflow/dags/setup_pagila_sakila.py took 0.078 seconds
[2026-08-25T11:04:00.913+0000] {processor.py:161} INFO - Started process (PID=370) to work on /opt/airflow/dags/setup_pagila_sakila.py
[2026-08-25T11:04:00.915+0000] {processor.py:830} INFO - Processing file /opt/airflow/dags/setup_pagila_sakila.py for tasks to queue
[2026-08-25T11:04:00.916+0000] {logging_mixin.py:188} INFO - [2026-08-25T11:04:00.916+0000] {dagbag.py:538} INFO - Filling up the DagBag from /opt/airflow/dags/setup_pagila_sakila.py
[2026-08-25T11:04:00.936+0000] {processor.py:840} INFO - DAG(s) 'setup_pagila_sakila' retrieved from /opt/airflow/dags/setup_pagila_sakila.py
[2026-08-25T11:04:00.966+0000] {logging_mixin.py:188} INFO - [2026-08-25T11:04:00.966+0000] {dag.py:3036} INFO - Sync 1 DAGs
[2026-08-25T11:04:00.979+0000] {logging_mixin.py:188} INFO - [2026-08-25T11:04:00.979+0000] {dag.py:3823} INFO - Setting next_dagrun for setup_pagila_sakila to None, run_after=None
[2026-08-25T11:04:00.997+0000] {processor.py:183} INFO - Processing /opt/airflow/dags/setup_pagila_sakila.py took 0.089 seconds
[2026-08-25T11:04:31.115+0000] {processor.py:161} INFO - Started process (PID=375) to work on /opt/airflow/dags/setup_pagila_sakila.py
[2026-08-25T11:04:31.117+0000] {processor.py:830} INFO - Processing file /opt/airflow/dags/setup_pagila_sakila.py for tasks to queue
[2026-08-25T11:04:31.119+0000] {logging_mixin.py:188} INFO - [2026-08-25T11:04:31.118+0000] {dagbag.py:538} INFO - Filling up the DagBag from /opt/airflow/dags/setup_pagila_sakila.py
[2026-08-25T11:04:31.137+0000] {processor.py:840} INFO - DAG(s) 'setup_pagila_sakila' retrieved from /opt/airflow/dags/setup_pagila_sakila.py
[2026-08-25T11:04:31.168+0000] {logging_mixin.py:188} INFO - [2026-08-25T11:04:31.168+0000] {dag.py:3036} INFO - Sync 1 DAGs
[2026-08-25T11:04:31.182+0000] {logging_mixin.py:188} INFO - [2026-08-25T11:04:31.181+0000] {dag.py:3823} INFO - Setting next_dagrun for setup_pagila_sakila to None, run_after=None
[2026-08-25T11:04:31.203+0000] {processor.py:183} INFO - Processing /opt/airflow/dags/setup_pagila_sakila.py took 0.091 seconds
[2026-08-25T11:05:01.355+0000] {processor.py:161} INFO - Started process (PID=380) to work on /opt/airflow/dags/setup_pagila_sakila.py
[2026-08-25T11:05:01.356+0000] {processor.py:830} INFO - Processing file /opt/airflow/dags/setup_pagila_sakila.py for tasks to queue
[2026-08-25T11:05:01.358+0000] {logging_mixin.py:188} INFO - [2026-08-25T11:05:01.357+0000] {dagbag.py:538} INFO - Filling up the DagBag from /opt/airflow/dags/setup_pagila_sakila.py
[2026-08-25T11:05:01.374+0000] {processor.py:840} INFO - DAG(s) 'setup_pagila_sakila' retrieved from /opt/airflow/dags/setup_pagila_sakila.py
[2026-08-25T11:05:01.401+0000] {logging_mixin.py:188} INFO - [2026-08-25T11:05:01.401+0000] {dag.py:3036} INFO - Sync 1 DAGs
[2026-08-25T11:05:01.414+0000] {logging_mixin.py:188} INFO - [2026-08-25T11:05:01.413+0000] {dag.py:3823} INFO - Setting next_dagrun for setup_pagila_sakila to None, run_after=None
[2026-08-25T11:05:01.431+0000] {processor.py:183} INFO - Processing /opt/airflow/dags/setup_pagila_sakila.py took 0.079 seconds
[2026-08-25T11:05:31.527+0000] {processor.py:161} INFO - Started process (PID=385) to work on /opt/airflow/dags/setup_pagila_sakila.py
[2026-08-25T11:05:31.528+0000] {processor.py:830} INFO - Processing file /opt/airflow/dags/setup_pagila_sakila.py for tasks to queue
[2026-08-25T11:05:31.529+0000] {logging_mixin.py:188} INFO - [2026-08-25T11:05:31.529+0000] {dagbag.py:538} INFO - Filling up the DagBag from /opt/airflow/dags/setup_pagila_sakila.py
[2026-08-25T11:05:31.544+0000] {processor.py:840} INFO - DAG(s) 'setup_pagila_sakila' retrieved from /opt/airflow/dags/setup_pagila_sakila.py
[2026-08-25T11:05:31.577+0000] {logging_mixin.py:188} INFO - [2026-08-25T11:05:31.577+0000] {dag.py:3036} INFO - Sync 1 DAGs
[2026-08-25T11:05:31.590+0000] {logging_mixin.py:188} INFO - [2026-08-25T11:05:31.590+0000] {dag.py:3823} INFO - Setting next_dagrun for setup_pagila_sakila to None, run_after=None
[2026-08-25T11:05:31.610+0000] {processor.py:183} INFO - Processing /opt/airflow/dags/setup_pagila_sakila.py took 0.086 seconds
[2026-08-25T11:06:01.732+0000] {processor.py:161} INFO - Started process (PID=390) to work on /opt/airflow/dags/setup_pagila_sakila.py
[2026-08-25T11:06:01.733+0000] {processor.py:830} INFO - Processing file /opt/airflow/dags/setup_pagila_sakila.py for tasks to queue
[2026-08-25T11:06:01.735+0000] {logging_mixin.py:188} INFO - [2026-08-25T11:06:01.734+0000] {dagbag.py:538} INFO - Filling up the DagBag from /opt/airflow/dags/setup_pagila_sakila.py
[2026-08-25T11:06:01.751+0000] {processor.py:840} INFO - DAG(s) 'setup_pagila_sakila' retrieved from /opt/airflow/dags/setup_pagila_sakila.py
[2026-08-25T11:06:01.781+0000] {logging_mixin.py:188} INFO - [2026-08-25T11:06:01.781+0000] {dag.py:3036} INFO - Sync 1 DAGs
[2026-08-25T11:06:01.796+0000] {logging_mixin.py:188} INFO - [2026-08-25T11:06:01.796+0000] {dag.py:3823} INFO - Setting next_dagrun for setup_pagila_sakila to None, run_after=None
[2026-08-25T11:06:01.815+0000] {processor.py:183} INFO - Processing /opt/airflow/dags/setup_pagila_sakila.py took 0.086 seconds
[2026-08-25T11:06:31.886+0000] {processor.py:161} INFO - Started process (PID=395) to work on /opt/airflow/dags/setup_pagila_sakila.py
[2026-08-25T11:06:31.888+0000] {processor.py:830} INFO - Processing file /opt/airflow/dags/setup_pagila_sakila.py for tasks to queue
[2026-08-25T11:06:31.889+0000] {logging_mixin.py:188} INFO - [2026-08-25T11:06:31.889+0000] {dagbag.py:538} INFO - Filling up the DagBag from /opt/airflow/dags/setup_pagila_sakila.py
[2026-08-25T11:06:31.908+0000] {processor.py:840} INFO - DAG(s) 'setup_pagila_sakila' retrieved from /opt/airflow/dags/setup_pagila_sakila.py
[2026-08-25T11:06:31.939+0000] {logging_mixin.py:188} INFO - [2026-08-25T11:06:31.939+0000] {dag.py:3036} INFO - Sync 1 DAGs
[2026-08-25T11:06:31.951+0000] {logging_mixin.py:188} INFO - [2026-08-25T11:06:31.951+0000] {dag.py:3823} INFO - Setting next_dagrun for setup_pagila_sakila to None, run_after=None
[2026-08-25T11:06:31.970+0000] {processor.py:183} INFO - Processing /opt/airflow/dags/setup_pagila_sakila.py took 0.088 seconds
[2026-08-25T11:07:02.085+0000] {processor.py:161} INFO - Started process (PID=400) to work on /opt/airflow/dags/setup_pagila_sakila.py
[2026-08-25T11:07:02.086+0000] {processor.py:830} INFO - Processing file /opt/airflow/dags/setup_pagila_sakila.py for tasks to queue
[2026-08-25T11:07:02.087+0000] {logging_mixin.py:188} INFO - [2026-08-25T11:07:02.086+0000] {dagbag.py:538} INFO - Filling up the DagBag from /opt/airflow/dags/setup_pagila_sakila.py
[2026-08-25T11:07:02.104+0000] {processor.py:840} INFO - DAG(s) 'setup_pagila_sakila' retrieved from /opt/airflow/dags/setup_pagila_sakila.py
[2026-08-25T11:07:02.134+0000] {logging_mixin.py:188} INFO - [2026-08-25T11:07:02.134+0000] {dag.py:3036} INFO - Sync 1 DAGs
[2026-08-25T11:07:02.147+0000] {logging_mixin.py:188} INFO - [2026-08-25T11:07:02.147+0000] {dag.py:3823} INFO - Setting next_dagrun for setup_pagila_sakila to None, run_after=None
[2026-08-25T11:07:02.167+0000] {processor.py:183} INFO - Processing /opt/airflow/dags/setup_pagila_sakila.py took 0.085 seconds
[2026-08-25T11:07:36.216+0000] {processor.py:161} INFO - Started process (PID=405) to work on /opt/airflow/dags/setup_pagila_sakila.py
[2026-08-25T11:07:36.315+0000] {processor.py:830} INFO - Processing file /opt/airflow/dags/setup_pagila_sakila.py for tasks to queue
[2026-08-25T11:07:38.433+0000] {logging_mixin.py:188} INFO - [2026-08-25T11:07:36.502+0000] {dagbag.py:538} INFO - Filling up the DagBag from /opt/airflow/dags/setup_pagila_sakila.py
[2026-08-25T11:07:48.478+0000] {processor.py:840} INFO - DAG(s) 'setup_pagila_sakila' retrieved from /opt/airflow/dags/setup_pagila_sakila.py
[2026-08-25T11:08:57.386+0000] {processor.py:161} INFO - Started process (PID=408) to work on /opt/airflow/dags/setup_pagila_sakila.py
[2026-08-25T11:09:00.102+0000] {processor.py:830} INFO - Processing file /opt/airflow/dags/setup_pagila_sakila.py for tasks to queue
[2026-08-25T11:09:00.317+0000] {logging_mixin.py:188} INFO - [2026-08-25T11:09:00.226+0000] {dagbag.py:538} INFO - Filling up the DagBag from /opt/airflow/dags/setup_pagila_sakila.py
[2026-08-25T11:09:04.904+0000] {processor.py:840} INFO - DAG(s) 'setup_pagila_sakila' retrieved from /opt/airflow/dags/setup_pagila_sakila.py
[2026-08-25T11:09:40.147+0000] {processor.py:186} ERROR - Got an exception! Propagating...
Traceback (most recent call last):
  File "/home/airflow/.local/lib/python3.8/site-packages/sqlalchemy/engine/base.py", line 3371, in _wrap_pool_connect
    return fn()
  File "/home/airflow/.local/lib/python3.8/site-packages/sqlalchemy/pool/base.py", line 327, in connect
    return _ConnectionFairy._checkout(self)
  File "/home/airflow/.local/lib/python3.8/site-packages/sqlalchemy/pool/base.py", line 894, in _checkout
    fairy = _ConnectionRecord.checkout(pool)
  File "/home/airflow/.local/lib/python3.8/site-packages/sqlalchemy/pool/base.py", line 493, in checkout
    rec = pool._do_get()
  File "/home/airflow/.local/lib/python3.8/site-packages/sqlalchemy/pool/impl.py", line 146, in _do_get
    self._dec_overflow()
  File "/home/airflow/.local/lib/python3.8/site-packages/sqlalchemy/util/langhelpers.py", line 70, in __exit__
    compat.raise_(
  File "/home/airflow/.local/lib/python3.8/site-packages/sqlalchemy/util/compat.py", line 211, in raise_
    raise exception
  File "/home/airflow/.local/lib/python3.8/site-packages/sqlalchemy/pool/impl.py", line 143, in _do_get
    return self._create_connection()
  File "/home/airflow/.local/lib/python3.8/site-packages/sqlalchemy/pool/base.py", line 273, in _create_connection
    return _ConnectionRecord(self)
  File "/home/airflow/.local/lib/python3.8/site-packages/sqlalchemy/pool/base.py", line 388, in __init__
    self.__connect()
  File "/home/airflow/.local/lib/python3.8/site-packages/sqlalchemy/pool/base.py", line 691, in __connect
    pool.logger.debug("Error on connect(): %s", e)
  File "/home/airflow/.local/lib/python3.8/site-packages/sqlalchemy/util/langhelpers.py", line 70, in __exit__
    compat.raise_(
  File "/home/airflow/.local/lib/python3.8/site-packages/sqlalchemy/util/compat.py", line 211, in raise_
    raise exception
  File "/home/airflow/.local/lib/python3.8/site-packages/sqlalchemy/pool/base.py", line 686, in __connect
    self.dbapi_connection = connection = pool._invoke_creator(self)
  File "/home/airflow/.local/lib/python3.8/site-packages/sqlalchemy/engine/create.py", line 574, in connect
    return dialect.connect(*cargs, **cparams)
  File "/home/airflow/.local/lib/python3.8/site-packages/sqlalchemy/engine/default.py", line 598, in connect
    return self.dbapi.connect(*cargs, **cparams)
  File "/home/airflow/.local/lib/python3.8/site-packages/psycopg2/__init__.py", line 122, in connect
    conn = _connect(dsn, connection_factory=connection_factory, **kwasync)
psycopg2.OperationalError: could not translate host name "postgres" to address: Temporary failure in name resolution


The above exception was the direct cause of the following exception:

Traceback (most recent call last):
  File "/home/airflow/.local/lib/python3.8/site-packages/airflow/dag_processing/processor.py", line 182, in _run_file_processor
    _handle_dag_file_processing()
  File "/home/airflow/.local/lib/python3.8/site-packages/airflow/dag_processing/processor.py", line 163, in _handle_dag_file_processing
    result: tuple[int, int] = dag_file_processor.process_file(
  File "/home/airflow/.local/lib/python3.8/site-packages/airflow/utils/session.py", line 79, in wrapper
    return func(*args, session=session, **kwargs)
  File "/home/airflow/.local/lib/python3.8/site-packages/airflow/dag_processing/processor.py", line 859, in process_file
    serialize_errors = DagFileProcessor.save_dag_to_db(
  File "/home/airflow/.local/lib/python3.8/site-packages/airflow/api_internal/internal_api_call.py", line 114, in wrapper
    return func(*args, **kwargs)
  File "/home/airflow/.local/lib/python3.8/site-packages/airflow/utils/session.py", line 79, in wrapper
    return func(*args, session=session, **kwargs)
  File "/home/airflow/.local/lib/python3.8/site-packages/airflow/dag_processing/processor.py", line 895, in save_dag_to_db
    import_errors = DagBag._sync_to_db(dags=dags, processor_subdir=dag_directory, session=session)
  File "/home/airflow/.local/lib/python3.8/site-packages/airflow/utils/session.py", line 76, in wrapper
    return func(*args, **kwargs)
  File "/home/airflow/.local/lib/python3.8/site-packages/airflow/models/dagbag.py", line 657, in _sync_to_db
    for attempt in run_with_db_retries(logger=log):
  File "/home/airflow/.local/lib/python3.8/site-packages/tenacity/__init__.py", line 347, in __iter__
    do = self.iter(retry_state=retry_state)
  File "/home/airflow/.local/lib/python3.8/site-packages/tenacity/__init__.py", line 325, in iter
    raise retry_exc.reraise()
  File "/home/airflow/.local/lib/python3.8/site-packages/tenacity/__init__.py", line 158, in reraise
    raise self.last_attempt.result()
  File "/usr/local/lib/python3.8/concurrent/futures/_base.py", line 437, in result
    return self.__get_result()
  File "/usr/local/lib/python3.8/concurrent/futures/_base.py", line 389, in __get_result
    raise self._exception
  File "/home/airflow/.local/lib/python3.8/site-packages/airflow/models/dagbag.py", line 670, in _sync_to_db
    _serialize_dag_capturing_errors(dag, session, processor_subdir)
  File "/home/airflow/.local/lib/python3.8/site-packages/airflow/models/dagbag.py", line 635, in _serialize_dag_capturing_errors
    dag_was_updated = SerializedDagModel.write_dag(
  File "/home/airflow/.local/lib/python3.8/site-packages/airflow/utils/session.py", line 76, in wrapper
    return func(*args, **kwargs)
  File "/home/airflow/.local/lib/python3.8/site-packages/airflow/models/serialized_dag.py", line 157, in write_dag
    if session.scalar(
  File "/home/airflow/.local/lib/python3.8/site-packages/sqlalchemy/orm/session.py", line 1747, in scalar
    return self.execute(
  File "/home/airflow/.local/lib/python3.8/site-packages/sqlalchemy/orm/session.py", line 1716, in execute
    conn = self._connection_for_bind(bind)
  File "/home/airflow/.local/lib/python3.8/site-packages/sqlalchemy/orm/session.py", line 1555, in _connection_for_bind
    return self._transaction._connection_for_bind(
  File "/home/airflow/.local/lib/python3.8/site-packages/sqlalchemy/orm/session.py", line 750, in _connection_for_bind
    conn = bind.connect()
  File "/home/airflow/.local/lib/python3.8/site-packages/sqlalchemy/future/engine.py", line 412, in connect
    return super(Engine, self).connect()
  File "/home/airflow/.local/lib/python3.8/site-packages/sqlalchemy/engine/base.py", line 3325, in connect
    return self._connection_cls(self, close_with_result=close_with_result)
  File "/home/airflow/.local/lib/python3.8/site-packages/sqlalchemy/engine/base.py", line 96, in __init__
    else engine.raw_connection()
  File "/home/airflow/.local/lib/python3.8/site-packages/sqlalchemy/engine/base.py", line 3404, in raw_connection
    return self._wrap_pool_connect(self.pool.connect, _connection)
  File "/home/airflow/.local/lib/python3.8/site-packages/sqlalchemy/engine/base.py", line 3374, in _wrap_pool_connect
    Connection._handle_dbapi_exception_noconnection(
  File "/home/airflow/.local/lib/python3.8/site-packages/sqlalchemy/engine/base.py", line 2208, in _handle_dbapi_exception_noconnection
    util.raise_(
  File "/home/airflow/.local/lib/python3.8/site-packages/sqlalchemy/util/compat.py", line 211, in raise_
    raise exception
  File "/home/airflow/.local/lib/python3.8/site-packages/sqlalchemy/engine/base.py", line 3371, in _wrap_pool_connect
    return fn()
  File "/home/airflow/.local/lib/python3.8/site-packages/sqlalchemy/pool/base.py", line 327, in connect
    return _ConnectionFairy._checkout(self)
  File "/home/airflow/.local/lib/python3.8/site-packages/sqlalchemy/pool/base.py", line 894, in _checkout
    fairy = _ConnectionRecord.checkout(pool)
  File "/home/airflow/.local/lib/python3.8/site-packages/sqlalchemy/pool/base.py", line 493, in checkout
    rec = pool._do_get()
  File "/home/airflow/.local/lib/python3.8/site-packages/sqlalchemy/pool/impl.py", line 146, in _do_get
    self._dec_overflow()
  File "/home/airflow/.local/lib/python3.8/site-packages/sqlalchemy/util/langhelpers.py", line 70, in __exit__
    compat.raise_(
  File "/home/airflow/.local/lib/python3.8/site-packages/sqlalchemy/util/compat.py", line 211, in raise_
    raise exception
  File "/home/airflow/.local/lib/python3.8/site-packages/sqlalchemy/pool/impl.py", line 143, in _do_get
    return self._create_connection()
  File "/home/airflow/.local/lib/python3.8/site-packages/sqlalchemy/pool/base.py", line 273, in _create_connection
    return _ConnectionRecord(self)
  File "/home/airflow/.local/lib/python3.8/site-packages/sqlalchemy/pool/base.py", line 388, in __init__
    self.__connect()
  File "/home/airflow/.local/lib/python3.8/site-packages/sqlalchemy/pool/base.py", line 691, in __connect
    pool.logger.debug("Error on connect(): %s", e)
  File "/home/airflow/.local/lib/python3.8/site-packages/sqlalchemy/util/langhelpers.py", line 70, in __exit__
    compat.raise_(
  File "/home/airflow/.local/lib/python3.8/site-packages/sqlalchemy/util/compat.py", line 211, in raise_
    raise exception
  File "/home/airflow/.local/lib/python3.8/site-packages/sqlalchemy/pool/base.py", line 686, in __connect
    self.dbapi_connection = connection = pool._invoke_creator(self)
  File "/home/airflow/.local/lib/python3.8/site-packages/sqlalchemy/engine/create.py", line 574, in connect
    return dialect.connect(*cargs, **cparams)
  File "/home/airflow/.local/lib/python3.8/site-packages/sqlalchemy/engine/default.py", line 598, in connect
    return self.dbapi.connect(*cargs, **cparams)
  File "/home/airflow/.local/lib/python3.8/site-packages/psycopg2/__init__.py", line 122, in connect
    conn = _connect(dsn, connection_factory=connection_factory, **kwasync)
sqlalchemy.exc.OperationalError: (psycopg2.OperationalError) could not translate host name "postgres" to address: Temporary failure in name resolution

(Background on this error at: https://sqlalche.me/e/14/e3q8)
[2026-08-25T11:10:20.486+0000] {processor.py:161} INFO - Started process (PID=413) to work on /opt/airflow/dags/setup_pagila_sakila.py
[2026-08-25T11:10:20.649+0000] {processor.py:830} INFO - Processing file /opt/airflow/dags/setup_pagila_sakila.py for tasks to queue
[2026-08-25T11:10:20.729+0000] {logging_mixin.py:188} INFO - [2026-08-25T11:10:20.719+0000] {dagbag.py:538} INFO - Filling up the DagBag from /opt/airflow/dags/setup_pagila_sakila.py
[2026-08-25T11:10:24.954+0000] {processor.py:840} INFO - DAG(s) 'setup_pagila_sakila' retrieved from /opt/airflow/dags/setup_pagila_sakila.py
[2026-08-25T11:11:00.917+0000] {processor.py:186} ERROR - Got an exception! Propagating...
Traceback (most recent call last):
  File "/home/airflow/.local/lib/python3.8/site-packages/sqlalchemy/engine/base.py", line 3371, in _wrap_pool_connect
    return fn()
  File "/home/airflow/.local/lib/python3.8/site-packages/sqlalchemy/pool/base.py", line 327, in connect
    return _ConnectionFairy._checkout(self)
  File "/home/airflow/.local/lib/python3.8/site-packages/sqlalchemy/pool/base.py", line 894, in _checkout
    fairy = _ConnectionRecord.checkout(pool)
  File "/home/airflow/.local/lib/python3.8/site-packages/sqlalchemy/pool/base.py", line 493, in checkout
    rec = pool._do_get()
  File "/home/airflow/.local/lib/python3.8/site-packages/sqlalchemy/pool/impl.py", line 146, in _do_get
    self._dec_overflow()
  File "/home/airflow/.local/lib/python3.8/site-packages/sqlalchemy/util/langhelpers.py", line 70, in __exit__
    compat.raise_(
  File "/home/airflow/.local/lib/python3.8/site-packages/sqlalchemy/util/compat.py", line 211, in raise_
    raise exception
  File "/home/airflow/.local/lib/python3.8/site-packages/sqlalchemy/pool/impl.py", line 143, in _do_get
    return self._create_connection()
  File "/home/airflow/.local/lib/python3.8/site-packages/sqlalchemy/pool/base.py", line 273, in _create_connection
    return _ConnectionRecord(self)
  File "/home/airflow/.local/lib/python3.8/site-packages/sqlalchemy/pool/base.py", line 388, in __init__
    self.__connect()
  File "/home/airflow/.local/lib/python3.8/site-packages/sqlalchemy/pool/base.py", line 691, in __connect
    pool.logger.debug("Error on connect(): %s", e)
  File "/home/airflow/.local/lib/python3.8/site-packages/sqlalchemy/util/langhelpers.py", line 70, in __exit__
    compat.raise_(
  File "/home/airflow/.local/lib/python3.8/site-packages/sqlalchemy/util/compat.py", line 211, in raise_
    raise exception
  File "/home/airflow/.local/lib/python3.8/site-packages/sqlalchemy/pool/base.py", line 686, in __connect
    self.dbapi_connection = connection = pool._invoke_creator(self)
  File "/home/airflow/.local/lib/python3.8/site-packages/sqlalchemy/engine/create.py", line 574, in connect
    return dialect.connect(*cargs, **cparams)
  File "/home/airflow/.local/lib/python3.8/site-packages/sqlalchemy/engine/default.py", line 598, in connect
    return self.dbapi.connect(*cargs, **cparams)
  File "/home/airflow/.local/lib/python3.8/site-packages/psycopg2/__init__.py", line 122, in connect
    conn = _connect(dsn, connection_factory=connection_factory, **kwasync)
psycopg2.OperationalError: could not translate host name "postgres" to address: Temporary failure in name resolution


The above exception was the direct cause of the following exception:

Traceback (most recent call last):
  File "/home/airflow/.local/lib/python3.8/site-packages/airflow/dag_processing/processor.py", line 182, in _run_file_processor
    _handle_dag_file_processing()
  File "/home/airflow/.local/lib/python3.8/site-packages/airflow/dag_processing/processor.py", line 163, in _handle_dag_file_processing
    result: tuple[int, int] = dag_file_processor.process_file(
  File "/home/airflow/.local/lib/python3.8/site-packages/airflow/utils/session.py", line 79, in wrapper
    return func(*args, session=session, **kwargs)
  File "/home/airflow/.local/lib/python3.8/site-packages/airflow/dag_processing/processor.py", line 859, in process_file
    serialize_errors = DagFileProcessor.save_dag_to_db(
  File "/home/airflow/.local/lib/python3.8/site-packages/airflow/api_internal/internal_api_call.py", line 114, in wrapper
    return func(*args, **kwargs)
  File "/home/airflow/.local/lib/python3.8/site-packages/airflow/utils/session.py", line 79, in wrapper
    return func(*args, session=session, **kwargs)
  File "/home/airflow/.local/lib/python3.8/site-packages/airflow/dag_processing/processor.py", line 895, in save_dag_to_db
    import_errors = DagBag._sync_to_db(dags=dags, processor_subdir=dag_directory, session=session)
  File "/home/airflow/.local/lib/python3.8/site-packages/airflow/utils/session.py", line 76, in wrapper
    return func(*args, **kwargs)
  File "/home/airflow/.local/lib/python3.8/site-packages/airflow/models/dagbag.py", line 657, in _sync_to_db
    for attempt in run_with_db_retries(logger=log):
  File "/home/airflow/.local/lib/python3.8/site-packages/tenacity/__init__.py", line 347, in __iter__
    do = self.iter(retry_state=retry_state)
  File "/home/airflow/.local/lib/python3.8/site-packages/tenacity/__init__.py", line 325, in iter
    raise retry_exc.reraise()
  File "/home/airflow/.local/lib/python3.8/site-packages/tenacity/__init__.py", line 158, in reraise
    raise self.last_attempt.result()
  File "/usr/local/lib/python3.8/concurrent/futures/_base.py", line 437, in result
    return self.__get_result()
  File "/usr/local/lib/python3.8/concurrent/futures/_base.py", line 389, in __get_result
    raise self._exception
  File "/home/airflow/.local/lib/python3.8/site-packages/airflow/models/dagbag.py", line 670, in _sync_to_db
    _serialize_dag_capturing_errors(dag, session, processor_subdir)
  File "/home/airflow/.local/lib/python3.8/site-packages/airflow/models/dagbag.py", line 635, in _serialize_dag_capturing_errors
    dag_was_updated = SerializedDagModel.write_dag(
  File "/home/airflow/.local/lib/python3.8/site-packages/airflow/utils/session.py", line 76, in wrapper
    return func(*args, **kwargs)
  File "/home/airflow/.local/lib/python3.8/site-packages/airflow/models/serialized_dag.py", line 157, in write_dag
    if session.scalar(
  File "/home/airflow/.local/lib/python3.8/site-packages/sqlalchemy/orm/session.py", line 1747, in scalar
    return self.execute(
  File "/home/airflow/.local/lib/python3.8/site-packages/sqlalchemy/orm/session.py", line 1716, in execute
    conn = self._connection_for_bind(bind)
  File "/home/airflow/.local/lib/python3.8/site-packages/sqlalchemy/orm/session.py", line 1555, in _connection_for_bind
    return self._transaction._connection_for_bind(
  File "/home/airflow/.local/lib/python3.8/site-packages/sqlalchemy/orm/session.py", line 750, in _connection_for_bind
    conn = bind.connect()
  File "/home/airflow/.local/lib/python3.8/site-packages/sqlalchemy/future/engine.py", line 412, in connect
    return super(Engine, self).connect()
  File "/home/airflow/.local/lib/python3.8/site-packages/sqlalchemy/engine/base.py", line 3325, in connect
    return self._connection_cls(self, close_with_result=close_with_result)
  File "/home/airflow/.local/lib/python3.8/site-packages/sqlalchemy/engine/base.py", line 96, in __init__
    else engine.raw_connection()
  File "/home/airflow/.local/lib/python3.8/site-packages/sqlalchemy/engine/base.py", line 3404, in raw_connection
    return self._wrap_pool_connect(self.pool.connect, _connection)
  File "/home/airflow/.local/lib/python3.8/site-packages/sqlalchemy/engine/base.py", line 3374, in _wrap_pool_connect
    Connection._handle_dbapi_exception_noconnection(
  File "/home/airflow/.local/lib/python3.8/site-packages/sqlalchemy/engine/base.py", line 2208, in _handle_dbapi_exception_noconnection
    util.raise_(
  File "/home/airflow/.local/lib/python3.8/site-packages/sqlalchemy/util/compat.py", line 211, in raise_
    raise exception
  File "/home/airflow/.local/lib/python3.8/site-packages/sqlalchemy/engine/base.py", line 3371, in _wrap_pool_connect
    return fn()
  File "/home/airflow/.local/lib/python3.8/site-packages/sqlalchemy/pool/base.py", line 327, in connect
    return _ConnectionFairy._checkout(self)
  File "/home/airflow/.local/lib/python3.8/site-packages/sqlalchemy/pool/base.py", line 894, in _checkout
    fairy = _ConnectionRecord.checkout(pool)
  File "/home/airflow/.local/lib/python3.8/site-packages/sqlalchemy/pool/base.py", line 493, in checkout
    rec = pool._do_get()
  File "/home/airflow/.local/lib/python3.8/site-packages/sqlalchemy/pool/impl.py", line 146, in _do_get
    self._dec_overflow()
  File "/home/airflow/.local/lib/python3.8/site-packages/sqlalchemy/util/langhelpers.py", line 70, in __exit__
    compat.raise_(
  File "/home/airflow/.local/lib/python3.8/site-packages/sqlalchemy/util/compat.py", line 211, in raise_
    raise exception
  File "/home/airflow/.local/lib/python3.8/site-packages/sqlalchemy/pool/impl.py", line 143, in _do_get
    return self._create_connection()
  File "/home/airflow/.local/lib/python3.8/site-packages/sqlalchemy/pool/base.py", line 273, in _create_connection
    return _ConnectionRecord(self)
  File "/home/airflow/.local/lib/python3.8/site-packages/sqlalchemy/pool/base.py", line 388, in __init__
    self.__connect()
  File "/home/airflow/.local/lib/python3.8/site-packages/sqlalchemy/pool/base.py", line 691, in __connect
    pool.logger.debug("Error on connect(): %s", e)
  File "/home/airflow/.local/lib/python3.8/site-packages/sqlalchemy/util/langhelpers.py", line 70, in __exit__
    compat.raise_(
  File "/home/airflow/.local/lib/python3.8/site-packages/sqlalchemy/util/compat.py", line 211, in raise_
    raise exception
  File "/home/airflow/.local/lib/python3.8/site-packages/sqlalchemy/pool/base.py", line 686, in __connect
    self.dbapi_connection = connection = pool._invoke_creator(self)
  File "/home/airflow/.local/lib/python3.8/site-packages/sqlalchemy/engine/create.py", line 574, in connect
    return dialect.connect(*cargs, **cparams)
  File "/home/airflow/.local/lib/python3.8/site-packages/sqlalchemy/engine/default.py", line 598, in connect
    return self.dbapi.connect(*cargs, **cparams)
  File "/home/airflow/.local/lib/python3.8/site-packages/psycopg2/__init__.py", line 122, in connect
    conn = _connect(dsn, connection_factory=connection_factory, **kwasync)
sqlalchemy.exc.OperationalError: (psycopg2.OperationalError) could not translate host name "postgres" to address: Temporary failure in name resolution

(Background on this error at: https://sqlalche.me/e/14/e3q8)
[2026-08-25T11:11:38.051+0000] {processor.py:161} INFO - Started process (PID=418) to work on /opt/airflow/dags/setup_pagila_sakila.py
[2026-08-25T11:11:38.105+0000] {processor.py:830} INFO - Processing file /opt/airflow/dags/setup_pagila_sakila.py for tasks to queue
[2026-08-25T11:11:38.156+0000] {logging_mixin.py:188} INFO - [2026-08-25T11:11:38.150+0000] {dagbag.py:538} INFO - Filling up the DagBag from /opt/airflow/dags/setup_pagila_sakila.py
[2026-08-25T11:11:41.719+0000] {processor.py:840} INFO - DAG(s) 'setup_pagila_sakila' retrieved from /opt/airflow/dags/setup_pagila_sakila.py
[2026-08-25T11:12:17.726+0000] {processor.py:186} ERROR - Got an exception! Propagating...
Traceback (most recent call last):
  File "/home/airflow/.local/lib/python3.8/site-packages/sqlalchemy/engine/base.py", line 3371, in _wrap_pool_connect
    return fn()
  File "/home/airflow/.local/lib/python3.8/site-packages/sqlalchemy/pool/base.py", line 327, in connect
    return _ConnectionFairy._checkout(self)
  File "/home/airflow/.local/lib/python3.8/site-packages/sqlalchemy/pool/base.py", line 894, in _checkout
    fairy = _ConnectionRecord.checkout(pool)
  File "/home/airflow/.local/lib/python3.8/site-packages/sqlalchemy/pool/base.py", line 493, in checkout
    rec = pool._do_get()
  File "/home/airflow/.local/lib/python3.8/site-packages/sqlalchemy/pool/impl.py", line 146, in _do_get
    self._dec_overflow()
  File "/home/airflow/.local/lib/python3.8/site-packages/sqlalchemy/util/langhelpers.py", line 70, in __exit__
    compat.raise_(
  File "/home/airflow/.local/lib/python3.8/site-packages/sqlalchemy/util/compat.py", line 211, in raise_
    raise exception
  File "/home/airflow/.local/lib/python3.8/site-packages/sqlalchemy/pool/impl.py", line 143, in _do_get
    return self._create_connection()
  File "/home/airflow/.local/lib/python3.8/site-packages/sqlalchemy/pool/base.py", line 273, in _create_connection
    return _ConnectionRecord(self)
  File "/home/airflow/.local/lib/python3.8/site-packages/sqlalchemy/pool/base.py", line 388, in __init__
    self.__connect()
  File "/home/airflow/.local/lib/python3.8/site-packages/sqlalchemy/pool/base.py", line 691, in __connect
    pool.logger.debug("Error on connect(): %s", e)
  File "/home/airflow/.local/lib/python3.8/site-packages/sqlalchemy/util/langhelpers.py", line 70, in __exit__
    compat.raise_(
  File "/home/airflow/.local/lib/python3.8/site-packages/sqlalchemy/util/compat.py", line 211, in raise_
    raise exception
  File "/home/airflow/.local/lib/python3.8/site-packages/sqlalchemy/pool/base.py", line 686, in __connect
    self.dbapi_connection = connection = pool._invoke_creator(self)
  File "/home/airflow/.local/lib/python3.8/site-packages/sqlalchemy/engine/create.py", line 574, in connect
    return dialect.connect(*cargs, **cparams)
  File "/home/airflow/.local/lib/python3.8/site-packages/sqlalchemy/engine/default.py", line 598, in connect
    return self.dbapi.connect(*cargs, **cparams)
  File "/home/airflow/.local/lib/python3.8/site-packages/psycopg2/__init__.py", line 122, in connect
    conn = _connect(dsn, connection_factory=connection_factory, **kwasync)
psycopg2.OperationalError: could not translate host name "postgres" to address: Temporary failure in name resolution


The above exception was the direct cause of the following exception:

Traceback (most recent call last):
  File "/home/airflow/.local/lib/python3.8/site-packages/airflow/dag_processing/processor.py", line 182, in _run_file_processor
    _handle_dag_file_processing()
  File "/home/airflow/.local/lib/python3.8/site-packages/airflow/dag_processing/processor.py", line 163, in _handle_dag_file_processing
    result: tuple[int, int] = dag_file_processor.process_file(
  File "/home/airflow/.local/lib/python3.8/site-packages/airflow/utils/session.py", line 79, in wrapper
    return func(*args, session=session, **kwargs)
  File "/home/airflow/.local/lib/python3.8/site-packages/airflow/dag_processing/processor.py", line 859, in process_file
    serialize_errors = DagFileProcessor.save_dag_to_db(
  File "/home/airflow/.local/lib/python3.8/site-packages/airflow/api_internal/internal_api_call.py", line 114, in wrapper
    return func(*args, **kwargs)
  File "/home/airflow/.local/lib/python3.8/site-packages/airflow/utils/session.py", line 79, in wrapper
    return func(*args, session=session, **kwargs)
  File "/home/airflow/.local/lib/python3.8/site-packages/airflow/dag_processing/processor.py", line 895, in save_dag_to_db
    import_errors = DagBag._sync_to_db(dags=dags, processor_subdir=dag_directory, session=session)
  File "/home/airflow/.local/lib/python3.8/site-packages/airflow/utils/session.py", line 76, in wrapper
    return func(*args, **kwargs)
  File "/home/airflow/.local/lib/python3.8/site-packages/airflow/models/dagbag.py", line 657, in _sync_to_db
    for attempt in run_with_db_retries(logger=log):
  File "/home/airflow/.local/lib/python3.8/site-packages/tenacity/__init__.py", line 347, in __iter__
    do = self.iter(retry_state=retry_state)
  File "/home/airflow/.local/lib/python3.8/site-packages/tenacity/__init__.py", line 325, in iter
    raise retry_exc.reraise()
  File "/home/airflow/.local/lib/python3.8/site-packages/tenacity/__init__.py", line 158, in reraise
    raise self.last_attempt.result()
  File "/usr/local/lib/python3.8/concurrent/futures/_base.py", line 437, in result
    return self.__get_result()
  File "/usr/local/lib/python3.8/concurrent/futures/_base.py", line 389, in __get_result
    raise self._exception
  File "/home/airflow/.local/lib/python3.8/site-packages/airflow/models/dagbag.py", line 670, in _sync_to_db
    _serialize_dag_capturing_errors(dag, session, processor_subdir)
  File "/home/airflow/.local/lib/python3.8/site-packages/airflow/models/dagbag.py", line 635, in _serialize_dag_capturing_errors
    dag_was_updated = SerializedDagModel.write_dag(
  File "/home/airflow/.local/lib/python3.8/site-packages/airflow/utils/session.py", line 76, in wrapper
    return func(*args, **kwargs)
  File "/home/airflow/.local/lib/python3.8/site-packages/airflow/models/serialized_dag.py", line 157, in write_dag
    if session.scalar(
  File "/home/airflow/.local/lib/python3.8/site-packages/sqlalchemy/orm/session.py", line 1747, in scalar
    return self.execute(
  File "/home/airflow/.local/lib/python3.8/site-packages/sqlalchemy/orm/session.py", line 1716, in execute
    conn = self._connection_for_bind(bind)
  File "/home/airflow/.local/lib/python3.8/site-packages/sqlalchemy/orm/session.py", line 1555, in _connection_for_bind
    return self._transaction._connection_for_bind(
  File "/home/airflow/.local/lib/python3.8/site-packages/sqlalchemy/orm/session.py", line 750, in _connection_for_bind
    conn = bind.connect()
  File "/home/airflow/.local/lib/python3.8/site-packages/sqlalchemy/future/engine.py", line 412, in connect
    return super(Engine, self).connect()
  File "/home/airflow/.local/lib/python3.8/site-packages/sqlalchemy/engine/base.py", line 3325, in connect
    return self._connection_cls(self, close_with_result=close_with_result)
  File "/home/airflow/.local/lib/python3.8/site-packages/sqlalchemy/engine/base.py", line 96, in __init__
    else engine.raw_connection()
  File "/home/airflow/.local/lib/python3.8/site-packages/sqlalchemy/engine/base.py", line 3404, in raw_connection
    return self._wrap_pool_connect(self.pool.connect, _connection)
  File "/home/airflow/.local/lib/python3.8/site-packages/sqlalchemy/engine/base.py", line 3374, in _wrap_pool_connect
    Connection._handle_dbapi_exception_noconnection(
  File "/home/airflow/.local/lib/python3.8/site-packages/sqlalchemy/engine/base.py", line 2208, in _handle_dbapi_exception_noconnection
    util.raise_(
  File "/home/airflow/.local/lib/python3.8/site-packages/sqlalchemy/util/compat.py", line 211, in raise_
    raise exception
  File "/home/airflow/.local/lib/python3.8/site-packages/sqlalchemy/engine/base.py", line 3371, in _wrap_pool_connect
    return fn()
  File "/home/airflow/.local/lib/python3.8/site-packages/sqlalchemy/pool/base.py", line 327, in connect
    return _ConnectionFairy._checkout(self)
  File "/home/airflow/.local/lib/python3.8/site-packages/sqlalchemy/pool/base.py", line 894, in _checkout
    fairy = _ConnectionRecord.checkout(pool)
  File "/home/airflow/.local/lib/python3.8/site-packages/sqlalchemy/pool/base.py", line 493, in checkout
    rec = pool._do_get()
  File "/home/airflow/.local/lib/python3.8/site-packages/sqlalchemy/pool/impl.py", line 146, in _do_get
    self._dec_overflow()
  File "/home/airflow/.local/lib/python3.8/site-packages/sqlalchemy/util/langhelpers.py", line 70, in __exit__
    compat.raise_(
  File "/home/airflow/.local/lib/python3.8/site-packages/sqlalchemy/util/compat.py", line 211, in raise_
    raise exception
  File "/home/airflow/.local/lib/python3.8/site-packages/sqlalchemy/pool/impl.py", line 143, in _do_get
    return self._create_connection()
  File "/home/airflow/.local/lib/python3.8/site-packages/sqlalchemy/pool/base.py", line 273, in _create_connection
    return _ConnectionRecord(self)
  File "/home/airflow/.local/lib/python3.8/site-packages/sqlalchemy/pool/base.py", line 388, in __init__
    self.__connect()
  File "/home/airflow/.local/lib/python3.8/site-packages/sqlalchemy/pool/base.py", line 691, in __connect
    pool.logger.debug("Error on connect(): %s", e)
  File "/home/airflow/.local/lib/python3.8/site-packages/sqlalchemy/util/langhelpers.py", line 70, in __exit__
    compat.raise_(
  File "/home/airflow/.local/lib/python3.8/site-packages/sqlalchemy/util/compat.py", line 211, in raise_
    raise exception
  File "/home/airflow/.local/lib/python3.8/site-packages/sqlalchemy/pool/base.py", line 686, in __connect
    self.dbapi_connection = connection = pool._invoke_creator(self)
  File "/home/airflow/.local/lib/python3.8/site-packages/sqlalchemy/engine/create.py", line 574, in connect
    return dialect.connect(*cargs, **cparams)
  File "/home/airflow/.local/lib/python3.8/site-packages/sqlalchemy/engine/default.py", line 598, in connect
    return self.dbapi.connect(*cargs, **cparams)
  File "/home/airflow/.local/lib/python3.8/site-packages/psycopg2/__init__.py", line 122, in connect
    conn = _connect(dsn, connection_factory=connection_factory, **kwasync)
sqlalchemy.exc.OperationalError: (psycopg2.OperationalError) could not translate host name "postgres" to address: Temporary failure in name resolution

(Background on this error at: https://sqlalche.me/e/14/e3q8)
[2026-08-25T11:13:01.910+0000] {processor.py:161} INFO - Started process (PID=423) to work on /opt/airflow/dags/setup_pagila_sakila.py
[2026-08-25T11:13:02.085+0000] {processor.py:830} INFO - Processing file /opt/airflow/dags/setup_pagila_sakila.py for tasks to queue
[2026-08-25T11:13:02.159+0000] {logging_mixin.py:188} INFO - [2026-08-25T11:13:02.095+0000] {dagbag.py:538} INFO - Filling up the DagBag from /opt/airflow/dags/setup_pagila_sakila.py
[2026-08-25T11:13:03.213+0000] {processor.py:840} INFO - DAG(s) 'setup_pagila_sakila' retrieved from /opt/airflow/dags/setup_pagila_sakila.py
[2026-08-25T11:13:42.027+0000] {processor.py:186} ERROR - Got an exception! Propagating...
Traceback (most recent call last):
  File "/home/airflow/.local/lib/python3.8/site-packages/sqlalchemy/engine/base.py", line 3371, in _wrap_pool_connect
    return fn()
  File "/home/airflow/.local/lib/python3.8/site-packages/sqlalchemy/pool/base.py", line 327, in connect
    return _ConnectionFairy._checkout(self)
  File "/home/airflow/.local/lib/python3.8/site-packages/sqlalchemy/pool/base.py", line 894, in _checkout
    fairy = _ConnectionRecord.checkout(pool)
  File "/home/airflow/.local/lib/python3.8/site-packages/sqlalchemy/pool/base.py", line 493, in checkout
    rec = pool._do_get()
  File "/home/airflow/.local/lib/python3.8/site-packages/sqlalchemy/pool/impl.py", line 146, in _do_get
    self._dec_overflow()
  File "/home/airflow/.local/lib/python3.8/site-packages/sqlalchemy/util/langhelpers.py", line 70, in __exit__
    compat.raise_(
  File "/home/airflow/.local/lib/python3.8/site-packages/sqlalchemy/util/compat.py", line 211, in raise_
    raise exception
  File "/home/airflow/.local/lib/python3.8/site-packages/sqlalchemy/pool/impl.py", line 143, in _do_get
    return self._create_connection()
  File "/home/airflow/.local/lib/python3.8/site-packages/sqlalchemy/pool/base.py", line 273, in _create_connection
    return _ConnectionRecord(self)
  File "/home/airflow/.local/lib/python3.8/site-packages/sqlalchemy/pool/base.py", line 388, in __init__
    self.__connect()
  File "/home/airflow/.local/lib/python3.8/site-packages/sqlalchemy/pool/base.py", line 691, in __connect
    pool.logger.debug("Error on connect(): %s", e)
  File "/home/airflow/.local/lib/python3.8/site-packages/sqlalchemy/util/langhelpers.py", line 70, in __exit__
    compat.raise_(
  File "/home/airflow/.local/lib/python3.8/site-packages/sqlalchemy/util/compat.py", line 211, in raise_
    raise exception
  File "/home/airflow/.local/lib/python3.8/site-packages/sqlalchemy/pool/base.py", line 686, in __connect
    self.dbapi_connection = connection = pool._invoke_creator(self)
  File "/home/airflow/.local/lib/python3.8/site-packages/sqlalchemy/engine/create.py", line 574, in connect
    return dialect.connect(*cargs, **cparams)
  File "/home/airflow/.local/lib/python3.8/site-packages/sqlalchemy/engine/default.py", line 598, in connect
    return self.dbapi.connect(*cargs, **cparams)
  File "/home/airflow/.local/lib/python3.8/site-packages/psycopg2/__init__.py", line 122, in connect
    conn = _connect(dsn, connection_factory=connection_factory, **kwasync)
psycopg2.OperationalError: could not translate host name "postgres" to address: Temporary failure in name resolution


The above exception was the direct cause of the following exception:

Traceback (most recent call last):
  File "/home/airflow/.local/lib/python3.8/site-packages/airflow/dag_processing/processor.py", line 182, in _run_file_processor
    _handle_dag_file_processing()
  File "/home/airflow/.local/lib/python3.8/site-packages/airflow/dag_processing/processor.py", line 163, in _handle_dag_file_processing
    result: tuple[int, int] = dag_file_processor.process_file(
  File "/home/airflow/.local/lib/python3.8/site-packages/airflow/utils/session.py", line 79, in wrapper
    return func(*args, session=session, **kwargs)
  File "/home/airflow/.local/lib/python3.8/site-packages/airflow/dag_processing/processor.py", line 859, in process_file
    serialize_errors = DagFileProcessor.save_dag_to_db(
  File "/home/airflow/.local/lib/python3.8/site-packages/airflow/api_internal/internal_api_call.py", line 114, in wrapper
    return func(*args, **kwargs)
  File "/home/airflow/.local/lib/python3.8/site-packages/airflow/utils/session.py", line 79, in wrapper
    return func(*args, session=session, **kwargs)
  File "/home/airflow/.local/lib/python3.8/site-packages/airflow/dag_processing/processor.py", line 895, in save_dag_to_db
    import_errors = DagBag._sync_to_db(dags=dags, processor_subdir=dag_directory, session=session)
  File "/home/airflow/.local/lib/python3.8/site-packages/airflow/utils/session.py", line 76, in wrapper
    return func(*args, **kwargs)
  File "/home/airflow/.local/lib/python3.8/site-packages/airflow/models/dagbag.py", line 657, in _sync_to_db
    for attempt in run_with_db_retries(logger=log):
  File "/home/airflow/.local/lib/python3.8/site-packages/tenacity/__init__.py", line 347, in __iter__
    do = self.iter(retry_state=retry_state)
  File "/home/airflow/.local/lib/python3.8/site-packages/tenacity/__init__.py", line 325, in iter
    raise retry_exc.reraise()
  File "/home/airflow/.local/lib/python3.8/site-packages/tenacity/__init__.py", line 158, in reraise
    raise self.last_attempt.result()
  File "/usr/local/lib/python3.8/concurrent/futures/_base.py", line 437, in result
    return self.__get_result()
  File "/usr/local/lib/python3.8/concurrent/futures/_base.py", line 389, in __get_result
    raise self._exception
  File "/home/airflow/.local/lib/python3.8/site-packages/airflow/models/dagbag.py", line 670, in _sync_to_db
    _serialize_dag_capturing_errors(dag, session, processor_subdir)
  File "/home/airflow/.local/lib/python3.8/site-packages/airflow/models/dagbag.py", line 635, in _serialize_dag_capturing_errors
    dag_was_updated = SerializedDagModel.write_dag(
  File "/home/airflow/.local/lib/python3.8/site-packages/airflow/utils/session.py", line 76, in wrapper
    return func(*args, **kwargs)
  File "/home/airflow/.local/lib/python3.8/site-packages/airflow/models/serialized_dag.py", line 157, in write_dag
    if session.scalar(
  File "/home/airflow/.local/lib/python3.8/site-packages/sqlalchemy/orm/session.py", line 1747, in scalar
    return self.execute(
  File "/home/airflow/.local/lib/python3.8/site-packages/sqlalchemy/orm/session.py", line 1716, in execute
    conn = self._connection_for_bind(bind)
  File "/home/airflow/.local/lib/python3.8/site-packages/sqlalchemy/orm/session.py", line 1555, in _connection_for_bind
    return self._transaction._connection_for_bind(
  File "/home/airflow/.local/lib/python3.8/site-packages/sqlalchemy/orm/session.py", line 750, in _connection_for_bind
    conn = bind.connect()
  File "/home/airflow/.local/lib/python3.8/site-packages/sqlalchemy/future/engine.py", line 412, in connect
    return super(Engine, self).connect()
  File "/home/airflow/.local/lib/python3.8/site-packages/sqlalchemy/engine/base.py", line 3325, in connect
    return self._connection_cls(self, close_with_result=close_with_result)
  File "/home/airflow/.local/lib/python3.8/site-packages/sqlalchemy/engine/base.py", line 96, in __init__
    else engine.raw_connection()
  File "/home/airflow/.local/lib/python3.8/site-packages/sqlalchemy/engine/base.py", line 3404, in raw_connection
    return self._wrap_pool_connect(self.pool.connect, _connection)
  File "/home/airflow/.local/lib/python3.8/site-packages/sqlalchemy/engine/base.py", line 3374, in _wrap_pool_connect
    Connection._handle_dbapi_exception_noconnection(
  File "/home/airflow/.local/lib/python3.8/site-packages/sqlalchemy/engine/base.py", line 2208, in _handle_dbapi_exception_noconnection
    util.raise_(
  File "/home/airflow/.local/lib/python3.8/site-packages/sqlalchemy/util/compat.py", line 211, in raise_
    raise exception
  File "/home/airflow/.local/lib/python3.8/site-packages/sqlalchemy/engine/base.py", line 3371, in _wrap_pool_connect
    return fn()
  File "/home/airflow/.local/lib/python3.8/site-packages/sqlalchemy/pool/base.py", line 327, in connect
    return _ConnectionFairy._checkout(self)
  File "/home/airflow/.local/lib/python3.8/site-packages/sqlalchemy/pool/base.py", line 894, in _checkout
    fairy = _ConnectionRecord.checkout(pool)
  File "/home/airflow/.local/lib/python3.8/site-packages/sqlalchemy/pool/base.py", line 493, in checkout
    rec = pool._do_get()
  File "/home/airflow/.local/lib/python3.8/site-packages/sqlalchemy/pool/impl.py", line 146, in _do_get
    self._dec_overflow()
  File "/home/airflow/.local/lib/python3.8/site-packages/sqlalchemy/util/langhelpers.py", line 70, in __exit__
    compat.raise_(
  File "/home/airflow/.local/lib/python3.8/site-packages/sqlalchemy/util/compat.py", line 211, in raise_
    raise exception
  File "/home/airflow/.local/lib/python3.8/site-packages/sqlalchemy/pool/impl.py", line 143, in _do_get
    return self._create_connection()
  File "/home/airflow/.local/lib/python3.8/site-packages/sqlalchemy/pool/base.py", line 273, in _create_connection
    return _ConnectionRecord(self)
  File "/home/airflow/.local/lib/python3.8/site-packages/sqlalchemy/pool/base.py", line 388, in __init__
    self.__connect()
  File "/home/airflow/.local/lib/python3.8/site-packages/sqlalchemy/pool/base.py", line 691, in __connect
    pool.logger.debug("Error on connect(): %s", e)
  File "/home/airflow/.local/lib/python3.8/site-packages/sqlalchemy/util/langhelpers.py", line 70, in __exit__
    compat.raise_(
  File "/home/airflow/.local/lib/python3.8/site-packages/sqlalchemy/util/compat.py", line 211, in raise_
    raise exception
  File "/home/airflow/.local/lib/python3.8/site-packages/sqlalchemy/pool/base.py", line 686, in __connect
    self.dbapi_connection = connection = pool._invoke_creator(self)
  File "/home/airflow/.local/lib/python3.8/site-packages/sqlalchemy/engine/create.py", line 574, in connect
    return dialect.connect(*cargs, **cparams)
  File "/home/airflow/.local/lib/python3.8/site-packages/sqlalchemy/engine/default.py", line 598, in connect
    return self.dbapi.connect(*cargs, **cparams)
  File "/home/airflow/.local/lib/python3.8/site-packages/psycopg2/__init__.py", line 122, in connect
    conn = _connect(dsn, connection_factory=connection_factory, **kwasync)
sqlalchemy.exc.OperationalError: (psycopg2.OperationalError) could not translate host name "postgres" to address: Temporary failure in name resolution

(Background on this error at: https://sqlalche.me/e/14/e3q8)
[2026-08-25T11:14:19.539+0000] {processor.py:161} INFO - Started process (PID=428) to work on /opt/airflow/dags/setup_pagila_sakila.py
[2026-08-25T11:14:19.563+0000] {processor.py:830} INFO - Processing file /opt/airflow/dags/setup_pagila_sakila.py for tasks to queue
[2026-08-25T11:14:19.582+0000] {logging_mixin.py:188} INFO - [2026-08-25T11:14:19.578+0000] {dagbag.py:538} INFO - Filling up the DagBag from /opt/airflow/dags/setup_pagila_sakila.py
[2026-08-25T11:14:23.314+0000] {processor.py:840} INFO - DAG(s) 'setup_pagila_sakila' retrieved from /opt/airflow/dags/setup_pagila_sakila.py
[2026-08-25T11:14:58.892+0000] {processor.py:186} ERROR - Got an exception! Propagating...
Traceback (most recent call last):
  File "/home/airflow/.local/lib/python3.8/site-packages/sqlalchemy/engine/base.py", line 3371, in _wrap_pool_connect
    return fn()
  File "/home/airflow/.local/lib/python3.8/site-packages/sqlalchemy/pool/base.py", line 327, in connect
    return _ConnectionFairy._checkout(self)
  File "/home/airflow/.local/lib/python3.8/site-packages/sqlalchemy/pool/base.py", line 894, in _checkout
    fairy = _ConnectionRecord.checkout(pool)
  File "/home/airflow/.local/lib/python3.8/site-packages/sqlalchemy/pool/base.py", line 493, in checkout
    rec = pool._do_get()
  File "/home/airflow/.local/lib/python3.8/site-packages/sqlalchemy/pool/impl.py", line 146, in _do_get
    self._dec_overflow()
  File "/home/airflow/.local/lib/python3.8/site-packages/sqlalchemy/util/langhelpers.py", line 70, in __exit__
    compat.raise_(
  File "/home/airflow/.local/lib/python3.8/site-packages/sqlalchemy/util/compat.py", line 211, in raise_
    raise exception
  File "/home/airflow/.local/lib/python3.8/site-packages/sqlalchemy/pool/impl.py", line 143, in _do_get
    return self._create_connection()
  File "/home/airflow/.local/lib/python3.8/site-packages/sqlalchemy/pool/base.py", line 273, in _create_connection
    return _ConnectionRecord(self)
  File "/home/airflow/.local/lib/python3.8/site-packages/sqlalchemy/pool/base.py", line 388, in __init__
    self.__connect()
  File "/home/airflow/.local/lib/python3.8/site-packages/sqlalchemy/pool/base.py", line 691, in __connect
    pool.logger.debug("Error on connect(): %s", e)
  File "/home/airflow/.local/lib/python3.8/site-packages/sqlalchemy/util/langhelpers.py", line 70, in __exit__
    compat.raise_(
  File "/home/airflow/.local/lib/python3.8/site-packages/sqlalchemy/util/compat.py", line 211, in raise_
    raise exception
  File "/home/airflow/.local/lib/python3.8/site-packages/sqlalchemy/pool/base.py", line 686, in __connect
    self.dbapi_connection = connection = pool._invoke_creator(self)
  File "/home/airflow/.local/lib/python3.8/site-packages/sqlalchemy/engine/create.py", line 574, in connect
    return dialect.connect(*cargs, **cparams)
  File "/home/airflow/.local/lib/python3.8/site-packages/sqlalchemy/engine/default.py", line 598, in connect
    return self.dbapi.connect(*cargs, **cparams)
  File "/home/airflow/.local/lib/python3.8/site-packages/psycopg2/__init__.py", line 122, in connect
    conn = _connect(dsn, connection_factory=connection_factory, **kwasync)
psycopg2.OperationalError: could not translate host name "postgres" to address: Temporary failure in name resolution


The above exception was the direct cause of the following exception:

Traceback (most recent call last):
  File "/home/airflow/.local/lib/python3.8/site-packages/airflow/dag_processing/processor.py", line 182, in _run_file_processor
    _handle_dag_file_processing()
  File "/home/airflow/.local/lib/python3.8/site-packages/airflow/dag_processing/processor.py", line 163, in _handle_dag_file_processing
    result: tuple[int, int] = dag_file_processor.process_file(
  File "/home/airflow/.local/lib/python3.8/site-packages/airflow/utils/session.py", line 79, in wrapper
    return func(*args, session=session, **kwargs)
  File "/home/airflow/.local/lib/python3.8/site-packages/airflow/dag_processing/processor.py", line 859, in process_file
    serialize_errors = DagFileProcessor.save_dag_to_db(
  File "/home/airflow/.local/lib/python3.8/site-packages/airflow/api_internal/internal_api_call.py", line 114, in wrapper
    return func(*args, **kwargs)
  File "/home/airflow/.local/lib/python3.8/site-packages/airflow/utils/session.py", line 79, in wrapper
    return func(*args, session=session, **kwargs)
  File "/home/airflow/.local/lib/python3.8/site-packages/airflow/dag_processing/processor.py", line 895, in save_dag_to_db
    import_errors = DagBag._sync_to_db(dags=dags, processor_subdir=dag_directory, session=session)
  File "/home/airflow/.local/lib/python3.8/site-packages/airflow/utils/session.py", line 76, in wrapper
    return func(*args, **kwargs)
  File "/home/airflow/.local/lib/python3.8/site-packages/airflow/models/dagbag.py", line 657, in _sync_to_db
    for attempt in run_with_db_retries(logger=log):
  File "/home/airflow/.local/lib/python3.8/site-packages/tenacity/__init__.py", line 347, in __iter__
    do = self.iter(retry_state=retry_state)
  File "/home/airflow/.local/lib/python3.8/site-packages/tenacity/__init__.py", line 325, in iter
    raise retry_exc.reraise()
  File "/home/airflow/.local/lib/python3.8/site-packages/tenacity/__init__.py", line 158, in reraise
    raise self.last_attempt.result()
  File "/usr/local/lib/python3.8/concurrent/futures/_base.py", line 437, in result
    return self.__get_result()
  File "/usr/local/lib/python3.8/concurrent/futures/_base.py", line 389, in __get_result
    raise self._exception
  File "/home/airflow/.local/lib/python3.8/site-packages/airflow/models/dagbag.py", line 670, in _sync_to_db
    _serialize_dag_capturing_errors(dag, session, processor_subdir)
  File "/home/airflow/.local/lib/python3.8/site-packages/airflow/models/dagbag.py", line 635, in _serialize_dag_capturing_errors
    dag_was_updated = SerializedDagModel.write_dag(
  File "/home/airflow/.local/lib/python3.8/site-packages/airflow/utils/session.py", line 76, in wrapper
    return func(*args, **kwargs)
  File "/home/airflow/.local/lib/python3.8/site-packages/airflow/models/serialized_dag.py", line 157, in write_dag
    if session.scalar(
  File "/home/airflow/.local/lib/python3.8/site-packages/sqlalchemy/orm/session.py", line 1747, in scalar
    return self.execute(
  File "/home/airflow/.local/lib/python3.8/site-packages/sqlalchemy/orm/session.py", line 1716, in execute
    conn = self._connection_for_bind(bind)
  File "/home/airflow/.local/lib/python3.8/site-packages/sqlalchemy/orm/session.py", line 1555, in _connection_for_bind
    return self._transaction._connection_for_bind(
  File "/home/airflow/.local/lib/python3.8/site-packages/sqlalchemy/orm/session.py", line 750, in _connection_for_bind
    conn = bind.connect()
  File "/home/airflow/.local/lib/python3.8/site-packages/sqlalchemy/future/engine.py", line 412, in connect
    return super(Engine, self).connect()
  File "/home/airflow/.local/lib/python3.8/site-packages/sqlalchemy/engine/base.py", line 3325, in connect
    return self._connection_cls(self, close_with_result=close_with_result)
  File "/home/airflow/.local/lib/python3.8/site-packages/sqlalchemy/engine/base.py", line 96, in __init__
    else engine.raw_connection()
  File "/home/airflow/.local/lib/python3.8/site-packages/sqlalchemy/engine/base.py", line 3404, in raw_connection
    return self._wrap_pool_connect(self.pool.connect, _connection)
  File "/home/airflow/.local/lib/python3.8/site-packages/sqlalchemy/engine/base.py", line 3374, in _wrap_pool_connect
    Connection._handle_dbapi_exception_noconnection(
  File "/home/airflow/.local/lib/python3.8/site-packages/sqlalchemy/engine/base.py", line 2208, in _handle_dbapi_exception_noconnection
    util.raise_(
  File "/home/airflow/.local/lib/python3.8/site-packages/sqlalchemy/util/compat.py", line 211, in raise_
    raise exception
  File "/home/airflow/.local/lib/python3.8/site-packages/sqlalchemy/engine/base.py", line 3371, in _wrap_pool_connect
    return fn()
  File "/home/airflow/.local/lib/python3.8/site-packages/sqlalchemy/pool/base.py", line 327, in connect
    return _ConnectionFairy._checkout(self)
  File "/home/airflow/.local/lib/python3.8/site-packages/sqlalchemy/pool/base.py", line 894, in _checkout
    fairy = _ConnectionRecord.checkout(pool)
  File "/home/airflow/.local/lib/python3.8/site-packages/sqlalchemy/pool/base.py", line 493, in checkout
    rec = pool._do_get()
  File "/home/airflow/.local/lib/python3.8/site-packages/sqlalchemy/pool/impl.py", line 146, in _do_get
    self._dec_overflow()
  File "/home/airflow/.local/lib/python3.8/site-packages/sqlalchemy/util/langhelpers.py", line 70, in __exit__
    compat.raise_(
  File "/home/airflow/.local/lib/python3.8/site-packages/sqlalchemy/util/compat.py", line 211, in raise_
    raise exception
  File "/home/airflow/.local/lib/python3.8/site-packages/sqlalchemy/pool/impl.py", line 143, in _do_get
    return self._create_connection()
  File "/home/airflow/.local/lib/python3.8/site-packages/sqlalchemy/pool/base.py", line 273, in _create_connection
    return _ConnectionRecord(self)
  File "/home/airflow/.local/lib/python3.8/site-packages/sqlalchemy/pool/base.py", line 388, in __init__
    self.__connect()
  File "/home/airflow/.local/lib/python3.8/site-packages/sqlalchemy/pool/base.py", line 691, in __connect
    pool.logger.debug("Error on connect(): %s", e)
  File "/home/airflow/.local/lib/python3.8/site-packages/sqlalchemy/util/langhelpers.py", line 70, in __exit__
    compat.raise_(
  File "/home/airflow/.local/lib/python3.8/site-packages/sqlalchemy/util/compat.py", line 211, in raise_
    raise exception
  File "/home/airflow/.local/lib/python3.8/site-packages/sqlalchemy/pool/base.py", line 686, in __connect
    self.dbapi_connection = connection = pool._invoke_creator(self)
  File "/home/airflow/.local/lib/python3.8/site-packages/sqlalchemy/engine/create.py", line 574, in connect
    return dialect.connect(*cargs, **cparams)
  File "/home/airflow/.local/lib/python3.8/site-packages/sqlalchemy/engine/default.py", line 598, in connect
    return self.dbapi.connect(*cargs, **cparams)
  File "/home/airflow/.local/lib/python3.8/site-packages/psycopg2/__init__.py", line 122, in connect
    conn = _connect(dsn, connection_factory=connection_factory, **kwasync)
sqlalchemy.exc.OperationalError: (psycopg2.OperationalError) could not translate host name "postgres" to address: Temporary failure in name resolution

(Background on this error at: https://sqlalche.me/e/14/e3q8)
[2026-08-25T11:15:44.037+0000] {processor.py:161} INFO - Started process (PID=433) to work on /opt/airflow/dags/setup_pagila_sakila.py
[2026-08-25T11:15:44.118+0000] {processor.py:830} INFO - Processing file /opt/airflow/dags/setup_pagila_sakila.py for tasks to queue
[2026-08-25T11:15:44.342+0000] {logging_mixin.py:188} INFO - [2026-08-25T11:15:44.234+0000] {dagbag.py:538} INFO - Filling up the DagBag from /opt/airflow/dags/setup_pagila_sakila.py
[2026-08-25T11:15:59.688+0000] {processor.py:840} INFO - DAG(s) 'setup_pagila_sakila' retrieved from /opt/airflow/dags/setup_pagila_sakila.py
[2026-08-25T11:17:08.523+0000] {processor.py:161} INFO - Started process (PID=436) to work on /opt/airflow/dags/setup_pagila_sakila.py
[2026-08-25T11:17:08.618+0000] {processor.py:830} INFO - Processing file /opt/airflow/dags/setup_pagila_sakila.py for tasks to queue
[2026-08-25T11:17:08.828+0000] {logging_mixin.py:188} INFO - [2026-08-25T11:17:08.685+0000] {dagbag.py:538} INFO - Filling up the DagBag from /opt/airflow/dags/setup_pagila_sakila.py
[2026-08-25T11:17:15.949+0000] {processor.py:840} INFO - DAG(s) 'setup_pagila_sakila' retrieved from /opt/airflow/dags/setup_pagila_sakila.py
[2026-08-25T11:18:44.087+0000] {processor.py:161} INFO - Started process (PID=205) to work on /opt/airflow/dags/setup_pagila_sakila.py
[2026-08-25T11:18:44.091+0000] {processor.py:830} INFO - Processing file /opt/airflow/dags/setup_pagila_sakila.py for tasks to queue
[2026-08-25T11:18:44.093+0000] {logging_mixin.py:188} INFO - [2026-08-25T11:18:44.092+0000] {dagbag.py:538} INFO - Filling up the DagBag from /opt/airflow/dags/setup_pagila_sakila.py
[2026-08-25T11:18:44.134+0000] {processor.py:840} INFO - DAG(s) 'setup_pagila_sakila' retrieved from /opt/airflow/dags/setup_pagila_sakila.py
[2026-08-25T11:18:44.274+0000] {logging_mixin.py:188} INFO - [2026-08-25T11:18:44.274+0000] {dag.py:3036} INFO - Sync 1 DAGs
[2026-08-25T11:18:44.287+0000] {logging_mixin.py:188} INFO - [2026-08-25T11:18:44.286+0000] {dag.py:3823} INFO - Setting next_dagrun for setup_pagila_sakila to None, run_after=None
[2026-08-25T11:18:44.308+0000] {processor.py:183} INFO - Processing /opt/airflow/dags/setup_pagila_sakila.py took 0.234 seconds
[2026-08-25T11:19:14.466+0000] {processor.py:161} INFO - Started process (PID=210) to work on /opt/airflow/dags/setup_pagila_sakila.py
[2026-08-25T11:19:14.475+0000] {processor.py:830} INFO - Processing file /opt/airflow/dags/setup_pagila_sakila.py for tasks to queue
[2026-08-25T11:19:14.480+0000] {logging_mixin.py:188} INFO - [2026-08-25T11:19:14.479+0000] {dagbag.py:538} INFO - Filling up the DagBag from /opt/airflow/dags/setup_pagila_sakila.py
[2026-08-25T11:19:14.528+0000] {processor.py:840} INFO - DAG(s) 'setup_pagila_sakila' retrieved from /opt/airflow/dags/setup_pagila_sakila.py
[2026-08-25T11:19:14.605+0000] {logging_mixin.py:188} INFO - [2026-08-25T11:19:14.604+0000] {dag.py:3036} INFO - Sync 1 DAGs
[2026-08-25T11:19:14.696+0000] {logging_mixin.py:188} INFO - [2026-08-25T11:19:14.696+0000] {dag.py:3823} INFO - Setting next_dagrun for setup_pagila_sakila to None, run_after=None
[2026-08-25T11:19:14.764+0000] {processor.py:183} INFO - Processing /opt/airflow/dags/setup_pagila_sakila.py took 0.306 seconds
[2026-08-25T11:19:44.967+0000] {processor.py:161} INFO - Started process (PID=215) to work on /opt/airflow/dags/setup_pagila_sakila.py
[2026-08-25T11:19:44.972+0000] {processor.py:830} INFO - Processing file /opt/airflow/dags/setup_pagila_sakila.py for tasks to queue
[2026-08-25T11:19:44.976+0000] {logging_mixin.py:188} INFO - [2026-08-25T11:19:44.975+0000] {dagbag.py:538} INFO - Filling up the DagBag from /opt/airflow/dags/setup_pagila_sakila.py
[2026-08-25T11:19:45.028+0000] {processor.py:840} INFO - DAG(s) 'setup_pagila_sakila' retrieved from /opt/airflow/dags/setup_pagila_sakila.py
[2026-08-25T11:19:45.089+0000] {logging_mixin.py:188} INFO - [2026-08-25T11:19:45.088+0000] {dag.py:3036} INFO - Sync 1 DAGs
[2026-08-25T11:19:45.121+0000] {logging_mixin.py:188} INFO - [2026-08-25T11:19:45.121+0000] {dag.py:3823} INFO - Setting next_dagrun for setup_pagila_sakila to None, run_after=None
[2026-08-25T11:19:45.152+0000] {processor.py:183} INFO - Processing /opt/airflow/dags/setup_pagila_sakila.py took 0.194 seconds
[2026-08-25T11:20:15.340+0000] {processor.py:161} INFO - Started process (PID=220) to work on /opt/airflow/dags/setup_pagila_sakila.py
[2026-08-25T11:20:15.342+0000] {processor.py:830} INFO - Processing file /opt/airflow/dags/setup_pagila_sakila.py for tasks to queue
[2026-08-25T11:20:15.346+0000] {logging_mixin.py:188} INFO - [2026-08-25T11:20:15.346+0000] {dagbag.py:538} INFO - Filling up the DagBag from /opt/airflow/dags/setup_pagila_sakila.py
[2026-08-25T11:20:15.456+0000] {processor.py:840} INFO - DAG(s) 'setup_pagila_sakila' retrieved from /opt/airflow/dags/setup_pagila_sakila.py
[2026-08-25T11:20:15.548+0000] {logging_mixin.py:188} INFO - [2026-08-25T11:20:15.548+0000] {dag.py:3036} INFO - Sync 1 DAGs
[2026-08-25T11:20:15.573+0000] {logging_mixin.py:188} INFO - [2026-08-25T11:20:15.573+0000] {dag.py:3823} INFO - Setting next_dagrun for setup_pagila_sakila to None, run_after=None
[2026-08-25T11:20:15.601+0000] {processor.py:183} INFO - Processing /opt/airflow/dags/setup_pagila_sakila.py took 0.267 seconds
[2026-08-25T11:20:45.749+0000] {processor.py:161} INFO - Started process (PID=225) to work on /opt/airflow/dags/setup_pagila_sakila.py
[2026-08-25T11:20:45.751+0000] {processor.py:830} INFO - Processing file /opt/airflow/dags/setup_pagila_sakila.py for tasks to queue
[2026-08-25T11:20:45.754+0000] {logging_mixin.py:188} INFO - [2026-08-25T11:20:45.753+0000] {dagbag.py:538} INFO - Filling up the DagBag from /opt/airflow/dags/setup_pagila_sakila.py
[2026-08-25T11:20:45.777+0000] {processor.py:840} INFO - DAG(s) 'setup_pagila_sakila' retrieved from /opt/airflow/dags/setup_pagila_sakila.py
[2026-08-25T11:20:45.818+0000] {logging_mixin.py:188} INFO - [2026-08-25T11:20:45.818+0000] {dag.py:3036} INFO - Sync 1 DAGs
[2026-08-25T11:20:45.874+0000] {logging_mixin.py:188} INFO - [2026-08-25T11:20:45.873+0000] {dag.py:3823} INFO - Setting next_dagrun for setup_pagila_sakila to None, run_after=None
[2026-08-25T11:20:45.910+0000] {processor.py:183} INFO - Processing /opt/airflow/dags/setup_pagila_sakila.py took 0.167 seconds
[2026-08-25T11:21:16.060+0000] {processor.py:161} INFO - Started process (PID=230) to work on /opt/airflow/dags/setup_pagila_sakila.py
[2026-08-25T11:21:16.062+0000] {processor.py:830} INFO - Processing file /opt/airflow/dags/setup_pagila_sakila.py for tasks to queue
[2026-08-25T11:21:16.063+0000] {logging_mixin.py:188} INFO - [2026-08-25T11:21:16.063+0000] {dagbag.py:538} INFO - Filling up the DagBag from /opt/airflow/dags/setup_pagila_sakila.py
[2026-08-25T11:21:16.081+0000] {processor.py:840} INFO - DAG(s) 'setup_pagila_sakila' retrieved from /opt/airflow/dags/setup_pagila_sakila.py
[2026-08-25T11:21:16.111+0000] {logging_mixin.py:188} INFO - [2026-08-25T11:21:16.111+0000] {dag.py:3036} INFO - Sync 1 DAGs
[2026-08-25T11:21:16.124+0000] {logging_mixin.py:188} INFO - [2026-08-25T11:21:16.124+0000] {dag.py:3823} INFO - Setting next_dagrun for setup_pagila_sakila to None, run_after=None
[2026-08-25T11:21:16.144+0000] {processor.py:183} INFO - Processing /opt/airflow/dags/setup_pagila_sakila.py took 0.088 seconds
[2026-08-25T11:21:46.200+0000] {processor.py:161} INFO - Started process (PID=235) to work on /opt/airflow/dags/setup_pagila_sakila.py
[2026-08-25T11:21:46.201+0000] {processor.py:830} INFO - Processing file /opt/airflow/dags/setup_pagila_sakila.py for tasks to queue
[2026-08-25T11:21:46.203+0000] {logging_mixin.py:188} INFO - [2026-08-25T11:21:46.202+0000] {dagbag.py:538} INFO - Filling up the DagBag from /opt/airflow/dags/setup_pagila_sakila.py
[2026-08-25T11:21:46.221+0000] {processor.py:840} INFO - DAG(s) 'setup_pagila_sakila' retrieved from /opt/airflow/dags/setup_pagila_sakila.py
[2026-08-25T11:21:46.256+0000] {logging_mixin.py:188} INFO - [2026-08-25T11:21:46.256+0000] {dag.py:3036} INFO - Sync 1 DAGs
[2026-08-25T11:21:46.271+0000] {logging_mixin.py:188} INFO - [2026-08-25T11:21:46.271+0000] {dag.py:3823} INFO - Setting next_dagrun for setup_pagila_sakila to None, run_after=None
[2026-08-25T11:21:46.290+0000] {processor.py:183} INFO - Processing /opt/airflow/dags/setup_pagila_sakila.py took 0.094 seconds
[2026-08-25T11:22:16.462+0000] {processor.py:161} INFO - Started process (PID=240) to work on /opt/airflow/dags/setup_pagila_sakila.py
[2026-08-25T11:22:16.463+0000] {processor.py:830} INFO - Processing file /opt/airflow/dags/setup_pagila_sakila.py for tasks to queue
[2026-08-25T11:22:16.464+0000] {logging_mixin.py:188} INFO - [2026-08-25T11:22:16.464+0000] {dagbag.py:538} INFO - Filling up the DagBag from /opt/airflow/dags/setup_pagila_sakila.py
[2026-08-25T11:22:16.478+0000] {processor.py:840} INFO - DAG(s) 'setup_pagila_sakila' retrieved from /opt/airflow/dags/setup_pagila_sakila.py
[2026-08-25T11:22:16.501+0000] {logging_mixin.py:188} INFO - [2026-08-25T11:22:16.501+0000] {dag.py:3036} INFO - Sync 1 DAGs
[2026-08-25T11:22:16.512+0000] {logging_mixin.py:188} INFO - [2026-08-25T11:22:16.512+0000] {dag.py:3823} INFO - Setting next_dagrun for setup_pagila_sakila to None, run_after=None
[2026-08-25T11:22:16.533+0000] {processor.py:183} INFO - Processing /opt/airflow/dags/setup_pagila_sakila.py took 0.074 seconds
[2026-08-25T11:22:46.621+0000] {processor.py:161} INFO - Started process (PID=245) to work on /opt/airflow/dags/setup_pagila_sakila.py
[2026-08-25T11:22:46.622+0000] {processor.py:830} INFO - Processing file /opt/airflow/dags/setup_pagila_sakila.py for tasks to queue
[2026-08-25T11:22:46.623+0000] {logging_mixin.py:188} INFO - [2026-08-25T11:22:46.623+0000] {dagbag.py:538} INFO - Filling up the DagBag from /opt/airflow/dags/setup_pagila_sakila.py
[2026-08-25T11:22:46.640+0000] {processor.py:840} INFO - DAG(s) 'setup_pagila_sakila' retrieved from /opt/airflow/dags/setup_pagila_sakila.py
[2026-08-25T11:22:46.667+0000] {logging_mixin.py:188} INFO - [2026-08-25T11:22:46.667+0000] {dag.py:3036} INFO - Sync 1 DAGs
[2026-08-25T11:22:46.681+0000] {logging_mixin.py:188} INFO - [2026-08-25T11:22:46.681+0000] {dag.py:3823} INFO - Setting next_dagrun for setup_pagila_sakila to None, run_after=None
[2026-08-25T11:22:46.698+0000] {processor.py:183} INFO - Processing /opt/airflow/dags/setup_pagila_sakila.py took 0.081 seconds
[2026-08-25T11:23:16.822+0000] {processor.py:161} INFO - Started process (PID=250) to work on /opt/airflow/dags/setup_pagila_sakila.py
[2026-08-25T11:23:16.823+0000] {processor.py:830} INFO - Processing file /opt/airflow/dags/setup_pagila_sakila.py for tasks to queue
[2026-08-25T11:23:16.824+0000] {logging_mixin.py:188} INFO - [2026-08-25T11:23:16.824+0000] {dagbag.py:538} INFO - Filling up the DagBag from /opt/airflow/dags/setup_pagila_sakila.py
[2026-08-25T11:23:16.841+0000] {processor.py:840} INFO - DAG(s) 'setup_pagila_sakila' retrieved from /opt/airflow/dags/setup_pagila_sakila.py
[2026-08-25T11:23:16.871+0000] {logging_mixin.py:188} INFO - [2026-08-25T11:23:16.871+0000] {dag.py:3036} INFO - Sync 1 DAGs
[2026-08-25T11:23:16.884+0000] {logging_mixin.py:188} INFO - [2026-08-25T11:23:16.884+0000] {dag.py:3823} INFO - Setting next_dagrun for setup_pagila_sakila to None, run_after=None
[2026-08-25T11:23:16.903+0000] {processor.py:183} INFO - Processing /opt/airflow/dags/setup_pagila_sakila.py took 0.084 seconds
[2026-08-25T11:23:46.975+0000] {processor.py:161} INFO - Started process (PID=255) to work on /opt/airflow/dags/setup_pagila_sakila.py
[2026-08-25T11:23:46.976+0000] {processor.py:830} INFO - Processing file /opt/airflow/dags/setup_pagila_sakila.py for tasks to queue
[2026-08-25T11:23:46.978+0000] {logging_mixin.py:188} INFO - [2026-08-25T11:23:46.977+0000] {dagbag.py:538} INFO - Filling up the DagBag from /opt/airflow/dags/setup_pagila_sakila.py
[2026-08-25T11:23:46.993+0000] {processor.py:840} INFO - DAG(s) 'setup_pagila_sakila' retrieved from /opt/airflow/dags/setup_pagila_sakila.py
[2026-08-25T11:23:47.021+0000] {logging_mixin.py:188} INFO - [2026-08-25T11:23:47.020+0000] {dag.py:3036} INFO - Sync 1 DAGs
[2026-08-25T11:23:47.035+0000] {logging_mixin.py:188} INFO - [2026-08-25T11:23:47.034+0000] {dag.py:3823} INFO - Setting next_dagrun for setup_pagila_sakila to None, run_after=None
[2026-08-25T11:23:47.054+0000] {processor.py:183} INFO - Processing /opt/airflow/dags/setup_pagila_sakila.py took 0.083 seconds
[2026-08-25T11:24:17.170+0000] {processor.py:161} INFO - Started process (PID=260) to work on /opt/airflow/dags/setup_pagila_sakila.py
[2026-08-25T11:24:17.171+0000] {processor.py:830} INFO - Processing file /opt/airflow/dags/setup_pagila_sakila.py for tasks to queue
[2026-08-25T11:24:17.173+0000] {logging_mixin.py:188} INFO - [2026-08-25T11:24:17.172+0000] {dagbag.py:538} INFO - Filling up the DagBag from /opt/airflow/dags/setup_pagila_sakila.py
[2026-08-25T11:24:17.189+0000] {processor.py:840} INFO - DAG(s) 'setup_pagila_sakila' retrieved from /opt/airflow/dags/setup_pagila_sakila.py
[2026-08-25T11:24:17.216+0000] {logging_mixin.py:188} INFO - [2026-08-25T11:24:17.215+0000] {dag.py:3036} INFO - Sync 1 DAGs
[2026-08-25T11:24:17.228+0000] {logging_mixin.py:188} INFO - [2026-08-25T11:24:17.228+0000] {dag.py:3823} INFO - Setting next_dagrun for setup_pagila_sakila to None, run_after=None
[2026-08-25T11:24:17.247+0000] {processor.py:183} INFO - Processing /opt/airflow/dags/setup_pagila_sakila.py took 0.080 seconds
[2026-08-25T11:24:47.315+0000] {processor.py:161} INFO - Started process (PID=265) to work on /opt/airflow/dags/setup_pagila_sakila.py
[2026-08-25T11:24:47.316+0000] {processor.py:830} INFO - Processing file /opt/airflow/dags/setup_pagila_sakila.py for tasks to queue
[2026-08-25T11:24:47.318+0000] {logging_mixin.py:188} INFO - [2026-08-25T11:24:47.318+0000] {dagbag.py:538} INFO - Filling up the DagBag from /opt/airflow/dags/setup_pagila_sakila.py
[2026-08-25T11:24:47.338+0000] {processor.py:840} INFO - DAG(s) 'setup_pagila_sakila' retrieved from /opt/airflow/dags/setup_pagila_sakila.py
[2026-08-25T11:24:47.367+0000] {logging_mixin.py:188} INFO - [2026-08-25T11:24:47.367+0000] {dag.py:3036} INFO - Sync 1 DAGs
[2026-08-25T11:24:47.382+0000] {logging_mixin.py:188} INFO - [2026-08-25T11:24:47.382+0000] {dag.py:3823} INFO - Setting next_dagrun for setup_pagila_sakila to None, run_after=None
[2026-08-25T11:24:47.401+0000] {processor.py:183} INFO - Processing /opt/airflow/dags/setup_pagila_sakila.py took 0.092 seconds
[2026-08-25T11:25:17.517+0000] {processor.py:161} INFO - Started process (PID=270) to work on /opt/airflow/dags/setup_pagila_sakila.py
[2026-08-25T11:25:17.518+0000] {processor.py:830} INFO - Processing file /opt/airflow/dags/setup_pagila_sakila.py for tasks to queue
[2026-08-25T11:25:17.519+0000] {logging_mixin.py:188} INFO - [2026-08-25T11:25:17.519+0000] {dagbag.py:538} INFO - Filling up the DagBag from /opt/airflow/dags/setup_pagila_sakila.py
[2026-08-25T11:25:17.539+0000] {processor.py:840} INFO - DAG(s) 'setup_pagila_sakila' retrieved from /opt/airflow/dags/setup_pagila_sakila.py
[2026-08-25T11:25:17.569+0000] {logging_mixin.py:188} INFO - [2026-08-25T11:25:17.568+0000] {dag.py:3036} INFO - Sync 1 DAGs
[2026-08-25T11:25:17.584+0000] {logging_mixin.py:188} INFO - [2026-08-25T11:25:17.584+0000] {dag.py:3823} INFO - Setting next_dagrun for setup_pagila_sakila to None, run_after=None
[2026-08-25T11:25:17.608+0000] {processor.py:183} INFO - Processing /opt/airflow/dags/setup_pagila_sakila.py took 0.095 seconds
[2026-08-25T11:25:47.689+0000] {processor.py:161} INFO - Started process (PID=275) to work on /opt/airflow/dags/setup_pagila_sakila.py
[2026-08-25T11:25:47.690+0000] {processor.py:830} INFO - Processing file /opt/airflow/dags/setup_pagila_sakila.py for tasks to queue
[2026-08-25T11:25:47.692+0000] {logging_mixin.py:188} INFO - [2026-08-25T11:25:47.691+0000] {dagbag.py:538} INFO - Filling up the DagBag from /opt/airflow/dags/setup_pagila_sakila.py
[2026-08-25T11:25:47.708+0000] {processor.py:840} INFO - DAG(s) 'setup_pagila_sakila' retrieved from /opt/airflow/dags/setup_pagila_sakila.py
[2026-08-25T11:25:47.737+0000] {logging_mixin.py:188} INFO - [2026-08-25T11:25:47.736+0000] {dag.py:3036} INFO - Sync 1 DAGs
[2026-08-25T11:25:47.750+0000] {logging_mixin.py:188} INFO - [2026-08-25T11:25:47.750+0000] {dag.py:3823} INFO - Setting next_dagrun for setup_pagila_sakila to None, run_after=None
[2026-08-25T11:25:47.770+0000] {processor.py:183} INFO - Processing /opt/airflow/dags/setup_pagila_sakila.py took 0.085 seconds
[2026-08-25T11:26:17.900+0000] {processor.py:161} INFO - Started process (PID=280) to work on /opt/airflow/dags/setup_pagila_sakila.py
[2026-08-25T11:26:17.901+0000] {processor.py:830} INFO - Processing file /opt/airflow/dags/setup_pagila_sakila.py for tasks to queue
[2026-08-25T11:26:17.902+0000] {logging_mixin.py:188} INFO - [2026-08-25T11:26:17.902+0000] {dagbag.py:538} INFO - Filling up the DagBag from /opt/airflow/dags/setup_pagila_sakila.py
[2026-08-25T11:26:17.919+0000] {processor.py:840} INFO - DAG(s) 'setup_pagila_sakila' retrieved from /opt/airflow/dags/setup_pagila_sakila.py
[2026-08-25T11:26:17.948+0000] {logging_mixin.py:188} INFO - [2026-08-25T11:26:17.948+0000] {dag.py:3036} INFO - Sync 1 DAGs
[2026-08-25T11:26:17.964+0000] {logging_mixin.py:188} INFO - [2026-08-25T11:26:17.963+0000] {dag.py:3823} INFO - Setting next_dagrun for setup_pagila_sakila to None, run_after=None
[2026-08-25T11:26:17.983+0000] {processor.py:183} INFO - Processing /opt/airflow/dags/setup_pagila_sakila.py took 0.085 seconds
[2026-08-25T11:26:48.047+0000] {processor.py:161} INFO - Started process (PID=285) to work on /opt/airflow/dags/setup_pagila_sakila.py
[2026-08-25T11:26:48.048+0000] {processor.py:830} INFO - Processing file /opt/airflow/dags/setup_pagila_sakila.py for tasks to queue
[2026-08-25T11:26:48.050+0000] {logging_mixin.py:188} INFO - [2026-08-25T11:26:48.049+0000] {dagbag.py:538} INFO - Filling up the DagBag from /opt/airflow/dags/setup_pagila_sakila.py
[2026-08-25T11:26:48.064+0000] {processor.py:840} INFO - DAG(s) 'setup_pagila_sakila' retrieved from /opt/airflow/dags/setup_pagila_sakila.py
[2026-08-25T11:26:48.092+0000] {logging_mixin.py:188} INFO - [2026-08-25T11:26:48.092+0000] {dag.py:3036} INFO - Sync 1 DAGs
[2026-08-25T11:26:48.106+0000] {logging_mixin.py:188} INFO - [2026-08-25T11:26:48.106+0000] {dag.py:3823} INFO - Setting next_dagrun for setup_pagila_sakila to None, run_after=None
[2026-08-25T11:26:48.125+0000] {processor.py:183} INFO - Processing /opt/airflow/dags/setup_pagila_sakila.py took 0.081 seconds
[2026-08-25T11:27:18.281+0000] {processor.py:161} INFO - Started process (PID=290) to work on /opt/airflow/dags/setup_pagila_sakila.py
[2026-08-25T11:27:18.282+0000] {processor.py:830} INFO - Processing file /opt/airflow/dags/setup_pagila_sakila.py for tasks to queue
[2026-08-25T11:27:18.283+0000] {logging_mixin.py:188} INFO - [2026-08-25T11:27:18.283+0000] {dagbag.py:538} INFO - Filling up the DagBag from /opt/airflow/dags/setup_pagila_sakila.py
[2026-08-25T11:27:18.300+0000] {processor.py:840} INFO - DAG(s) 'setup_pagila_sakila' retrieved from /opt/airflow/dags/setup_pagila_sakila.py
[2026-08-25T11:27:18.328+0000] {logging_mixin.py:188} INFO - [2026-08-25T11:27:18.328+0000] {dag.py:3036} INFO - Sync 1 DAGs
[2026-08-25T11:27:18.342+0000] {logging_mixin.py:188} INFO - [2026-08-25T11:27:18.341+0000] {dag.py:3823} INFO - Setting next_dagrun for setup_pagila_sakila to None, run_after=None
[2026-08-25T11:27:18.361+0000] {processor.py:183} INFO - Processing /opt/airflow/dags/setup_pagila_sakila.py took 0.082 seconds
[2026-08-25T11:27:48.440+0000] {processor.py:161} INFO - Started process (PID=295) to work on /opt/airflow/dags/setup_pagila_sakila.py
[2026-08-25T11:27:48.441+0000] {processor.py:830} INFO - Processing file /opt/airflow/dags/setup_pagila_sakila.py for tasks to queue
[2026-08-25T11:27:48.443+0000] {logging_mixin.py:188} INFO - [2026-08-25T11:27:48.442+0000] {dagbag.py:538} INFO - Filling up the DagBag from /opt/airflow/dags/setup_pagila_sakila.py
[2026-08-25T11:27:48.456+0000] {processor.py:840} INFO - DAG(s) 'setup_pagila_sakila' retrieved from /opt/airflow/dags/setup_pagila_sakila.py
[2026-08-25T11:27:48.485+0000] {logging_mixin.py:188} INFO - [2026-08-25T11:27:48.485+0000] {dag.py:3036} INFO - Sync 1 DAGs
[2026-08-25T11:27:48.500+0000] {logging_mixin.py:188} INFO - [2026-08-25T11:27:48.499+0000] {dag.py:3823} INFO - Setting next_dagrun for setup_pagila_sakila to None, run_after=None
[2026-08-25T11:27:48.519+0000] {processor.py:183} INFO - Processing /opt/airflow/dags/setup_pagila_sakila.py took 0.081 seconds
[2026-08-25T11:28:18.646+0000] {processor.py:161} INFO - Started process (PID=300) to work on /opt/airflow/dags/setup_pagila_sakila.py
[2026-08-25T11:28:18.647+0000] {processor.py:830} INFO - Processing file /opt/airflow/dags/setup_pagila_sakila.py for tasks to queue
[2026-08-25T11:28:18.649+0000] {logging_mixin.py:188} INFO - [2026-08-25T11:28:18.648+0000] {dagbag.py:538} INFO - Filling up the DagBag from /opt/airflow/dags/setup_pagila_sakila.py
[2026-08-25T11:28:18.665+0000] {processor.py:840} INFO - DAG(s) 'setup_pagila_sakila' retrieved from /opt/airflow/dags/setup_pagila_sakila.py
[2026-08-25T11:28:18.692+0000] {logging_mixin.py:188} INFO - [2026-08-25T11:28:18.692+0000] {dag.py:3036} INFO - Sync 1 DAGs
[2026-08-25T11:28:18.705+0000] {logging_mixin.py:188} INFO - [2026-08-25T11:28:18.705+0000] {dag.py:3823} INFO - Setting next_dagrun for setup_pagila_sakila to None, run_after=None
[2026-08-25T11:28:18.722+0000] {processor.py:183} INFO - Processing /opt/airflow/dags/setup_pagila_sakila.py took 0.080 seconds
[2026-08-25T11:28:48.844+0000] {processor.py:161} INFO - Started process (PID=305) to work on /opt/airflow/dags/setup_pagila_sakila.py
[2026-08-25T11:28:48.845+0000] {processor.py:830} INFO - Processing file /opt/airflow/dags/setup_pagila_sakila.py for tasks to queue
[2026-08-25T11:28:48.846+0000] {logging_mixin.py:188} INFO - [2026-08-25T11:28:48.846+0000] {dagbag.py:538} INFO - Filling up the DagBag from /opt/airflow/dags/setup_pagila_sakila.py
[2026-08-25T11:28:48.862+0000] {processor.py:840} INFO - DAG(s) 'setup_pagila_sakila' retrieved from /opt/airflow/dags/setup_pagila_sakila.py
[2026-08-25T11:28:48.886+0000] {logging_mixin.py:188} INFO - [2026-08-25T11:28:48.886+0000] {dag.py:3036} INFO - Sync 1 DAGs
[2026-08-25T11:28:48.899+0000] {logging_mixin.py:188} INFO - [2026-08-25T11:28:48.898+0000] {dag.py:3823} INFO - Setting next_dagrun for setup_pagila_sakila to None, run_after=None
[2026-08-25T11:28:48.918+0000] {processor.py:183} INFO - Processing /opt/airflow/dags/setup_pagila_sakila.py took 0.077 seconds
[2026-08-25T11:29:19.000+0000] {processor.py:161} INFO - Started process (PID=310) to work on /opt/airflow/dags/setup_pagila_sakila.py
[2026-08-25T11:29:19.001+0000] {processor.py:830} INFO - Processing file /opt/airflow/dags/setup_pagila_sakila.py for tasks to queue
[2026-08-25T11:29:19.003+0000] {logging_mixin.py:188} INFO - [2026-08-25T11:29:19.002+0000] {dagbag.py:538} INFO - Filling up the DagBag from /opt/airflow/dags/setup_pagila_sakila.py
[2026-08-25T11:29:19.019+0000] {processor.py:840} INFO - DAG(s) 'setup_pagila_sakila' retrieved from /opt/airflow/dags/setup_pagila_sakila.py
[2026-08-25T11:29:19.044+0000] {logging_mixin.py:188} INFO - [2026-08-25T11:29:19.044+0000] {dag.py:3036} INFO - Sync 1 DAGs
[2026-08-25T11:29:19.057+0000] {logging_mixin.py:188} INFO - [2026-08-25T11:29:19.057+0000] {dag.py:3823} INFO - Setting next_dagrun for setup_pagila_sakila to None, run_after=None
[2026-08-25T11:29:19.076+0000] {processor.py:183} INFO - Processing /opt/airflow/dags/setup_pagila_sakila.py took 0.079 seconds
[2026-08-25T11:29:49.212+0000] {processor.py:161} INFO - Started process (PID=315) to work on /opt/airflow/dags/setup_pagila_sakila.py
[2026-08-25T11:29:49.214+0000] {processor.py:830} INFO - Processing file /opt/airflow/dags/setup_pagila_sakila.py for tasks to queue
[2026-08-25T11:29:49.215+0000] {logging_mixin.py:188} INFO - [2026-08-25T11:29:49.215+0000] {dagbag.py:538} INFO - Filling up the DagBag from /opt/airflow/dags/setup_pagila_sakila.py
[2026-08-25T11:29:49.232+0000] {processor.py:840} INFO - DAG(s) 'setup_pagila_sakila' retrieved from /opt/airflow/dags/setup_pagila_sakila.py
[2026-08-25T11:29:49.259+0000] {logging_mixin.py:188} INFO - [2026-08-25T11:29:49.259+0000] {dag.py:3036} INFO - Sync 1 DAGs
[2026-08-25T11:29:49.273+0000] {logging_mixin.py:188} INFO - [2026-08-25T11:29:49.273+0000] {dag.py:3823} INFO - Setting next_dagrun for setup_pagila_sakila to None, run_after=None
[2026-08-25T11:29:49.292+0000] {processor.py:183} INFO - Processing /opt/airflow/dags/setup_pagila_sakila.py took 0.084 seconds
[2026-08-25T11:30:19.387+0000] {processor.py:161} INFO - Started process (PID=320) to work on /opt/airflow/dags/setup_pagila_sakila.py
[2026-08-25T11:30:19.388+0000] {processor.py:830} INFO - Processing file /opt/airflow/dags/setup_pagila_sakila.py for tasks to queue
[2026-08-25T11:30:19.390+0000] {logging_mixin.py:188} INFO - [2026-08-25T11:30:19.390+0000] {dagbag.py:538} INFO - Filling up the DagBag from /opt/airflow/dags/setup_pagila_sakila.py
[2026-08-25T11:30:19.413+0000] {processor.py:840} INFO - DAG(s) 'setup_pagila_sakila' retrieved from /opt/airflow/dags/setup_pagila_sakila.py
[2026-08-25T11:30:19.445+0000] {logging_mixin.py:188} INFO - [2026-08-25T11:30:19.444+0000] {dag.py:3036} INFO - Sync 1 DAGs
[2026-08-25T11:30:19.459+0000] {logging_mixin.py:188} INFO - [2026-08-25T11:30:19.458+0000] {dag.py:3823} INFO - Setting next_dagrun for setup_pagila_sakila to None, run_after=None
[2026-08-25T11:30:19.481+0000] {processor.py:183} INFO - Processing /opt/airflow/dags/setup_pagila_sakila.py took 0.099 seconds
[2026-08-25T11:30:49.600+0000] {processor.py:161} INFO - Started process (PID=325) to work on /opt/airflow/dags/setup_pagila_sakila.py
[2026-08-25T11:30:49.602+0000] {processor.py:830} INFO - Processing file /opt/airflow/dags/setup_pagila_sakila.py for tasks to queue
[2026-08-25T11:30:49.603+0000] {logging_mixin.py:188} INFO - [2026-08-25T11:30:49.603+0000] {dagbag.py:538} INFO - Filling up the DagBag from /opt/airflow/dags/setup_pagila_sakila.py
[2026-08-25T11:30:49.620+0000] {processor.py:840} INFO - DAG(s) 'setup_pagila_sakila' retrieved from /opt/airflow/dags/setup_pagila_sakila.py
[2026-08-25T11:30:49.646+0000] {logging_mixin.py:188} INFO - [2026-08-25T11:30:49.646+0000] {dag.py:3036} INFO - Sync 1 DAGs
[2026-08-25T11:30:49.660+0000] {logging_mixin.py:188} INFO - [2026-08-25T11:30:49.660+0000] {dag.py:3823} INFO - Setting next_dagrun for setup_pagila_sakila to None, run_after=None
[2026-08-25T11:30:49.678+0000] {processor.py:183} INFO - Processing /opt/airflow/dags/setup_pagila_sakila.py took 0.081 seconds
[2026-08-25T11:31:19.767+0000] {processor.py:161} INFO - Started process (PID=330) to work on /opt/airflow/dags/setup_pagila_sakila.py
[2026-08-25T11:31:19.768+0000] {processor.py:830} INFO - Processing file /opt/airflow/dags/setup_pagila_sakila.py for tasks to queue
[2026-08-25T11:31:19.770+0000] {logging_mixin.py:188} INFO - [2026-08-25T11:31:19.769+0000] {dagbag.py:538} INFO - Filling up the DagBag from /opt/airflow/dags/setup_pagila_sakila.py
[2026-08-25T11:31:19.786+0000] {processor.py:840} INFO - DAG(s) 'setup_pagila_sakila' retrieved from /opt/airflow/dags/setup_pagila_sakila.py
[2026-08-25T11:31:19.815+0000] {logging_mixin.py:188} INFO - [2026-08-25T11:31:19.815+0000] {dag.py:3036} INFO - Sync 1 DAGs
[2026-08-25T11:31:19.827+0000] {logging_mixin.py:188} INFO - [2026-08-25T11:31:19.827+0000] {dag.py:3823} INFO - Setting next_dagrun for setup_pagila_sakila to None, run_after=None
[2026-08-25T11:31:19.846+0000] {processor.py:183} INFO - Processing /opt/airflow/dags/setup_pagila_sakila.py took 0.082 seconds
[2026-08-25T11:31:49.997+0000] {processor.py:161} INFO - Started process (PID=335) to work on /opt/airflow/dags/setup_pagila_sakila.py
[2026-08-25T11:31:49.998+0000] {processor.py:830} INFO - Processing file /opt/airflow/dags/setup_pagila_sakila.py for tasks to queue
[2026-08-25T11:31:49.999+0000] {logging_mixin.py:188} INFO - [2026-08-25T11:31:49.999+0000] {dagbag.py:538} INFO - Filling up the DagBag from /opt/airflow/dags/setup_pagila_sakila.py
[2026-08-25T11:31:50.017+0000] {processor.py:840} INFO - DAG(s) 'setup_pagila_sakila' retrieved from /opt/airflow/dags/setup_pagila_sakila.py
[2026-08-25T11:31:50.043+0000] {logging_mixin.py:188} INFO - [2026-08-25T11:31:50.043+0000] {dag.py:3036} INFO - Sync 1 DAGs
[2026-08-25T11:31:50.056+0000] {logging_mixin.py:188} INFO - [2026-08-25T11:31:50.056+0000] {dag.py:3823} INFO - Setting next_dagrun for setup_pagila_sakila to None, run_after=None
[2026-08-25T11:31:50.074+0000] {processor.py:183} INFO - Processing /opt/airflow/dags/setup_pagila_sakila.py took 0.081 seconds
[2026-08-25T11:32:20.174+0000] {processor.py:161} INFO - Started process (PID=340) to work on /opt/airflow/dags/setup_pagila_sakila.py
[2026-08-25T11:32:20.176+0000] {processor.py:830} INFO - Processing file /opt/airflow/dags/setup_pagila_sakila.py for tasks to queue
[2026-08-25T11:32:20.177+0000] {logging_mixin.py:188} INFO - [2026-08-25T11:32:20.177+0000] {dagbag.py:538} INFO - Filling up the DagBag from /opt/airflow/dags/setup_pagila_sakila.py
[2026-08-25T11:32:20.191+0000] {processor.py:840} INFO - DAG(s) 'setup_pagila_sakila' retrieved from /opt/airflow/dags/setup_pagila_sakila.py
[2026-08-25T11:32:20.219+0000] {logging_mixin.py:188} INFO - [2026-08-25T11:32:20.219+0000] {dag.py:3036} INFO - Sync 1 DAGs
[2026-08-25T11:32:20.232+0000] {logging_mixin.py:188} INFO - [2026-08-25T11:32:20.232+0000] {dag.py:3823} INFO - Setting next_dagrun for setup_pagila_sakila to None, run_after=None
[2026-08-25T11:32:20.251+0000] {processor.py:183} INFO - Processing /opt/airflow/dags/setup_pagila_sakila.py took 0.081 seconds
[2026-08-25T11:32:50.405+0000] {processor.py:161} INFO - Started process (PID=345) to work on /opt/airflow/dags/setup_pagila_sakila.py
[2026-08-25T11:32:50.407+0000] {processor.py:830} INFO - Processing file /opt/airflow/dags/setup_pagila_sakila.py for tasks to queue
[2026-08-25T11:32:50.409+0000] {logging_mixin.py:188} INFO - [2026-08-25T11:32:50.408+0000] {dagbag.py:538} INFO - Filling up the DagBag from /opt/airflow/dags/setup_pagila_sakila.py
[2026-08-25T11:32:50.429+0000] {processor.py:840} INFO - DAG(s) 'setup_pagila_sakila' retrieved from /opt/airflow/dags/setup_pagila_sakila.py
[2026-08-25T11:32:50.462+0000] {logging_mixin.py:188} INFO - [2026-08-25T11:32:50.462+0000] {dag.py:3036} INFO - Sync 1 DAGs
[2026-08-25T11:32:50.477+0000] {logging_mixin.py:188} INFO - [2026-08-25T11:32:50.477+0000] {dag.py:3823} INFO - Setting next_dagrun for setup_pagila_sakila to None, run_after=None
[2026-08-25T11:32:50.498+0000] {processor.py:183} INFO - Processing /opt/airflow/dags/setup_pagila_sakila.py took 0.096 seconds
[2026-08-25T11:33:20.552+0000] {processor.py:161} INFO - Started process (PID=350) to work on /opt/airflow/dags/setup_pagila_sakila.py
[2026-08-25T11:33:20.554+0000] {processor.py:830} INFO - Processing file /opt/airflow/dags/setup_pagila_sakila.py for tasks to queue
[2026-08-25T11:33:20.555+0000] {logging_mixin.py:188} INFO - [2026-08-25T11:33:20.555+0000] {dagbag.py:538} INFO - Filling up the DagBag from /opt/airflow/dags/setup_pagila_sakila.py
[2026-08-25T11:33:20.573+0000] {processor.py:840} INFO - DAG(s) 'setup_pagila_sakila' retrieved from /opt/airflow/dags/setup_pagila_sakila.py
[2026-08-25T11:33:20.603+0000] {logging_mixin.py:188} INFO - [2026-08-25T11:33:20.603+0000] {dag.py:3036} INFO - Sync 1 DAGs
[2026-08-25T11:33:20.615+0000] {logging_mixin.py:188} INFO - [2026-08-25T11:33:20.615+0000] {dag.py:3823} INFO - Setting next_dagrun for setup_pagila_sakila to None, run_after=None
[2026-08-25T11:33:20.634+0000] {processor.py:183} INFO - Processing /opt/airflow/dags/setup_pagila_sakila.py took 0.086 seconds
[2026-08-25T11:33:50.768+0000] {processor.py:161} INFO - Started process (PID=355) to work on /opt/airflow/dags/setup_pagila_sakila.py
[2026-08-25T11:33:50.770+0000] {processor.py:830} INFO - Processing file /opt/airflow/dags/setup_pagila_sakila.py for tasks to queue
[2026-08-25T11:33:50.771+0000] {logging_mixin.py:188} INFO - [2026-08-25T11:33:50.771+0000] {dagbag.py:538} INFO - Filling up the DagBag from /opt/airflow/dags/setup_pagila_sakila.py
[2026-08-25T11:33:50.788+0000] {processor.py:840} INFO - DAG(s) 'setup_pagila_sakila' retrieved from /opt/airflow/dags/setup_pagila_sakila.py
[2026-08-25T11:33:50.816+0000] {logging_mixin.py:188} INFO - [2026-08-25T11:33:50.816+0000] {dag.py:3036} INFO - Sync 1 DAGs
[2026-08-25T11:33:50.832+0000] {logging_mixin.py:188} INFO - [2026-08-25T11:33:50.831+0000] {dag.py:3823} INFO - Setting next_dagrun for setup_pagila_sakila to None, run_after=None
[2026-08-25T11:33:50.851+0000] {processor.py:183} INFO - Processing /opt/airflow/dags/setup_pagila_sakila.py took 0.086 seconds
[2026-08-25T11:34:20.930+0000] {processor.py:161} INFO - Started process (PID=360) to work on /opt/airflow/dags/setup_pagila_sakila.py
[2026-08-25T11:34:20.932+0000] {processor.py:830} INFO - Processing file /opt/airflow/dags/setup_pagila_sakila.py for tasks to queue
[2026-08-25T11:34:20.933+0000] {logging_mixin.py:188} INFO - [2026-08-25T11:34:20.933+0000] {dagbag.py:538} INFO - Filling up the DagBag from /opt/airflow/dags/setup_pagila_sakila.py
[2026-08-25T11:34:20.952+0000] {processor.py:840} INFO - DAG(s) 'setup_pagila_sakila' retrieved from /opt/airflow/dags/setup_pagila_sakila.py
[2026-08-25T11:34:20.984+0000] {logging_mixin.py:188} INFO - [2026-08-25T11:34:20.984+0000] {dag.py:3036} INFO - Sync 1 DAGs
[2026-08-25T11:34:20.999+0000] {logging_mixin.py:188} INFO - [2026-08-25T11:34:20.999+0000] {dag.py:3823} INFO - Setting next_dagrun for setup_pagila_sakila to None, run_after=None
[2026-08-25T11:34:21.018+0000] {processor.py:183} INFO - Processing /opt/airflow/dags/setup_pagila_sakila.py took 0.094 seconds
[2026-08-25T11:34:51.130+0000] {processor.py:161} INFO - Started process (PID=365) to work on /opt/airflow/dags/setup_pagila_sakila.py
[2026-08-25T11:34:51.131+0000] {processor.py:830} INFO - Processing file /opt/airflow/dags/setup_pagila_sakila.py for tasks to queue
[2026-08-25T11:34:51.132+0000] {logging_mixin.py:188} INFO - [2026-08-25T11:34:51.132+0000] {dagbag.py:538} INFO - Filling up the DagBag from /opt/airflow/dags/setup_pagila_sakila.py
[2026-08-25T11:34:51.149+0000] {processor.py:840} INFO - DAG(s) 'setup_pagila_sakila' retrieved from /opt/airflow/dags/setup_pagila_sakila.py
[2026-08-25T11:34:51.184+0000] {logging_mixin.py:188} INFO - [2026-08-25T11:34:51.183+0000] {dag.py:3036} INFO - Sync 1 DAGs
[2026-08-25T11:34:51.200+0000] {logging_mixin.py:188} INFO - [2026-08-25T11:34:51.200+0000] {dag.py:3823} INFO - Setting next_dagrun for setup_pagila_sakila to None, run_after=None
[2026-08-25T11:34:51.222+0000] {processor.py:183} INFO - Processing /opt/airflow/dags/setup_pagila_sakila.py took 0.097 seconds
[2026-08-25T11:35:21.358+0000] {processor.py:161} INFO - Started process (PID=370) to work on /opt/airflow/dags/setup_pagila_sakila.py
[2026-08-25T11:35:21.359+0000] {processor.py:830} INFO - Processing file /opt/airflow/dags/setup_pagila_sakila.py for tasks to queue
[2026-08-25T11:35:21.360+0000] {logging_mixin.py:188} INFO - [2026-08-25T11:35:21.360+0000] {dagbag.py:538} INFO - Filling up the DagBag from /opt/airflow/dags/setup_pagila_sakila.py
[2026-08-25T11:35:21.379+0000] {processor.py:840} INFO - DAG(s) 'setup_pagila_sakila' retrieved from /opt/airflow/dags/setup_pagila_sakila.py
[2026-08-25T11:35:21.419+0000] {logging_mixin.py:188} INFO - [2026-08-25T11:35:21.419+0000] {dag.py:3036} INFO - Sync 1 DAGs
[2026-08-25T11:35:21.436+0000] {logging_mixin.py:188} INFO - [2026-08-25T11:35:21.435+0000] {dag.py:3823} INFO - Setting next_dagrun for setup_pagila_sakila to None, run_after=None
[2026-08-25T11:35:21.459+0000] {processor.py:183} INFO - Processing /opt/airflow/dags/setup_pagila_sakila.py took 0.104 seconds
[2026-08-25T11:35:51.520+0000] {processor.py:161} INFO - Started process (PID=375) to work on /opt/airflow/dags/setup_pagila_sakila.py
[2026-08-25T11:35:51.521+0000] {processor.py:830} INFO - Processing file /opt/airflow/dags/setup_pagila_sakila.py for tasks to queue
[2026-08-25T11:35:51.522+0000] {logging_mixin.py:188} INFO - [2026-08-25T11:35:51.522+0000] {dagbag.py:538} INFO - Filling up the DagBag from /opt/airflow/dags/setup_pagila_sakila.py
[2026-08-25T11:35:51.542+0000] {processor.py:840} INFO - DAG(s) 'setup_pagila_sakila' retrieved from /opt/airflow/dags/setup_pagila_sakila.py
[2026-08-25T11:35:51.575+0000] {logging_mixin.py:188} INFO - [2026-08-25T11:35:51.575+0000] {dag.py:3036} INFO - Sync 1 DAGs
[2026-08-25T11:35:51.588+0000] {logging_mixin.py:188} INFO - [2026-08-25T11:35:51.588+0000] {dag.py:3823} INFO - Setting next_dagrun for setup_pagila_sakila to None, run_after=None
[2026-08-25T11:35:51.607+0000] {processor.py:183} INFO - Processing /opt/airflow/dags/setup_pagila_sakila.py took 0.091 seconds
[2026-08-25T11:36:21.731+0000] {processor.py:161} INFO - Started process (PID=380) to work on /opt/airflow/dags/setup_pagila_sakila.py
[2026-08-25T11:36:21.732+0000] {processor.py:830} INFO - Processing file /opt/airflow/dags/setup_pagila_sakila.py for tasks to queue
[2026-08-25T11:36:21.734+0000] {logging_mixin.py:188} INFO - [2026-08-25T11:36:21.733+0000] {dagbag.py:538} INFO - Filling up the DagBag from /opt/airflow/dags/setup_pagila_sakila.py
[2026-08-25T11:36:21.748+0000] {processor.py:840} INFO - DAG(s) 'setup_pagila_sakila' retrieved from /opt/airflow/dags/setup_pagila_sakila.py
[2026-08-25T11:36:21.782+0000] {logging_mixin.py:188} INFO - [2026-08-25T11:36:21.781+0000] {dag.py:3036} INFO - Sync 1 DAGs
[2026-08-25T11:36:21.797+0000] {logging_mixin.py:188} INFO - [2026-08-25T11:36:21.797+0000] {dag.py:3823} INFO - Setting next_dagrun for setup_pagila_sakila to None, run_after=None
[2026-08-25T11:36:21.817+0000] {processor.py:183} INFO - Processing /opt/airflow/dags/setup_pagila_sakila.py took 0.089 seconds
[2026-08-25T11:36:51.908+0000] {processor.py:161} INFO - Started process (PID=385) to work on /opt/airflow/dags/setup_pagila_sakila.py
[2026-08-25T11:36:51.909+0000] {processor.py:830} INFO - Processing file /opt/airflow/dags/setup_pagila_sakila.py for tasks to queue
[2026-08-25T11:36:51.910+0000] {logging_mixin.py:188} INFO - [2026-08-25T11:36:51.910+0000] {dagbag.py:538} INFO - Filling up the DagBag from /opt/airflow/dags/setup_pagila_sakila.py
[2026-08-25T11:36:51.926+0000] {processor.py:840} INFO - DAG(s) 'setup_pagila_sakila' retrieved from /opt/airflow/dags/setup_pagila_sakila.py
[2026-08-25T11:36:51.952+0000] {logging_mixin.py:188} INFO - [2026-08-25T11:36:51.952+0000] {dag.py:3036} INFO - Sync 1 DAGs
[2026-08-25T11:36:51.965+0000] {logging_mixin.py:188} INFO - [2026-08-25T11:36:51.965+0000] {dag.py:3823} INFO - Setting next_dagrun for setup_pagila_sakila to None, run_after=None
[2026-08-25T11:36:51.984+0000] {processor.py:183} INFO - Processing /opt/airflow/dags/setup_pagila_sakila.py took 0.081 seconds
[2026-08-25T11:37:22.181+0000] {processor.py:161} INFO - Started process (PID=390) to work on /opt/airflow/dags/setup_pagila_sakila.py
[2026-08-25T11:37:22.182+0000] {processor.py:830} INFO - Processing file /opt/airflow/dags/setup_pagila_sakila.py for tasks to queue
[2026-08-25T11:37:22.184+0000] {logging_mixin.py:188} INFO - [2026-08-25T11:37:22.184+0000] {dagbag.py:538} INFO - Filling up the DagBag from /opt/airflow/dags/setup_pagila_sakila.py
[2026-08-25T11:37:22.200+0000] {processor.py:840} INFO - DAG(s) 'setup_pagila_sakila' retrieved from /opt/airflow/dags/setup_pagila_sakila.py
[2026-08-25T11:37:22.240+0000] {logging_mixin.py:188} INFO - [2026-08-25T11:37:22.239+0000] {dag.py:3036} INFO - Sync 1 DAGs
[2026-08-25T11:37:22.255+0000] {logging_mixin.py:188} INFO - [2026-08-25T11:37:22.255+0000] {dag.py:3823} INFO - Setting next_dagrun for setup_pagila_sakila to None, run_after=None
[2026-08-25T11:37:22.274+0000] {processor.py:183} INFO - Processing /opt/airflow/dags/setup_pagila_sakila.py took 0.096 seconds
[2026-08-25T11:37:52.359+0000] {processor.py:161} INFO - Started process (PID=395) to work on /opt/airflow/dags/setup_pagila_sakila.py
[2026-08-25T11:37:52.361+0000] {processor.py:830} INFO - Processing file /opt/airflow/dags/setup_pagila_sakila.py for tasks to queue
[2026-08-25T11:37:52.362+0000] {logging_mixin.py:188} INFO - [2026-08-25T11:37:52.362+0000] {dagbag.py:538} INFO - Filling up the DagBag from /opt/airflow/dags/setup_pagila_sakila.py
[2026-08-25T11:37:52.381+0000] {processor.py:840} INFO - DAG(s) 'setup_pagila_sakila' retrieved from /opt/airflow/dags/setup_pagila_sakila.py
[2026-08-25T11:37:52.412+0000] {logging_mixin.py:188} INFO - [2026-08-25T11:37:52.412+0000] {dag.py:3036} INFO - Sync 1 DAGs
[2026-08-25T11:37:52.425+0000] {logging_mixin.py:188} INFO - [2026-08-25T11:37:52.425+0000] {dag.py:3823} INFO - Setting next_dagrun for setup_pagila_sakila to None, run_after=None
[2026-08-25T11:37:52.448+0000] {processor.py:183} INFO - Processing /opt/airflow/dags/setup_pagila_sakila.py took 0.093 seconds
[2026-08-25T11:38:22.552+0000] {processor.py:161} INFO - Started process (PID=400) to work on /opt/airflow/dags/setup_pagila_sakila.py
[2026-08-25T11:38:22.553+0000] {processor.py:830} INFO - Processing file /opt/airflow/dags/setup_pagila_sakila.py for tasks to queue
[2026-08-25T11:38:22.555+0000] {logging_mixin.py:188} INFO - [2026-08-25T11:38:22.555+0000] {dagbag.py:538} INFO - Filling up the DagBag from /opt/airflow/dags/setup_pagila_sakila.py
[2026-08-25T11:38:22.584+0000] {processor.py:840} INFO - DAG(s) 'setup_pagila_sakila' retrieved from /opt/airflow/dags/setup_pagila_sakila.py
[2026-08-25T11:38:22.617+0000] {logging_mixin.py:188} INFO - [2026-08-25T11:38:22.617+0000] {dag.py:3036} INFO - Sync 1 DAGs
[2026-08-25T11:38:22.631+0000] {logging_mixin.py:188} INFO - [2026-08-25T11:38:22.631+0000] {dag.py:3823} INFO - Setting next_dagrun for setup_pagila_sakila to None, run_after=None
[2026-08-25T11:38:22.650+0000] {processor.py:183} INFO - Processing /opt/airflow/dags/setup_pagila_sakila.py took 0.102 seconds
[2026-08-25T11:38:52.696+0000] {processor.py:161} INFO - Started process (PID=405) to work on /opt/airflow/dags/setup_pagila_sakila.py
[2026-08-25T11:38:52.697+0000] {processor.py:830} INFO - Processing file /opt/airflow/dags/setup_pagila_sakila.py for tasks to queue
[2026-08-25T11:38:52.698+0000] {logging_mixin.py:188} INFO - [2026-08-25T11:38:52.698+0000] {dagbag.py:538} INFO - Filling up the DagBag from /opt/airflow/dags/setup_pagila_sakila.py
[2026-08-25T11:38:52.718+0000] {processor.py:840} INFO - DAG(s) 'setup_pagila_sakila' retrieved from /opt/airflow/dags/setup_pagila_sakila.py
[2026-08-25T11:38:52.759+0000] {logging_mixin.py:188} INFO - [2026-08-25T11:38:52.759+0000] {dag.py:3036} INFO - Sync 1 DAGs
[2026-08-25T11:38:52.775+0000] {logging_mixin.py:188} INFO - [2026-08-25T11:38:52.775+0000] {dag.py:3823} INFO - Setting next_dagrun for setup_pagila_sakila to None, run_after=None
[2026-08-25T11:38:52.799+0000] {processor.py:183} INFO - Processing /opt/airflow/dags/setup_pagila_sakila.py took 0.109 seconds
[2026-08-25T11:39:22.975+0000] {processor.py:161} INFO - Started process (PID=410) to work on /opt/airflow/dags/setup_pagila_sakila.py
[2026-08-25T11:39:22.976+0000] {processor.py:830} INFO - Processing file /opt/airflow/dags/setup_pagila_sakila.py for tasks to queue
[2026-08-25T11:39:22.978+0000] {logging_mixin.py:188} INFO - [2026-08-25T11:39:22.977+0000] {dagbag.py:538} INFO - Filling up the DagBag from /opt/airflow/dags/setup_pagila_sakila.py
[2026-08-25T11:39:22.998+0000] {processor.py:840} INFO - DAG(s) 'setup_pagila_sakila' retrieved from /opt/airflow/dags/setup_pagila_sakila.py
[2026-08-25T11:39:23.027+0000] {logging_mixin.py:188} INFO - [2026-08-25T11:39:23.027+0000] {dag.py:3036} INFO - Sync 1 DAGs
[2026-08-25T11:39:23.041+0000] {logging_mixin.py:188} INFO - [2026-08-25T11:39:23.041+0000] {dag.py:3823} INFO - Setting next_dagrun for setup_pagila_sakila to None, run_after=None
[2026-08-25T11:39:23.061+0000] {processor.py:183} INFO - Processing /opt/airflow/dags/setup_pagila_sakila.py took 0.092 seconds
[2026-08-25T11:39:53.163+0000] {processor.py:161} INFO - Started process (PID=415) to work on /opt/airflow/dags/setup_pagila_sakila.py
[2026-08-25T11:39:53.164+0000] {processor.py:830} INFO - Processing file /opt/airflow/dags/setup_pagila_sakila.py for tasks to queue
[2026-08-25T11:39:53.166+0000] {logging_mixin.py:188} INFO - [2026-08-25T11:39:53.166+0000] {dagbag.py:538} INFO - Filling up the DagBag from /opt/airflow/dags/setup_pagila_sakila.py
[2026-08-25T11:39:53.199+0000] {processor.py:840} INFO - DAG(s) 'setup_pagila_sakila' retrieved from /opt/airflow/dags/setup_pagila_sakila.py
[2026-08-25T11:39:53.248+0000] {logging_mixin.py:188} INFO - [2026-08-25T11:39:53.248+0000] {dag.py:3036} INFO - Sync 1 DAGs
[2026-08-25T11:39:53.266+0000] {logging_mixin.py:188} INFO - [2026-08-25T11:39:53.265+0000] {dag.py:3823} INFO - Setting next_dagrun for setup_pagila_sakila to None, run_after=None
[2026-08-25T11:39:53.285+0000] {processor.py:183} INFO - Processing /opt/airflow/dags/setup_pagila_sakila.py took 0.126 seconds
[2026-08-25T11:40:23.355+0000] {processor.py:161} INFO - Started process (PID=420) to work on /opt/airflow/dags/setup_pagila_sakila.py
[2026-08-25T11:40:23.356+0000] {processor.py:830} INFO - Processing file /opt/airflow/dags/setup_pagila_sakila.py for tasks to queue
[2026-08-25T11:40:23.357+0000] {logging_mixin.py:188} INFO - [2026-08-25T11:40:23.357+0000] {dagbag.py:538} INFO - Filling up the DagBag from /opt/airflow/dags/setup_pagila_sakila.py
[2026-08-25T11:40:23.374+0000] {processor.py:840} INFO - DAG(s) 'setup_pagila_sakila' retrieved from /opt/airflow/dags/setup_pagila_sakila.py
[2026-08-25T11:40:23.401+0000] {logging_mixin.py:188} INFO - [2026-08-25T11:40:23.401+0000] {dag.py:3036} INFO - Sync 1 DAGs
[2026-08-25T11:40:23.413+0000] {logging_mixin.py:188} INFO - [2026-08-25T11:40:23.413+0000] {dag.py:3823} INFO - Setting next_dagrun for setup_pagila_sakila to None, run_after=None
[2026-08-25T11:40:23.432+0000] {processor.py:183} INFO - Processing /opt/airflow/dags/setup_pagila_sakila.py took 0.081 seconds
[2026-08-25T11:40:53.614+0000] {processor.py:161} INFO - Started process (PID=425) to work on /opt/airflow/dags/setup_pagila_sakila.py
[2026-08-25T11:40:53.615+0000] {processor.py:830} INFO - Processing file /opt/airflow/dags/setup_pagila_sakila.py for tasks to queue
[2026-08-25T11:40:53.617+0000] {logging_mixin.py:188} INFO - [2026-08-25T11:40:53.617+0000] {dagbag.py:538} INFO - Filling up the DagBag from /opt/airflow/dags/setup_pagila_sakila.py
[2026-08-25T11:40:53.638+0000] {processor.py:840} INFO - DAG(s) 'setup_pagila_sakila' retrieved from /opt/airflow/dags/setup_pagila_sakila.py
[2026-08-25T11:40:53.667+0000] {logging_mixin.py:188} INFO - [2026-08-25T11:40:53.667+0000] {dag.py:3036} INFO - Sync 1 DAGs
[2026-08-25T11:40:53.682+0000] {logging_mixin.py:188} INFO - [2026-08-25T11:40:53.682+0000] {dag.py:3823} INFO - Setting next_dagrun for setup_pagila_sakila to None, run_after=None
[2026-08-25T11:40:53.702+0000] {processor.py:183} INFO - Processing /opt/airflow/dags/setup_pagila_sakila.py took 0.093 seconds
[2026-08-25T11:41:23.751+0000] {processor.py:161} INFO - Started process (PID=430) to work on /opt/airflow/dags/setup_pagila_sakila.py
[2026-08-25T11:41:23.752+0000] {processor.py:830} INFO - Processing file /opt/airflow/dags/setup_pagila_sakila.py for tasks to queue
[2026-08-25T11:41:23.753+0000] {logging_mixin.py:188} INFO - [2026-08-25T11:41:23.753+0000] {dagbag.py:538} INFO - Filling up the DagBag from /opt/airflow/dags/setup_pagila_sakila.py
[2026-08-25T11:41:23.767+0000] {processor.py:840} INFO - DAG(s) 'setup_pagila_sakila' retrieved from /opt/airflow/dags/setup_pagila_sakila.py
[2026-08-25T11:41:23.797+0000] {logging_mixin.py:188} INFO - [2026-08-25T11:41:23.796+0000] {dag.py:3036} INFO - Sync 1 DAGs
[2026-08-25T11:41:23.810+0000] {logging_mixin.py:188} INFO - [2026-08-25T11:41:23.810+0000] {dag.py:3823} INFO - Setting next_dagrun for setup_pagila_sakila to None, run_after=None
[2026-08-25T11:41:23.831+0000] {processor.py:183} INFO - Processing /opt/airflow/dags/setup_pagila_sakila.py took 0.083 seconds
[2026-08-25T11:41:53.967+0000] {processor.py:161} INFO - Started process (PID=435) to work on /opt/airflow/dags/setup_pagila_sakila.py
[2026-08-25T11:41:53.969+0000] {processor.py:830} INFO - Processing file /opt/airflow/dags/setup_pagila_sakila.py for tasks to queue
[2026-08-25T11:41:53.970+0000] {logging_mixin.py:188} INFO - [2026-08-25T11:41:53.970+0000] {dagbag.py:538} INFO - Filling up the DagBag from /opt/airflow/dags/setup_pagila_sakila.py
[2026-08-25T11:41:53.984+0000] {processor.py:840} INFO - DAG(s) 'setup_pagila_sakila' retrieved from /opt/airflow/dags/setup_pagila_sakila.py
[2026-08-25T11:41:54.009+0000] {logging_mixin.py:188} INFO - [2026-08-25T11:41:54.009+0000] {dag.py:3036} INFO - Sync 1 DAGs
[2026-08-25T11:41:54.021+0000] {logging_mixin.py:188} INFO - [2026-08-25T11:41:54.021+0000] {dag.py:3823} INFO - Setting next_dagrun for setup_pagila_sakila to None, run_after=None
[2026-08-25T11:41:54.037+0000] {processor.py:183} INFO - Processing /opt/airflow/dags/setup_pagila_sakila.py took 0.073 seconds
[2026-08-25T11:42:24.171+0000] {processor.py:161} INFO - Started process (PID=440) to work on /opt/airflow/dags/setup_pagila_sakila.py
[2026-08-25T11:42:24.172+0000] {processor.py:830} INFO - Processing file /opt/airflow/dags/setup_pagila_sakila.py for tasks to queue
[2026-08-25T11:42:24.174+0000] {logging_mixin.py:188} INFO - [2026-08-25T11:42:24.173+0000] {dagbag.py:538} INFO - Filling up the DagBag from /opt/airflow/dags/setup_pagila_sakila.py
[2026-08-25T11:42:24.189+0000] {processor.py:840} INFO - DAG(s) 'setup_pagila_sakila' retrieved from /opt/airflow/dags/setup_pagila_sakila.py
[2026-08-25T11:42:24.215+0000] {logging_mixin.py:188} INFO - [2026-08-25T11:42:24.215+0000] {dag.py:3036} INFO - Sync 1 DAGs
[2026-08-25T11:42:24.229+0000] {logging_mixin.py:188} INFO - [2026-08-25T11:42:24.229+0000] {dag.py:3823} INFO - Setting next_dagrun for setup_pagila_sakila to None, run_after=None
[2026-08-25T11:42:24.245+0000] {processor.py:183} INFO - Processing /opt/airflow/dags/setup_pagila_sakila.py took 0.077 seconds
[2026-08-25T11:42:54.342+0000] {processor.py:161} INFO - Started process (PID=445) to work on /opt/airflow/dags/setup_pagila_sakila.py
[2026-08-25T11:42:54.343+0000] {processor.py:830} INFO - Processing file /opt/airflow/dags/setup_pagila_sakila.py for tasks to queue
[2026-08-25T11:42:54.344+0000] {logging_mixin.py:188} INFO - [2026-08-25T11:42:54.344+0000] {dagbag.py:538} INFO - Filling up the DagBag from /opt/airflow/dags/setup_pagila_sakila.py
[2026-08-25T11:42:54.358+0000] {processor.py:840} INFO - DAG(s) 'setup_pagila_sakila' retrieved from /opt/airflow/dags/setup_pagila_sakila.py
[2026-08-25T11:42:54.383+0000] {logging_mixin.py:188} INFO - [2026-08-25T11:42:54.383+0000] {dag.py:3036} INFO - Sync 1 DAGs
[2026-08-25T11:42:54.395+0000] {logging_mixin.py:188} INFO - [2026-08-25T11:42:54.395+0000] {dag.py:3823} INFO - Setting next_dagrun for setup_pagila_sakila to None, run_after=None
[2026-08-25T11:42:54.422+0000] {processor.py:183} INFO - Processing /opt/airflow/dags/setup_pagila_sakila.py took 0.083 seconds
[2026-08-25T11:43:24.576+0000] {processor.py:161} INFO - Started process (PID=450) to work on /opt/airflow/dags/setup_pagila_sakila.py
[2026-08-25T11:43:24.577+0000] {processor.py:830} INFO - Processing file /opt/airflow/dags/setup_pagila_sakila.py for tasks to queue
[2026-08-25T11:43:24.579+0000] {logging_mixin.py:188} INFO - [2026-08-25T11:43:24.578+0000] {dagbag.py:538} INFO - Filling up the DagBag from /opt/airflow/dags/setup_pagila_sakila.py
[2026-08-25T11:43:24.595+0000] {processor.py:840} INFO - DAG(s) 'setup_pagila_sakila' retrieved from /opt/airflow/dags/setup_pagila_sakila.py
[2026-08-25T11:43:24.621+0000] {logging_mixin.py:188} INFO - [2026-08-25T11:43:24.620+0000] {dag.py:3036} INFO - Sync 1 DAGs
[2026-08-25T11:43:24.633+0000] {logging_mixin.py:188} INFO - [2026-08-25T11:43:24.632+0000] {dag.py:3823} INFO - Setting next_dagrun for setup_pagila_sakila to None, run_after=None
[2026-08-25T11:43:24.651+0000] {processor.py:183} INFO - Processing /opt/airflow/dags/setup_pagila_sakila.py took 0.078 seconds
[2026-08-25T11:43:54.764+0000] {processor.py:161} INFO - Started process (PID=455) to work on /opt/airflow/dags/setup_pagila_sakila.py
[2026-08-25T11:43:54.765+0000] {processor.py:830} INFO - Processing file /opt/airflow/dags/setup_pagila_sakila.py for tasks to queue
[2026-08-25T11:43:54.766+0000] {logging_mixin.py:188} INFO - [2026-08-25T11:43:54.766+0000] {dagbag.py:538} INFO - Filling up the DagBag from /opt/airflow/dags/setup_pagila_sakila.py
[2026-08-25T11:43:54.790+0000] {processor.py:840} INFO - DAG(s) 'setup_pagila_sakila' retrieved from /opt/airflow/dags/setup_pagila_sakila.py
[2026-08-25T11:43:54.816+0000] {logging_mixin.py:188} INFO - [2026-08-25T11:43:54.816+0000] {dag.py:3036} INFO - Sync 1 DAGs
[2026-08-25T11:43:54.833+0000] {logging_mixin.py:188} INFO - [2026-08-25T11:43:54.832+0000] {dag.py:3823} INFO - Setting next_dagrun for setup_pagila_sakila to None, run_after=None
[2026-08-25T11:43:54.852+0000] {processor.py:183} INFO - Processing /opt/airflow/dags/setup_pagila_sakila.py took 0.092 seconds
[2026-08-25T11:44:24.974+0000] {processor.py:161} INFO - Started process (PID=460) to work on /opt/airflow/dags/setup_pagila_sakila.py
[2026-08-25T11:44:24.976+0000] {processor.py:830} INFO - Processing file /opt/airflow/dags/setup_pagila_sakila.py for tasks to queue
[2026-08-25T11:44:24.977+0000] {logging_mixin.py:188} INFO - [2026-08-25T11:44:24.977+0000] {dagbag.py:538} INFO - Filling up the DagBag from /opt/airflow/dags/setup_pagila_sakila.py
[2026-08-25T11:44:24.991+0000] {processor.py:840} INFO - DAG(s) 'setup_pagila_sakila' retrieved from /opt/airflow/dags/setup_pagila_sakila.py
[2026-08-25T11:44:25.016+0000] {logging_mixin.py:188} INFO - [2026-08-25T11:44:25.016+0000] {dag.py:3036} INFO - Sync 1 DAGs
[2026-08-25T11:44:25.027+0000] {logging_mixin.py:188} INFO - [2026-08-25T11:44:25.027+0000] {dag.py:3823} INFO - Setting next_dagrun for setup_pagila_sakila to None, run_after=None
[2026-08-25T11:44:25.050+0000] {processor.py:183} INFO - Processing /opt/airflow/dags/setup_pagila_sakila.py took 0.080 seconds
[2026-08-25T11:44:55.231+0000] {processor.py:161} INFO - Started process (PID=465) to work on /opt/airflow/dags/setup_pagila_sakila.py
[2026-08-25T11:44:55.232+0000] {processor.py:830} INFO - Processing file /opt/airflow/dags/setup_pagila_sakila.py for tasks to queue
[2026-08-25T11:44:55.233+0000] {logging_mixin.py:188} INFO - [2026-08-25T11:44:55.233+0000] {dagbag.py:538} INFO - Filling up the DagBag from /opt/airflow/dags/setup_pagila_sakila.py
[2026-08-25T11:44:55.253+0000] {processor.py:840} INFO - DAG(s) 'setup_pagila_sakila' retrieved from /opt/airflow/dags/setup_pagila_sakila.py
[2026-08-25T11:44:55.283+0000] {logging_mixin.py:188} INFO - [2026-08-25T11:44:55.283+0000] {dag.py:3036} INFO - Sync 1 DAGs
[2026-08-25T11:44:55.298+0000] {logging_mixin.py:188} INFO - [2026-08-25T11:44:55.298+0000] {dag.py:3823} INFO - Setting next_dagrun for setup_pagila_sakila to None, run_after=None
[2026-08-25T11:44:55.317+0000] {processor.py:183} INFO - Processing /opt/airflow/dags/setup_pagila_sakila.py took 0.090 seconds
[2026-08-25T11:45:25.389+0000] {processor.py:161} INFO - Started process (PID=470) to work on /opt/airflow/dags/setup_pagila_sakila.py
[2026-08-25T11:45:25.390+0000] {processor.py:830} INFO - Processing file /opt/airflow/dags/setup_pagila_sakila.py for tasks to queue
[2026-08-25T11:45:25.392+0000] {logging_mixin.py:188} INFO - [2026-08-25T11:45:25.392+0000] {dagbag.py:538} INFO - Filling up the DagBag from /opt/airflow/dags/setup_pagila_sakila.py
[2026-08-25T11:45:25.412+0000] {processor.py:840} INFO - DAG(s) 'setup_pagila_sakila' retrieved from /opt/airflow/dags/setup_pagila_sakila.py
[2026-08-25T11:45:25.442+0000] {logging_mixin.py:188} INFO - [2026-08-25T11:45:25.442+0000] {dag.py:3036} INFO - Sync 1 DAGs
[2026-08-25T11:45:25.456+0000] {logging_mixin.py:188} INFO - [2026-08-25T11:45:25.456+0000] {dag.py:3823} INFO - Setting next_dagrun for setup_pagila_sakila to None, run_after=None
[2026-08-25T11:45:25.475+0000] {processor.py:183} INFO - Processing /opt/airflow/dags/setup_pagila_sakila.py took 0.090 seconds
[2026-08-25T11:45:55.596+0000] {processor.py:161} INFO - Started process (PID=475) to work on /opt/airflow/dags/setup_pagila_sakila.py
[2026-08-25T11:45:55.597+0000] {processor.py:830} INFO - Processing file /opt/airflow/dags/setup_pagila_sakila.py for tasks to queue
[2026-08-25T11:45:55.599+0000] {logging_mixin.py:188} INFO - [2026-08-25T11:45:55.598+0000] {dagbag.py:538} INFO - Filling up the DagBag from /opt/airflow/dags/setup_pagila_sakila.py
[2026-08-25T11:45:55.613+0000] {processor.py:840} INFO - DAG(s) 'setup_pagila_sakila' retrieved from /opt/airflow/dags/setup_pagila_sakila.py
[2026-08-25T11:45:55.642+0000] {logging_mixin.py:188} INFO - [2026-08-25T11:45:55.642+0000] {dag.py:3036} INFO - Sync 1 DAGs
[2026-08-25T11:45:55.656+0000] {logging_mixin.py:188} INFO - [2026-08-25T11:45:55.656+0000] {dag.py:3823} INFO - Setting next_dagrun for setup_pagila_sakila to None, run_after=None
[2026-08-25T11:45:55.676+0000] {processor.py:183} INFO - Processing /opt/airflow/dags/setup_pagila_sakila.py took 0.083 seconds
[2026-08-25T11:46:25.764+0000] {processor.py:161} INFO - Started process (PID=480) to work on /opt/airflow/dags/setup_pagila_sakila.py
[2026-08-25T11:46:25.765+0000] {processor.py:830} INFO - Processing file /opt/airflow/dags/setup_pagila_sakila.py for tasks to queue
[2026-08-25T11:46:25.766+0000] {logging_mixin.py:188} INFO - [2026-08-25T11:46:25.766+0000] {dagbag.py:538} INFO - Filling up the DagBag from /opt/airflow/dags/setup_pagila_sakila.py
[2026-08-25T11:46:25.781+0000] {processor.py:840} INFO - DAG(s) 'setup_pagila_sakila' retrieved from /opt/airflow/dags/setup_pagila_sakila.py
[2026-08-25T11:46:25.806+0000] {logging_mixin.py:188} INFO - [2026-08-25T11:46:25.806+0000] {dag.py:3036} INFO - Sync 1 DAGs
[2026-08-25T11:46:25.819+0000] {logging_mixin.py:188} INFO - [2026-08-25T11:46:25.819+0000] {dag.py:3823} INFO - Setting next_dagrun for setup_pagila_sakila to None, run_after=None
[2026-08-25T11:46:25.840+0000] {processor.py:183} INFO - Processing /opt/airflow/dags/setup_pagila_sakila.py took 0.080 seconds
[2026-08-25T11:46:55.982+0000] {processor.py:161} INFO - Started process (PID=485) to work on /opt/airflow/dags/setup_pagila_sakila.py
[2026-08-25T11:46:55.983+0000] {processor.py:830} INFO - Processing file /opt/airflow/dags/setup_pagila_sakila.py for tasks to queue
[2026-08-25T11:46:55.984+0000] {logging_mixin.py:188} INFO - [2026-08-25T11:46:55.984+0000] {dagbag.py:538} INFO - Filling up the DagBag from /opt/airflow/dags/setup_pagila_sakila.py
[2026-08-25T11:46:56.002+0000] {processor.py:840} INFO - DAG(s) 'setup_pagila_sakila' retrieved from /opt/airflow/dags/setup_pagila_sakila.py
[2026-08-25T11:46:56.032+0000] {logging_mixin.py:188} INFO - [2026-08-25T11:46:56.032+0000] {dag.py:3036} INFO - Sync 1 DAGs
[2026-08-25T11:46:56.060+0000] {logging_mixin.py:188} INFO - [2026-08-25T11:46:56.060+0000] {dag.py:3823} INFO - Setting next_dagrun for setup_pagila_sakila to None, run_after=None
[2026-08-25T11:46:56.086+0000] {processor.py:183} INFO - Processing /opt/airflow/dags/setup_pagila_sakila.py took 0.108 seconds
[2026-08-25T11:47:26.191+0000] {processor.py:161} INFO - Started process (PID=490) to work on /opt/airflow/dags/setup_pagila_sakila.py
[2026-08-25T11:47:26.192+0000] {processor.py:830} INFO - Processing file /opt/airflow/dags/setup_pagila_sakila.py for tasks to queue
[2026-08-25T11:47:26.193+0000] {logging_mixin.py:188} INFO - [2026-08-25T11:47:26.193+0000] {dagbag.py:538} INFO - Filling up the DagBag from /opt/airflow/dags/setup_pagila_sakila.py
[2026-08-25T11:47:26.218+0000] {processor.py:840} INFO - DAG(s) 'setup_pagila_sakila' retrieved from /opt/airflow/dags/setup_pagila_sakila.py
[2026-08-25T11:47:26.251+0000] {logging_mixin.py:188} INFO - [2026-08-25T11:47:26.251+0000] {dag.py:3036} INFO - Sync 1 DAGs
[2026-08-25T11:47:26.271+0000] {logging_mixin.py:188} INFO - [2026-08-25T11:47:26.270+0000] {dag.py:3823} INFO - Setting next_dagrun for setup_pagila_sakila to None, run_after=None
[2026-08-25T11:47:26.290+0000] {processor.py:183} INFO - Processing /opt/airflow/dags/setup_pagila_sakila.py took 0.107 seconds
[2026-08-25T11:47:56.387+0000] {processor.py:161} INFO - Started process (PID=495) to work on /opt/airflow/dags/setup_pagila_sakila.py
[2026-08-25T11:47:56.388+0000] {processor.py:830} INFO - Processing file /opt/airflow/dags/setup_pagila_sakila.py for tasks to queue
[2026-08-25T11:47:56.390+0000] {logging_mixin.py:188} INFO - [2026-08-25T11:47:56.389+0000] {dagbag.py:538} INFO - Filling up the DagBag from /opt/airflow/dags/setup_pagila_sakila.py
[2026-08-25T11:47:56.403+0000] {processor.py:840} INFO - DAG(s) 'setup_pagila_sakila' retrieved from /opt/airflow/dags/setup_pagila_sakila.py
[2026-08-25T11:47:56.430+0000] {logging_mixin.py:188} INFO - [2026-08-25T11:47:56.430+0000] {dag.py:3036} INFO - Sync 1 DAGs
[2026-08-25T11:47:56.443+0000] {logging_mixin.py:188} INFO - [2026-08-25T11:47:56.443+0000] {dag.py:3823} INFO - Setting next_dagrun for setup_pagila_sakila to None, run_after=None
[2026-08-25T11:47:56.468+0000] {processor.py:183} INFO - Processing /opt/airflow/dags/setup_pagila_sakila.py took 0.083 seconds
[2026-08-25T11:48:26.595+0000] {processor.py:161} INFO - Started process (PID=500) to work on /opt/airflow/dags/setup_pagila_sakila.py
[2026-08-25T11:48:26.596+0000] {processor.py:830} INFO - Processing file /opt/airflow/dags/setup_pagila_sakila.py for tasks to queue
[2026-08-25T11:48:26.598+0000] {logging_mixin.py:188} INFO - [2026-08-25T11:48:26.597+0000] {dagbag.py:538} INFO - Filling up the DagBag from /opt/airflow/dags/setup_pagila_sakila.py
[2026-08-25T11:48:26.615+0000] {processor.py:840} INFO - DAG(s) 'setup_pagila_sakila' retrieved from /opt/airflow/dags/setup_pagila_sakila.py
[2026-08-25T11:48:26.642+0000] {logging_mixin.py:188} INFO - [2026-08-25T11:48:26.642+0000] {dag.py:3036} INFO - Sync 1 DAGs
[2026-08-25T11:48:26.658+0000] {logging_mixin.py:188} INFO - [2026-08-25T11:48:26.658+0000] {dag.py:3823} INFO - Setting next_dagrun for setup_pagila_sakila to None, run_after=None
[2026-08-25T11:48:26.678+0000] {processor.py:183} INFO - Processing /opt/airflow/dags/setup_pagila_sakila.py took 0.087 seconds
[2026-08-25T11:48:56.802+0000] {processor.py:161} INFO - Started process (PID=505) to work on /opt/airflow/dags/setup_pagila_sakila.py
[2026-08-25T11:48:56.804+0000] {processor.py:830} INFO - Processing file /opt/airflow/dags/setup_pagila_sakila.py for tasks to queue
[2026-08-25T11:48:56.805+0000] {logging_mixin.py:188} INFO - [2026-08-25T11:48:56.805+0000] {dagbag.py:538} INFO - Filling up the DagBag from /opt/airflow/dags/setup_pagila_sakila.py
[2026-08-25T11:48:56.825+0000] {processor.py:840} INFO - DAG(s) 'setup_pagila_sakila' retrieved from /opt/airflow/dags/setup_pagila_sakila.py
[2026-08-25T11:48:56.854+0000] {logging_mixin.py:188} INFO - [2026-08-25T11:48:56.854+0000] {dag.py:3036} INFO - Sync 1 DAGs
[2026-08-25T11:48:56.869+0000] {logging_mixin.py:188} INFO - [2026-08-25T11:48:56.868+0000] {dag.py:3823} INFO - Setting next_dagrun for setup_pagila_sakila to None, run_after=None
[2026-08-25T11:48:56.889+0000] {processor.py:183} INFO - Processing /opt/airflow/dags/setup_pagila_sakila.py took 0.090 seconds
[2026-08-25T11:49:26.981+0000] {processor.py:161} INFO - Started process (PID=510) to work on /opt/airflow/dags/setup_pagila_sakila.py
[2026-08-25T11:49:26.982+0000] {processor.py:830} INFO - Processing file /opt/airflow/dags/setup_pagila_sakila.py for tasks to queue
[2026-08-25T11:49:26.983+0000] {logging_mixin.py:188} INFO - [2026-08-25T11:49:26.983+0000] {dagbag.py:538} INFO - Filling up the DagBag from /opt/airflow/dags/setup_pagila_sakila.py
[2026-08-25T11:49:26.998+0000] {processor.py:840} INFO - DAG(s) 'setup_pagila_sakila' retrieved from /opt/airflow/dags/setup_pagila_sakila.py
[2026-08-25T11:49:27.027+0000] {logging_mixin.py:188} INFO - [2026-08-25T11:49:27.026+0000] {dag.py:3036} INFO - Sync 1 DAGs
[2026-08-25T11:49:27.062+0000] {logging_mixin.py:188} INFO - [2026-08-25T11:49:27.062+0000] {dag.py:3823} INFO - Setting next_dagrun for setup_pagila_sakila to None, run_after=None
[2026-08-25T11:49:27.093+0000] {processor.py:183} INFO - Processing /opt/airflow/dags/setup_pagila_sakila.py took 0.115 seconds
[2026-08-25T11:49:57.182+0000] {processor.py:161} INFO - Started process (PID=515) to work on /opt/airflow/dags/setup_pagila_sakila.py
[2026-08-25T11:49:57.183+0000] {processor.py:830} INFO - Processing file /opt/airflow/dags/setup_pagila_sakila.py for tasks to queue
[2026-08-25T11:49:57.185+0000] {logging_mixin.py:188} INFO - [2026-08-25T11:49:57.184+0000] {dagbag.py:538} INFO - Filling up the DagBag from /opt/airflow/dags/setup_pagila_sakila.py
[2026-08-25T11:49:57.202+0000] {processor.py:840} INFO - DAG(s) 'setup_pagila_sakila' retrieved from /opt/airflow/dags/setup_pagila_sakila.py
[2026-08-25T11:49:57.227+0000] {logging_mixin.py:188} INFO - [2026-08-25T11:49:57.227+0000] {dag.py:3036} INFO - Sync 1 DAGs
[2026-08-25T11:49:57.240+0000] {logging_mixin.py:188} INFO - [2026-08-25T11:49:57.240+0000] {dag.py:3823} INFO - Setting next_dagrun for setup_pagila_sakila to None, run_after=None
[2026-08-25T11:49:57.258+0000] {processor.py:183} INFO - Processing /opt/airflow/dags/setup_pagila_sakila.py took 0.080 seconds
[2026-08-25T11:50:27.386+0000] {processor.py:161} INFO - Started process (PID=520) to work on /opt/airflow/dags/setup_pagila_sakila.py
[2026-08-25T11:50:27.387+0000] {processor.py:830} INFO - Processing file /opt/airflow/dags/setup_pagila_sakila.py for tasks to queue
[2026-08-25T11:50:27.389+0000] {logging_mixin.py:188} INFO - [2026-08-25T11:50:27.388+0000] {dagbag.py:538} INFO - Filling up the DagBag from /opt/airflow/dags/setup_pagila_sakila.py
[2026-08-25T11:50:27.406+0000] {processor.py:840} INFO - DAG(s) 'setup_pagila_sakila' retrieved from /opt/airflow/dags/setup_pagila_sakila.py
[2026-08-25T11:50:27.438+0000] {logging_mixin.py:188} INFO - [2026-08-25T11:50:27.438+0000] {dag.py:3036} INFO - Sync 1 DAGs
[2026-08-25T11:50:27.452+0000] {logging_mixin.py:188} INFO - [2026-08-25T11:50:27.452+0000] {dag.py:3823} INFO - Setting next_dagrun for setup_pagila_sakila to None, run_after=None
[2026-08-25T11:50:27.478+0000] {processor.py:183} INFO - Processing /opt/airflow/dags/setup_pagila_sakila.py took 0.095 seconds
[2026-08-25T11:50:57.542+0000] {processor.py:161} INFO - Started process (PID=525) to work on /opt/airflow/dags/setup_pagila_sakila.py
[2026-08-25T11:50:57.543+0000] {processor.py:830} INFO - Processing file /opt/airflow/dags/setup_pagila_sakila.py for tasks to queue
[2026-08-25T11:50:57.545+0000] {logging_mixin.py:188} INFO - [2026-08-25T11:50:57.544+0000] {dagbag.py:538} INFO - Filling up the DagBag from /opt/airflow/dags/setup_pagila_sakila.py
[2026-08-25T11:50:57.562+0000] {processor.py:840} INFO - DAG(s) 'setup_pagila_sakila' retrieved from /opt/airflow/dags/setup_pagila_sakila.py
[2026-08-25T11:50:57.591+0000] {logging_mixin.py:188} INFO - [2026-08-25T11:50:57.590+0000] {dag.py:3036} INFO - Sync 1 DAGs
[2026-08-25T11:50:57.604+0000] {logging_mixin.py:188} INFO - [2026-08-25T11:50:57.604+0000] {dag.py:3823} INFO - Setting next_dagrun for setup_pagila_sakila to None, run_after=None
[2026-08-25T11:50:57.630+0000] {processor.py:183} INFO - Processing /opt/airflow/dags/setup_pagila_sakila.py took 0.091 seconds
[2026-08-25T11:51:27.787+0000] {processor.py:161} INFO - Started process (PID=530) to work on /opt/airflow/dags/setup_pagila_sakila.py
[2026-08-25T11:51:27.788+0000] {processor.py:830} INFO - Processing file /opt/airflow/dags/setup_pagila_sakila.py for tasks to queue
[2026-08-25T11:51:27.790+0000] {logging_mixin.py:188} INFO - [2026-08-25T11:51:27.789+0000] {dagbag.py:538} INFO - Filling up the DagBag from /opt/airflow/dags/setup_pagila_sakila.py
[2026-08-25T11:51:27.808+0000] {processor.py:840} INFO - DAG(s) 'setup_pagila_sakila' retrieved from /opt/airflow/dags/setup_pagila_sakila.py
[2026-08-25T11:51:27.837+0000] {logging_mixin.py:188} INFO - [2026-08-25T11:51:27.837+0000] {dag.py:3036} INFO - Sync 1 DAGs
[2026-08-25T11:51:27.851+0000] {logging_mixin.py:188} INFO - [2026-08-25T11:51:27.851+0000] {dag.py:3823} INFO - Setting next_dagrun for setup_pagila_sakila to None, run_after=None
[2026-08-25T11:51:27.876+0000] {processor.py:183} INFO - Processing /opt/airflow/dags/setup_pagila_sakila.py took 0.091 seconds
[2026-08-25T11:51:57.985+0000] {processor.py:161} INFO - Started process (PID=535) to work on /opt/airflow/dags/setup_pagila_sakila.py
[2026-08-25T11:51:57.987+0000] {processor.py:830} INFO - Processing file /opt/airflow/dags/setup_pagila_sakila.py for tasks to queue
[2026-08-25T11:51:57.988+0000] {logging_mixin.py:188} INFO - [2026-08-25T11:51:57.988+0000] {dagbag.py:538} INFO - Filling up the DagBag from /opt/airflow/dags/setup_pagila_sakila.py
[2026-08-25T11:51:58.006+0000] {processor.py:840} INFO - DAG(s) 'setup_pagila_sakila' retrieved from /opt/airflow/dags/setup_pagila_sakila.py
[2026-08-25T11:51:58.035+0000] {logging_mixin.py:188} INFO - [2026-08-25T11:51:58.035+0000] {dag.py:3036} INFO - Sync 1 DAGs
[2026-08-25T11:51:58.048+0000] {logging_mixin.py:188} INFO - [2026-08-25T11:51:58.047+0000] {dag.py:3823} INFO - Setting next_dagrun for setup_pagila_sakila to None, run_after=None
[2026-08-25T11:51:58.065+0000] {processor.py:183} INFO - Processing /opt/airflow/dags/setup_pagila_sakila.py took 0.083 seconds
[2026-08-25T11:52:28.172+0000] {processor.py:161} INFO - Started process (PID=540) to work on /opt/airflow/dags/setup_pagila_sakila.py
[2026-08-25T11:52:28.174+0000] {processor.py:830} INFO - Processing file /opt/airflow/dags/setup_pagila_sakila.py for tasks to queue
[2026-08-25T11:52:28.175+0000] {logging_mixin.py:188} INFO - [2026-08-25T11:52:28.175+0000] {dagbag.py:538} INFO - Filling up the DagBag from /opt/airflow/dags/setup_pagila_sakila.py
[2026-08-25T11:52:28.195+0000] {processor.py:840} INFO - DAG(s) 'setup_pagila_sakila' retrieved from /opt/airflow/dags/setup_pagila_sakila.py
[2026-08-25T11:52:28.224+0000] {logging_mixin.py:188} INFO - [2026-08-25T11:52:28.224+0000] {dag.py:3036} INFO - Sync 1 DAGs
[2026-08-25T11:52:28.239+0000] {logging_mixin.py:188} INFO - [2026-08-25T11:52:28.238+0000] {dag.py:3823} INFO - Setting next_dagrun for setup_pagila_sakila to None, run_after=None
[2026-08-25T11:52:28.258+0000] {processor.py:183} INFO - Processing /opt/airflow/dags/setup_pagila_sakila.py took 0.091 seconds
[2026-08-25T11:52:58.369+0000] {processor.py:161} INFO - Started process (PID=545) to work on /opt/airflow/dags/setup_pagila_sakila.py
[2026-08-25T11:52:58.370+0000] {processor.py:830} INFO - Processing file /opt/airflow/dags/setup_pagila_sakila.py for tasks to queue
[2026-08-25T11:52:58.373+0000] {logging_mixin.py:188} INFO - [2026-08-25T11:52:58.372+0000] {dagbag.py:538} INFO - Filling up the DagBag from /opt/airflow/dags/setup_pagila_sakila.py
[2026-08-25T11:52:58.396+0000] {processor.py:840} INFO - DAG(s) 'setup_pagila_sakila' retrieved from /opt/airflow/dags/setup_pagila_sakila.py
[2026-08-25T11:52:58.428+0000] {logging_mixin.py:188} INFO - [2026-08-25T11:52:58.428+0000] {dag.py:3036} INFO - Sync 1 DAGs
[2026-08-25T11:52:58.444+0000] {logging_mixin.py:188} INFO - [2026-08-25T11:52:58.444+0000] {dag.py:3823} INFO - Setting next_dagrun for setup_pagila_sakila to None, run_after=None
[2026-08-25T11:52:58.465+0000] {processor.py:183} INFO - Processing /opt/airflow/dags/setup_pagila_sakila.py took 0.101 seconds
[2026-08-25T11:53:28.526+0000] {processor.py:161} INFO - Started process (PID=550) to work on /opt/airflow/dags/setup_pagila_sakila.py
[2026-08-25T11:53:28.527+0000] {processor.py:830} INFO - Processing file /opt/airflow/dags/setup_pagila_sakila.py for tasks to queue
[2026-08-25T11:53:28.528+0000] {logging_mixin.py:188} INFO - [2026-08-25T11:53:28.528+0000] {dagbag.py:538} INFO - Filling up the DagBag from /opt/airflow/dags/setup_pagila_sakila.py
[2026-08-25T11:53:28.543+0000] {processor.py:840} INFO - DAG(s) 'setup_pagila_sakila' retrieved from /opt/airflow/dags/setup_pagila_sakila.py
[2026-08-25T11:53:28.571+0000] {logging_mixin.py:188} INFO - [2026-08-25T11:53:28.571+0000] {dag.py:3036} INFO - Sync 1 DAGs
[2026-08-25T11:53:28.585+0000] {logging_mixin.py:188} INFO - [2026-08-25T11:53:28.585+0000] {dag.py:3823} INFO - Setting next_dagrun for setup_pagila_sakila to None, run_after=None
[2026-08-25T11:53:28.603+0000] {processor.py:183} INFO - Processing /opt/airflow/dags/setup_pagila_sakila.py took 0.080 seconds
[2026-08-25T11:53:58.754+0000] {processor.py:161} INFO - Started process (PID=555) to work on /opt/airflow/dags/setup_pagila_sakila.py
[2026-08-25T11:53:58.755+0000] {processor.py:830} INFO - Processing file /opt/airflow/dags/setup_pagila_sakila.py for tasks to queue
[2026-08-25T11:53:58.756+0000] {logging_mixin.py:188} INFO - [2026-08-25T11:53:58.756+0000] {dagbag.py:538} INFO - Filling up the DagBag from /opt/airflow/dags/setup_pagila_sakila.py
[2026-08-25T11:53:58.772+0000] {processor.py:840} INFO - DAG(s) 'setup_pagila_sakila' retrieved from /opt/airflow/dags/setup_pagila_sakila.py
[2026-08-25T11:53:58.801+0000] {logging_mixin.py:188} INFO - [2026-08-25T11:53:58.800+0000] {dag.py:3036} INFO - Sync 1 DAGs
[2026-08-25T11:53:58.814+0000] {logging_mixin.py:188} INFO - [2026-08-25T11:53:58.813+0000] {dag.py:3823} INFO - Setting next_dagrun for setup_pagila_sakila to None, run_after=None
[2026-08-25T11:53:58.832+0000] {processor.py:183} INFO - Processing /opt/airflow/dags/setup_pagila_sakila.py took 0.081 seconds
[2026-08-25T11:54:28.926+0000] {processor.py:161} INFO - Started process (PID=560) to work on /opt/airflow/dags/setup_pagila_sakila.py
[2026-08-25T11:54:28.927+0000] {processor.py:830} INFO - Processing file /opt/airflow/dags/setup_pagila_sakila.py for tasks to queue
[2026-08-25T11:54:28.928+0000] {logging_mixin.py:188} INFO - [2026-08-25T11:54:28.928+0000] {dagbag.py:538} INFO - Filling up the DagBag from /opt/airflow/dags/setup_pagila_sakila.py
[2026-08-25T11:54:28.942+0000] {processor.py:840} INFO - DAG(s) 'setup_pagila_sakila' retrieved from /opt/airflow/dags/setup_pagila_sakila.py
[2026-08-25T11:54:28.969+0000] {logging_mixin.py:188} INFO - [2026-08-25T11:54:28.969+0000] {dag.py:3036} INFO - Sync 1 DAGs
[2026-08-25T11:54:28.983+0000] {logging_mixin.py:188} INFO - [2026-08-25T11:54:28.982+0000] {dag.py:3823} INFO - Setting next_dagrun for setup_pagila_sakila to None, run_after=None
[2026-08-25T11:54:29.000+0000] {processor.py:183} INFO - Processing /opt/airflow/dags/setup_pagila_sakila.py took 0.077 seconds
[2026-08-25T11:54:59.101+0000] {processor.py:161} INFO - Started process (PID=565) to work on /opt/airflow/dags/setup_pagila_sakila.py
[2026-08-25T11:54:59.102+0000] {processor.py:830} INFO - Processing file /opt/airflow/dags/setup_pagila_sakila.py for tasks to queue
[2026-08-25T11:54:59.104+0000] {logging_mixin.py:188} INFO - [2026-08-25T11:54:59.103+0000] {dagbag.py:538} INFO - Filling up the DagBag from /opt/airflow/dags/setup_pagila_sakila.py
[2026-08-25T11:54:59.126+0000] {processor.py:840} INFO - DAG(s) 'setup_pagila_sakila' retrieved from /opt/airflow/dags/setup_pagila_sakila.py
[2026-08-25T11:54:59.160+0000] {logging_mixin.py:188} INFO - [2026-08-25T11:54:59.160+0000] {dag.py:3036} INFO - Sync 1 DAGs
[2026-08-25T11:54:59.174+0000] {logging_mixin.py:188} INFO - [2026-08-25T11:54:59.174+0000] {dag.py:3823} INFO - Setting next_dagrun for setup_pagila_sakila to None, run_after=None
[2026-08-25T11:54:59.193+0000] {processor.py:183} INFO - Processing /opt/airflow/dags/setup_pagila_sakila.py took 0.096 seconds
[2026-08-25T11:55:29.275+0000] {processor.py:161} INFO - Started process (PID=570) to work on /opt/airflow/dags/setup_pagila_sakila.py
[2026-08-25T11:55:29.276+0000] {processor.py:830} INFO - Processing file /opt/airflow/dags/setup_pagila_sakila.py for tasks to queue
[2026-08-25T11:55:29.278+0000] {logging_mixin.py:188} INFO - [2026-08-25T11:55:29.278+0000] {dagbag.py:538} INFO - Filling up the DagBag from /opt/airflow/dags/setup_pagila_sakila.py
[2026-08-25T11:55:29.292+0000] {processor.py:840} INFO - DAG(s) 'setup_pagila_sakila' retrieved from /opt/airflow/dags/setup_pagila_sakila.py
[2026-08-25T11:55:29.318+0000] {logging_mixin.py:188} INFO - [2026-08-25T11:55:29.318+0000] {dag.py:3036} INFO - Sync 1 DAGs
[2026-08-25T11:55:29.331+0000] {logging_mixin.py:188} INFO - [2026-08-25T11:55:29.330+0000] {dag.py:3823} INFO - Setting next_dagrun for setup_pagila_sakila to None, run_after=None
[2026-08-25T11:55:29.347+0000] {processor.py:183} INFO - Processing /opt/airflow/dags/setup_pagila_sakila.py took 0.075 seconds
[2026-08-25T11:55:59.471+0000] {processor.py:161} INFO - Started process (PID=575) to work on /opt/airflow/dags/setup_pagila_sakila.py
[2026-08-25T11:55:59.472+0000] {processor.py:830} INFO - Processing file /opt/airflow/dags/setup_pagila_sakila.py for tasks to queue
[2026-08-25T11:55:59.473+0000] {logging_mixin.py:188} INFO - [2026-08-25T11:55:59.473+0000] {dagbag.py:538} INFO - Filling up the DagBag from /opt/airflow/dags/setup_pagila_sakila.py
[2026-08-25T11:55:59.487+0000] {processor.py:840} INFO - DAG(s) 'setup_pagila_sakila' retrieved from /opt/airflow/dags/setup_pagila_sakila.py
[2026-08-25T11:55:59.520+0000] {logging_mixin.py:188} INFO - [2026-08-25T11:55:59.520+0000] {dag.py:3036} INFO - Sync 1 DAGs
[2026-08-25T11:55:59.534+0000] {logging_mixin.py:188} INFO - [2026-08-25T11:55:59.534+0000] {dag.py:3823} INFO - Setting next_dagrun for setup_pagila_sakila to None, run_after=None
[2026-08-25T11:55:59.553+0000] {processor.py:183} INFO - Processing /opt/airflow/dags/setup_pagila_sakila.py took 0.085 seconds
[2026-08-25T11:56:29.650+0000] {processor.py:161} INFO - Started process (PID=580) to work on /opt/airflow/dags/setup_pagila_sakila.py
[2026-08-25T11:56:29.652+0000] {processor.py:830} INFO - Processing file /opt/airflow/dags/setup_pagila_sakila.py for tasks to queue
[2026-08-25T11:56:29.654+0000] {logging_mixin.py:188} INFO - [2026-08-25T11:56:29.653+0000] {dagbag.py:538} INFO - Filling up the DagBag from /opt/airflow/dags/setup_pagila_sakila.py
[2026-08-25T11:56:29.697+0000] {processor.py:840} INFO - DAG(s) 'setup_pagila_sakila' retrieved from /opt/airflow/dags/setup_pagila_sakila.py
[2026-08-25T11:56:29.746+0000] {logging_mixin.py:188} INFO - [2026-08-25T11:56:29.746+0000] {dag.py:3036} INFO - Sync 1 DAGs
[2026-08-25T11:56:29.779+0000] {logging_mixin.py:188} INFO - [2026-08-25T11:56:29.778+0000] {dag.py:3823} INFO - Setting next_dagrun for setup_pagila_sakila to None, run_after=None
[2026-08-25T11:56:29.808+0000] {processor.py:183} INFO - Processing /opt/airflow/dags/setup_pagila_sakila.py took 0.181 seconds
[2026-08-25T11:56:59.986+0000] {processor.py:161} INFO - Started process (PID=585) to work on /opt/airflow/dags/setup_pagila_sakila.py
[2026-08-25T11:56:59.987+0000] {processor.py:830} INFO - Processing file /opt/airflow/dags/setup_pagila_sakila.py for tasks to queue
[2026-08-25T11:56:59.989+0000] {logging_mixin.py:188} INFO - [2026-08-25T11:56:59.989+0000] {dagbag.py:538} INFO - Filling up the DagBag from /opt/airflow/dags/setup_pagila_sakila.py
[2026-08-25T11:57:00.003+0000] {processor.py:840} INFO - DAG(s) 'setup_pagila_sakila' retrieved from /opt/airflow/dags/setup_pagila_sakila.py
[2026-08-25T11:57:00.035+0000] {logging_mixin.py:188} INFO - [2026-08-25T11:57:00.035+0000] {dag.py:3036} INFO - Sync 1 DAGs
[2026-08-25T11:57:00.050+0000] {logging_mixin.py:188} INFO - [2026-08-25T11:57:00.049+0000] {dag.py:3823} INFO - Setting next_dagrun for setup_pagila_sakila to None, run_after=None
[2026-08-25T11:57:00.067+0000] {processor.py:183} INFO - Processing /opt/airflow/dags/setup_pagila_sakila.py took 0.084 seconds
[2026-08-25T11:57:30.128+0000] {processor.py:161} INFO - Started process (PID=590) to work on /opt/airflow/dags/setup_pagila_sakila.py
[2026-08-25T11:57:30.129+0000] {processor.py:830} INFO - Processing file /opt/airflow/dags/setup_pagila_sakila.py for tasks to queue
[2026-08-25T11:57:30.131+0000] {logging_mixin.py:188} INFO - [2026-08-25T11:57:30.130+0000] {dagbag.py:538} INFO - Filling up the DagBag from /opt/airflow/dags/setup_pagila_sakila.py
[2026-08-25T11:57:30.147+0000] {processor.py:840} INFO - DAG(s) 'setup_pagila_sakila' retrieved from /opt/airflow/dags/setup_pagila_sakila.py
[2026-08-25T11:57:30.177+0000] {logging_mixin.py:188} INFO - [2026-08-25T11:57:30.176+0000] {dag.py:3036} INFO - Sync 1 DAGs
[2026-08-25T11:57:30.191+0000] {logging_mixin.py:188} INFO - [2026-08-25T11:57:30.190+0000] {dag.py:3823} INFO - Setting next_dagrun for setup_pagila_sakila to None, run_after=None
[2026-08-25T11:57:30.209+0000] {processor.py:183} INFO - Processing /opt/airflow/dags/setup_pagila_sakila.py took 0.083 seconds
[2026-08-25T11:58:00.339+0000] {processor.py:161} INFO - Started process (PID=595) to work on /opt/airflow/dags/setup_pagila_sakila.py
[2026-08-25T11:58:00.341+0000] {processor.py:830} INFO - Processing file /opt/airflow/dags/setup_pagila_sakila.py for tasks to queue
[2026-08-25T11:58:00.342+0000] {logging_mixin.py:188} INFO - [2026-08-25T11:58:00.342+0000] {dagbag.py:538} INFO - Filling up the DagBag from /opt/airflow/dags/setup_pagila_sakila.py
[2026-08-25T11:58:00.376+0000] {processor.py:840} INFO - DAG(s) 'setup_pagila_sakila' retrieved from /opt/airflow/dags/setup_pagila_sakila.py
[2026-08-25T11:58:00.420+0000] {logging_mixin.py:188} INFO - [2026-08-25T11:58:00.420+0000] {dag.py:3036} INFO - Sync 1 DAGs
[2026-08-25T11:58:00.449+0000] {logging_mixin.py:188} INFO - [2026-08-25T11:58:00.449+0000] {dag.py:3823} INFO - Setting next_dagrun for setup_pagila_sakila to None, run_after=None
[2026-08-25T11:58:00.483+0000] {processor.py:183} INFO - Processing /opt/airflow/dags/setup_pagila_sakila.py took 0.147 seconds
[2026-08-25T11:58:30.629+0000] {processor.py:161} INFO - Started process (PID=600) to work on /opt/airflow/dags/setup_pagila_sakila.py
[2026-08-25T11:58:30.631+0000] {processor.py:830} INFO - Processing file /opt/airflow/dags/setup_pagila_sakila.py for tasks to queue
[2026-08-25T11:58:30.632+0000] {logging_mixin.py:188} INFO - [2026-08-25T11:58:30.632+0000] {dagbag.py:538} INFO - Filling up the DagBag from /opt/airflow/dags/setup_pagila_sakila.py
[2026-08-25T11:58:30.653+0000] {processor.py:840} INFO - DAG(s) 'setup_pagila_sakila' retrieved from /opt/airflow/dags/setup_pagila_sakila.py
[2026-08-25T11:58:30.685+0000] {logging_mixin.py:188} INFO - [2026-08-25T11:58:30.685+0000] {dag.py:3036} INFO - Sync 1 DAGs
[2026-08-25T11:58:30.700+0000] {logging_mixin.py:188} INFO - [2026-08-25T11:58:30.699+0000] {dag.py:3823} INFO - Setting next_dagrun for setup_pagila_sakila to None, run_after=None
[2026-08-25T11:58:30.719+0000] {processor.py:183} INFO - Processing /opt/airflow/dags/setup_pagila_sakila.py took 0.095 seconds
[2026-08-25T11:59:00.792+0000] {processor.py:161} INFO - Started process (PID=605) to work on /opt/airflow/dags/setup_pagila_sakila.py
[2026-08-25T11:59:00.794+0000] {processor.py:830} INFO - Processing file /opt/airflow/dags/setup_pagila_sakila.py for tasks to queue
[2026-08-25T11:59:00.795+0000] {logging_mixin.py:188} INFO - [2026-08-25T11:59:00.795+0000] {dagbag.py:538} INFO - Filling up the DagBag from /opt/airflow/dags/setup_pagila_sakila.py
[2026-08-25T11:59:00.817+0000] {processor.py:840} INFO - DAG(s) 'setup_pagila_sakila' retrieved from /opt/airflow/dags/setup_pagila_sakila.py
[2026-08-25T11:59:00.859+0000] {logging_mixin.py:188} INFO - [2026-08-25T11:59:00.858+0000] {dag.py:3036} INFO - Sync 1 DAGs
[2026-08-25T11:59:00.876+0000] {logging_mixin.py:188} INFO - [2026-08-25T11:59:00.875+0000] {dag.py:3823} INFO - Setting next_dagrun for setup_pagila_sakila to None, run_after=None
[2026-08-25T11:59:00.895+0000] {processor.py:183} INFO - Processing /opt/airflow/dags/setup_pagila_sakila.py took 0.107 seconds
[2026-08-25T11:59:31.022+0000] {processor.py:161} INFO - Started process (PID=610) to work on /opt/airflow/dags/setup_pagila_sakila.py
[2026-08-25T11:59:31.023+0000] {processor.py:830} INFO - Processing file /opt/airflow/dags/setup_pagila_sakila.py for tasks to queue
[2026-08-25T11:59:31.025+0000] {logging_mixin.py:188} INFO - [2026-08-25T11:59:31.025+0000] {dagbag.py:538} INFO - Filling up the DagBag from /opt/airflow/dags/setup_pagila_sakila.py
[2026-08-25T11:59:31.043+0000] {processor.py:840} INFO - DAG(s) 'setup_pagila_sakila' retrieved from /opt/airflow/dags/setup_pagila_sakila.py
[2026-08-25T11:59:31.081+0000] {logging_mixin.py:188} INFO - [2026-08-25T11:59:31.081+0000] {dag.py:3036} INFO - Sync 1 DAGs
[2026-08-25T11:59:31.100+0000] {logging_mixin.py:188} INFO - [2026-08-25T11:59:31.100+0000] {dag.py:3823} INFO - Setting next_dagrun for setup_pagila_sakila to None, run_after=None
[2026-08-25T11:59:31.131+0000] {processor.py:183} INFO - Processing /opt/airflow/dags/setup_pagila_sakila.py took 0.113 seconds
[2026-08-25T12:00:01.203+0000] {processor.py:161} INFO - Started process (PID=615) to work on /opt/airflow/dags/setup_pagila_sakila.py
[2026-08-25T12:00:01.204+0000] {processor.py:830} INFO - Processing file /opt/airflow/dags/setup_pagila_sakila.py for tasks to queue
[2026-08-25T12:00:01.206+0000] {logging_mixin.py:188} INFO - [2026-08-25T12:00:01.205+0000] {dagbag.py:538} INFO - Filling up the DagBag from /opt/airflow/dags/setup_pagila_sakila.py
[2026-08-25T12:00:01.223+0000] {processor.py:840} INFO - DAG(s) 'setup_pagila_sakila' retrieved from /opt/airflow/dags/setup_pagila_sakila.py
[2026-08-25T12:00:01.250+0000] {logging_mixin.py:188} INFO - [2026-08-25T12:00:01.250+0000] {dag.py:3036} INFO - Sync 1 DAGs
[2026-08-25T12:00:01.263+0000] {logging_mixin.py:188} INFO - [2026-08-25T12:00:01.263+0000] {dag.py:3823} INFO - Setting next_dagrun for setup_pagila_sakila to None, run_after=None
[2026-08-25T12:00:01.287+0000] {processor.py:183} INFO - Processing /opt/airflow/dags/setup_pagila_sakila.py took 0.086 seconds
[2026-08-25T12:00:31.420+0000] {processor.py:161} INFO - Started process (PID=620) to work on /opt/airflow/dags/setup_pagila_sakila.py
[2026-08-25T12:00:31.421+0000] {processor.py:830} INFO - Processing file /opt/airflow/dags/setup_pagila_sakila.py for tasks to queue
[2026-08-25T12:00:31.423+0000] {logging_mixin.py:188} INFO - [2026-08-25T12:00:31.422+0000] {dagbag.py:538} INFO - Filling up the DagBag from /opt/airflow/dags/setup_pagila_sakila.py
[2026-08-25T12:00:31.440+0000] {processor.py:840} INFO - DAG(s) 'setup_pagila_sakila' retrieved from /opt/airflow/dags/setup_pagila_sakila.py
[2026-08-25T12:00:31.473+0000] {logging_mixin.py:188} INFO - [2026-08-25T12:00:31.473+0000] {dag.py:3036} INFO - Sync 1 DAGs
[2026-08-25T12:00:31.495+0000] {logging_mixin.py:188} INFO - [2026-08-25T12:00:31.495+0000] {dag.py:3823} INFO - Setting next_dagrun for setup_pagila_sakila to None, run_after=None
[2026-08-25T12:00:31.527+0000] {processor.py:183} INFO - Processing /opt/airflow/dags/setup_pagila_sakila.py took 0.110 seconds
[2026-08-25T12:01:01.584+0000] {processor.py:161} INFO - Started process (PID=625) to work on /opt/airflow/dags/setup_pagila_sakila.py
[2026-08-25T12:01:01.586+0000] {processor.py:830} INFO - Processing file /opt/airflow/dags/setup_pagila_sakila.py for tasks to queue
[2026-08-25T12:01:01.587+0000] {logging_mixin.py:188} INFO - [2026-08-25T12:01:01.587+0000] {dagbag.py:538} INFO - Filling up the DagBag from /opt/airflow/dags/setup_pagila_sakila.py
[2026-08-25T12:01:01.604+0000] {processor.py:840} INFO - DAG(s) 'setup_pagila_sakila' retrieved from /opt/airflow/dags/setup_pagila_sakila.py
[2026-08-25T12:01:01.638+0000] {logging_mixin.py:188} INFO - [2026-08-25T12:01:01.638+0000] {dag.py:3036} INFO - Sync 1 DAGs
[2026-08-25T12:01:01.664+0000] {logging_mixin.py:188} INFO - [2026-08-25T12:01:01.664+0000] {dag.py:3823} INFO - Setting next_dagrun for setup_pagila_sakila to None, run_after=None
[2026-08-25T12:01:01.684+0000] {processor.py:183} INFO - Processing /opt/airflow/dags/setup_pagila_sakila.py took 0.104 seconds
[2026-08-25T12:01:31.826+0000] {processor.py:161} INFO - Started process (PID=630) to work on /opt/airflow/dags/setup_pagila_sakila.py
[2026-08-25T12:01:31.827+0000] {processor.py:830} INFO - Processing file /opt/airflow/dags/setup_pagila_sakila.py for tasks to queue
[2026-08-25T12:01:31.828+0000] {logging_mixin.py:188} INFO - [2026-08-25T12:01:31.828+0000] {dagbag.py:538} INFO - Filling up the DagBag from /opt/airflow/dags/setup_pagila_sakila.py
[2026-08-25T12:01:31.842+0000] {processor.py:840} INFO - DAG(s) 'setup_pagila_sakila' retrieved from /opt/airflow/dags/setup_pagila_sakila.py
[2026-08-25T12:01:31.870+0000] {logging_mixin.py:188} INFO - [2026-08-25T12:01:31.870+0000] {dag.py:3036} INFO - Sync 1 DAGs
[2026-08-25T12:01:31.885+0000] {logging_mixin.py:188} INFO - [2026-08-25T12:01:31.885+0000] {dag.py:3823} INFO - Setting next_dagrun for setup_pagila_sakila to None, run_after=None
[2026-08-25T12:01:31.906+0000] {processor.py:183} INFO - Processing /opt/airflow/dags/setup_pagila_sakila.py took 0.082 seconds
[2026-08-25T12:02:01.999+0000] {processor.py:161} INFO - Started process (PID=635) to work on /opt/airflow/dags/setup_pagila_sakila.py
[2026-08-25T12:02:02.001+0000] {processor.py:830} INFO - Processing file /opt/airflow/dags/setup_pagila_sakila.py for tasks to queue
[2026-08-25T12:02:02.002+0000] {logging_mixin.py:188} INFO - [2026-08-25T12:02:02.002+0000] {dagbag.py:538} INFO - Filling up the DagBag from /opt/airflow/dags/setup_pagila_sakila.py
[2026-08-25T12:02:02.024+0000] {processor.py:840} INFO - DAG(s) 'setup_pagila_sakila' retrieved from /opt/airflow/dags/setup_pagila_sakila.py
[2026-08-25T12:02:02.058+0000] {logging_mixin.py:188} INFO - [2026-08-25T12:02:02.057+0000] {dag.py:3036} INFO - Sync 1 DAGs
[2026-08-25T12:02:02.074+0000] {logging_mixin.py:188} INFO - [2026-08-25T12:02:02.074+0000] {dag.py:3823} INFO - Setting next_dagrun for setup_pagila_sakila to None, run_after=None
[2026-08-25T12:02:02.102+0000] {processor.py:183} INFO - Processing /opt/airflow/dags/setup_pagila_sakila.py took 0.107 seconds
[2026-08-25T12:02:32.210+0000] {processor.py:161} INFO - Started process (PID=640) to work on /opt/airflow/dags/setup_pagila_sakila.py
[2026-08-25T12:02:32.211+0000] {processor.py:830} INFO - Processing file /opt/airflow/dags/setup_pagila_sakila.py for tasks to queue
[2026-08-25T12:02:32.212+0000] {logging_mixin.py:188} INFO - [2026-08-25T12:02:32.212+0000] {dagbag.py:538} INFO - Filling up the DagBag from /opt/airflow/dags/setup_pagila_sakila.py
[2026-08-25T12:02:32.231+0000] {processor.py:840} INFO - DAG(s) 'setup_pagila_sakila' retrieved from /opt/airflow/dags/setup_pagila_sakila.py
[2026-08-25T12:02:32.259+0000] {logging_mixin.py:188} INFO - [2026-08-25T12:02:32.259+0000] {dag.py:3036} INFO - Sync 1 DAGs
[2026-08-25T12:02:32.273+0000] {logging_mixin.py:188} INFO - [2026-08-25T12:02:32.273+0000] {dag.py:3823} INFO - Setting next_dagrun for setup_pagila_sakila to None, run_after=None
[2026-08-25T12:02:32.297+0000] {processor.py:183} INFO - Processing /opt/airflow/dags/setup_pagila_sakila.py took 0.092 seconds
[2026-08-25T12:03:02.450+0000] {processor.py:161} INFO - Started process (PID=645) to work on /opt/airflow/dags/setup_pagila_sakila.py
[2026-08-25T12:03:02.450+0000] {processor.py:830} INFO - Processing file /opt/airflow/dags/setup_pagila_sakila.py for tasks to queue
[2026-08-25T12:03:02.452+0000] {logging_mixin.py:188} INFO - [2026-08-25T12:03:02.451+0000] {dagbag.py:538} INFO - Filling up the DagBag from /opt/airflow/dags/setup_pagila_sakila.py
[2026-08-25T12:03:02.465+0000] {processor.py:840} INFO - DAG(s) 'setup_pagila_sakila' retrieved from /opt/airflow/dags/setup_pagila_sakila.py
[2026-08-25T12:03:02.489+0000] {logging_mixin.py:188} INFO - [2026-08-25T12:03:02.489+0000] {dag.py:3036} INFO - Sync 1 DAGs
[2026-08-25T12:03:02.502+0000] {logging_mixin.py:188} INFO - [2026-08-25T12:03:02.502+0000] {dag.py:3823} INFO - Setting next_dagrun for setup_pagila_sakila to None, run_after=None
[2026-08-25T12:03:02.527+0000] {processor.py:183} INFO - Processing /opt/airflow/dags/setup_pagila_sakila.py took 0.080 seconds
[2026-08-25T12:03:32.600+0000] {processor.py:161} INFO - Started process (PID=650) to work on /opt/airflow/dags/setup_pagila_sakila.py
[2026-08-25T12:03:32.601+0000] {processor.py:830} INFO - Processing file /opt/airflow/dags/setup_pagila_sakila.py for tasks to queue
[2026-08-25T12:03:32.603+0000] {logging_mixin.py:188} INFO - [2026-08-25T12:03:32.603+0000] {dagbag.py:538} INFO - Filling up the DagBag from /opt/airflow/dags/setup_pagila_sakila.py
[2026-08-25T12:03:32.620+0000] {processor.py:840} INFO - DAG(s) 'setup_pagila_sakila' retrieved from /opt/airflow/dags/setup_pagila_sakila.py
[2026-08-25T12:03:32.649+0000] {logging_mixin.py:188} INFO - [2026-08-25T12:03:32.648+0000] {dag.py:3036} INFO - Sync 1 DAGs
[2026-08-25T12:03:32.663+0000] {logging_mixin.py:188} INFO - [2026-08-25T12:03:32.663+0000] {dag.py:3823} INFO - Setting next_dagrun for setup_pagila_sakila to None, run_after=None
[2026-08-25T12:03:32.688+0000] {processor.py:183} INFO - Processing /opt/airflow/dags/setup_pagila_sakila.py took 0.092 seconds
[2026-08-25T12:04:02.843+0000] {processor.py:161} INFO - Started process (PID=655) to work on /opt/airflow/dags/setup_pagila_sakila.py
[2026-08-25T12:04:02.844+0000] {processor.py:830} INFO - Processing file /opt/airflow/dags/setup_pagila_sakila.py for tasks to queue
[2026-08-25T12:04:02.845+0000] {logging_mixin.py:188} INFO - [2026-08-25T12:04:02.845+0000] {dagbag.py:538} INFO - Filling up the DagBag from /opt/airflow/dags/setup_pagila_sakila.py
[2026-08-25T12:04:02.860+0000] {processor.py:840} INFO - DAG(s) 'setup_pagila_sakila' retrieved from /opt/airflow/dags/setup_pagila_sakila.py
[2026-08-25T12:04:02.886+0000] {logging_mixin.py:188} INFO - [2026-08-25T12:04:02.885+0000] {dag.py:3036} INFO - Sync 1 DAGs
[2026-08-25T12:04:02.899+0000] {logging_mixin.py:188} INFO - [2026-08-25T12:04:02.899+0000] {dag.py:3823} INFO - Setting next_dagrun for setup_pagila_sakila to None, run_after=None
[2026-08-25T12:04:02.917+0000] {processor.py:183} INFO - Processing /opt/airflow/dags/setup_pagila_sakila.py took 0.077 seconds
[2026-08-25T12:04:33.015+0000] {processor.py:161} INFO - Started process (PID=660) to work on /opt/airflow/dags/setup_pagila_sakila.py
[2026-08-25T12:04:33.016+0000] {processor.py:830} INFO - Processing file /opt/airflow/dags/setup_pagila_sakila.py for tasks to queue
[2026-08-25T12:04:33.018+0000] {logging_mixin.py:188} INFO - [2026-08-25T12:04:33.018+0000] {dagbag.py:538} INFO - Filling up the DagBag from /opt/airflow/dags/setup_pagila_sakila.py
[2026-08-25T12:04:33.036+0000] {processor.py:840} INFO - DAG(s) 'setup_pagila_sakila' retrieved from /opt/airflow/dags/setup_pagila_sakila.py
[2026-08-25T12:04:33.065+0000] {logging_mixin.py:188} INFO - [2026-08-25T12:04:33.065+0000] {dag.py:3036} INFO - Sync 1 DAGs
[2026-08-25T12:04:33.080+0000] {logging_mixin.py:188} INFO - [2026-08-25T12:04:33.080+0000] {dag.py:3823} INFO - Setting next_dagrun for setup_pagila_sakila to None, run_after=None
[2026-08-25T12:04:33.104+0000] {processor.py:183} INFO - Processing /opt/airflow/dags/setup_pagila_sakila.py took 0.093 seconds
[2026-08-25T12:05:03.200+0000] {processor.py:161} INFO - Started process (PID=665) to work on /opt/airflow/dags/setup_pagila_sakila.py
[2026-08-25T12:05:03.202+0000] {processor.py:830} INFO - Processing file /opt/airflow/dags/setup_pagila_sakila.py for tasks to queue
[2026-08-25T12:05:03.203+0000] {logging_mixin.py:188} INFO - [2026-08-25T12:05:03.203+0000] {dagbag.py:538} INFO - Filling up the DagBag from /opt/airflow/dags/setup_pagila_sakila.py
[2026-08-25T12:05:03.220+0000] {processor.py:840} INFO - DAG(s) 'setup_pagila_sakila' retrieved from /opt/airflow/dags/setup_pagila_sakila.py
[2026-08-25T12:05:03.251+0000] {logging_mixin.py:188} INFO - [2026-08-25T12:05:03.251+0000] {dag.py:3036} INFO - Sync 1 DAGs
[2026-08-25T12:05:03.267+0000] {logging_mixin.py:188} INFO - [2026-08-25T12:05:03.266+0000] {dag.py:3823} INFO - Setting next_dagrun for setup_pagila_sakila to None, run_after=None
[2026-08-25T12:05:03.286+0000] {processor.py:183} INFO - Processing /opt/airflow/dags/setup_pagila_sakila.py took 0.090 seconds
[2026-08-25T12:05:33.373+0000] {processor.py:161} INFO - Started process (PID=670) to work on /opt/airflow/dags/setup_pagila_sakila.py
[2026-08-25T12:05:33.374+0000] {processor.py:830} INFO - Processing file /opt/airflow/dags/setup_pagila_sakila.py for tasks to queue
[2026-08-25T12:05:33.376+0000] {logging_mixin.py:188} INFO - [2026-08-25T12:05:33.376+0000] {dagbag.py:538} INFO - Filling up the DagBag from /opt/airflow/dags/setup_pagila_sakila.py
[2026-08-25T12:05:33.394+0000] {processor.py:840} INFO - DAG(s) 'setup_pagila_sakila' retrieved from /opt/airflow/dags/setup_pagila_sakila.py
[2026-08-25T12:05:33.423+0000] {logging_mixin.py:188} INFO - [2026-08-25T12:05:33.423+0000] {dag.py:3036} INFO - Sync 1 DAGs
[2026-08-25T12:05:33.437+0000] {logging_mixin.py:188} INFO - [2026-08-25T12:05:33.437+0000] {dag.py:3823} INFO - Setting next_dagrun for setup_pagila_sakila to None, run_after=None
[2026-08-25T12:05:33.459+0000] {processor.py:183} INFO - Processing /opt/airflow/dags/setup_pagila_sakila.py took 0.090 seconds
[2026-08-25T12:06:03.567+0000] {processor.py:161} INFO - Started process (PID=675) to work on /opt/airflow/dags/setup_pagila_sakila.py
[2026-08-25T12:06:03.568+0000] {processor.py:830} INFO - Processing file /opt/airflow/dags/setup_pagila_sakila.py for tasks to queue
[2026-08-25T12:06:03.569+0000] {logging_mixin.py:188} INFO - [2026-08-25T12:06:03.569+0000] {dagbag.py:538} INFO - Filling up the DagBag from /opt/airflow/dags/setup_pagila_sakila.py
[2026-08-25T12:06:03.585+0000] {processor.py:840} INFO - DAG(s) 'setup_pagila_sakila' retrieved from /opt/airflow/dags/setup_pagila_sakila.py
[2026-08-25T12:06:03.613+0000] {logging_mixin.py:188} INFO - [2026-08-25T12:06:03.612+0000] {dag.py:3036} INFO - Sync 1 DAGs
[2026-08-25T12:06:03.626+0000] {logging_mixin.py:188} INFO - [2026-08-25T12:06:03.626+0000] {dag.py:3823} INFO - Setting next_dagrun for setup_pagila_sakila to None, run_after=None
[2026-08-25T12:06:03.644+0000] {processor.py:183} INFO - Processing /opt/airflow/dags/setup_pagila_sakila.py took 0.080 seconds
[2026-08-25T12:06:33.773+0000] {processor.py:161} INFO - Started process (PID=680) to work on /opt/airflow/dags/setup_pagila_sakila.py
[2026-08-25T12:06:33.774+0000] {processor.py:830} INFO - Processing file /opt/airflow/dags/setup_pagila_sakila.py for tasks to queue
[2026-08-25T12:06:33.776+0000] {logging_mixin.py:188} INFO - [2026-08-25T12:06:33.776+0000] {dagbag.py:538} INFO - Filling up the DagBag from /opt/airflow/dags/setup_pagila_sakila.py
[2026-08-25T12:06:33.801+0000] {processor.py:840} INFO - DAG(s) 'setup_pagila_sakila' retrieved from /opt/airflow/dags/setup_pagila_sakila.py
[2026-08-25T12:06:33.834+0000] {logging_mixin.py:188} INFO - [2026-08-25T12:06:33.834+0000] {dag.py:3036} INFO - Sync 1 DAGs
[2026-08-25T12:06:33.849+0000] {logging_mixin.py:188} INFO - [2026-08-25T12:06:33.849+0000] {dag.py:3823} INFO - Setting next_dagrun for setup_pagila_sakila to None, run_after=None
[2026-08-25T12:06:33.868+0000] {processor.py:183} INFO - Processing /opt/airflow/dags/setup_pagila_sakila.py took 0.100 seconds
[2026-08-25T12:07:03.963+0000] {processor.py:161} INFO - Started process (PID=685) to work on /opt/airflow/dags/setup_pagila_sakila.py
[2026-08-25T12:07:03.965+0000] {processor.py:830} INFO - Processing file /opt/airflow/dags/setup_pagila_sakila.py for tasks to queue
[2026-08-25T12:07:03.967+0000] {logging_mixin.py:188} INFO - [2026-08-25T12:07:03.966+0000] {dagbag.py:538} INFO - Filling up the DagBag from /opt/airflow/dags/setup_pagila_sakila.py
[2026-08-25T12:07:03.987+0000] {processor.py:840} INFO - DAG(s) 'setup_pagila_sakila' retrieved from /opt/airflow/dags/setup_pagila_sakila.py
[2026-08-25T12:07:04.022+0000] {logging_mixin.py:188} INFO - [2026-08-25T12:07:04.021+0000] {dag.py:3036} INFO - Sync 1 DAGs
[2026-08-25T12:07:04.035+0000] {logging_mixin.py:188} INFO - [2026-08-25T12:07:04.035+0000] {dag.py:3823} INFO - Setting next_dagrun for setup_pagila_sakila to None, run_after=None
[2026-08-25T12:07:04.053+0000] {processor.py:183} INFO - Processing /opt/airflow/dags/setup_pagila_sakila.py took 0.095 seconds
[2026-08-25T12:07:34.199+0000] {processor.py:161} INFO - Started process (PID=690) to work on /opt/airflow/dags/setup_pagila_sakila.py
[2026-08-25T12:07:34.200+0000] {processor.py:830} INFO - Processing file /opt/airflow/dags/setup_pagila_sakila.py for tasks to queue
[2026-08-25T12:07:34.201+0000] {logging_mixin.py:188} INFO - [2026-08-25T12:07:34.201+0000] {dagbag.py:538} INFO - Filling up the DagBag from /opt/airflow/dags/setup_pagila_sakila.py
[2026-08-25T12:07:34.219+0000] {processor.py:840} INFO - DAG(s) 'setup_pagila_sakila' retrieved from /opt/airflow/dags/setup_pagila_sakila.py
[2026-08-25T12:07:34.253+0000] {logging_mixin.py:188} INFO - [2026-08-25T12:07:34.253+0000] {dag.py:3036} INFO - Sync 1 DAGs
[2026-08-25T12:07:34.270+0000] {logging_mixin.py:188} INFO - [2026-08-25T12:07:34.270+0000] {dag.py:3823} INFO - Setting next_dagrun for setup_pagila_sakila to None, run_after=None
[2026-08-25T12:07:34.290+0000] {processor.py:183} INFO - Processing /opt/airflow/dags/setup_pagila_sakila.py took 0.094 seconds
